"study_id","participant_id","trial","rating","polarity","sentence_type","gesture_type","event_type","scenario_code","scenario","scenario_suffix","modifier_order","participant_sd","exclusion_threshold","included","exclusion_reason"
"exp1","exp1_150","Neg P 0 A_1",100,"negative","path",,"no_motion","A","leaf","1","path_before_manner",48.8159033947178,15.6688186742463,TRUE,
"exp1","exp1_150","Aff P P D_1",100,"affirmative","path",,"path","D","plank","1","path_before_manner",48.8159033947178,15.6688186742463,TRUE,
"exp1","exp1_150","Aff M C A_1",95,"affirmative","manner",,"conflated","A","leaf","1","path_before_manner",48.8159033947178,15.6688186742463,TRUE,
"exp1","exp1_150","Aff P C B_1",93,"affirmative","path",,"conflated","B","car","1","path_before_manner",48.8159033947178,15.6688186742463,TRUE,
"exp1","exp1_150","Aff C C B_1",92,"affirmative","conflated",,"conflated","B","car","1","path_before_manner",48.8159033947178,15.6688186742463,TRUE,
"exp1","exp1_150","Aff C P C_1",77,"affirmative","conflated",,"path","C","paper","1","path_before_manner",48.8159033947178,15.6688186742463,TRUE,
"exp1","exp1_150","Neg M M E_1",0,"negative","manner",,"manner","E","chair","1","path_before_manner",48.8159033947178,15.6688186742463,TRUE,
"exp1","exp1_150","Neg P M D_1",0,"negative","path",,"manner","D","plank","1","path_before_manner",48.8159033947178,15.6688186742463,TRUE,
"exp1","exp1_150","Neg C M B_1",0,"negative","conflated",,"manner","B","car","1","path_before_manner",48.8159033947178,15.6688186742463,TRUE,
"exp1","exp1_150","Aff C 0 C_1",0,"affirmative","conflated",,"no_motion","C","paper","1","path_before_manner",48.8159033947178,15.6688186742463,TRUE,
"exp1","exp1_150","Neg M C E_1",0,"negative","manner",,"conflated","E","chair","1","path_before_manner",48.8159033947178,15.6688186742463,TRUE,
"exp1","exp1_150","Aff M 0 D_1",0,"affirmative","manner",,"no_motion","D","plank","1","path_before_manner",48.8159033947178,15.6688186742463,TRUE,
"exp1","exp1_149","Aff M M E_1",100,"affirmative","manner",,"manner","E","chair","1","path_before_manner",38.2054850893048,15.6688186742463,TRUE,
"exp1","exp1_149","Neg M 0 B_1",80,"negative","manner",,"no_motion","B","car","1","path_before_manner",38.2054850893048,15.6688186742463,TRUE,
"exp1","exp1_149","Aff P M B_1",75,"affirmative","path",,"manner","B","car","1","path_before_manner",38.2054850893048,15.6688186742463,TRUE,
"exp1","exp1_149","Aff P 0 D_1",65,"affirmative","path",,"no_motion","D","plank","1","path_before_manner",38.2054850893048,15.6688186742463,TRUE,
"exp1","exp1_149","Aff C M D_1",60,"affirmative","conflated",,"manner","D","plank","1","path_before_manner",38.2054850893048,15.6688186742463,TRUE,
"exp1","exp1_149","Neg M P C_1",60,"negative","manner",,"path","C","paper","1","path_before_manner",38.2054850893048,15.6688186742463,TRUE,
"exp1","exp1_149","Aff M P C_1",55,"affirmative","manner",,"path","C","paper","1","path_before_manner",38.2054850893048,15.6688186742463,TRUE,
"exp1","exp1_149","Neg C C A_1",0,"negative","conflated",,"conflated","A","leaf","1","path_before_manner",38.2054850893048,15.6688186742463,TRUE,
"exp1","exp1_149","Neg C 0 C_1",0,"negative","conflated",,"no_motion","C","paper","1","path_before_manner",38.2054850893048,15.6688186742463,TRUE,
"exp1","exp1_149","Neg P C E_1",0,"negative","path",,"conflated","E","chair","1","path_before_manner",38.2054850893048,15.6688186742463,TRUE,
"exp1","exp1_149","Neg P P E_1",0,"negative","path",,"path","E","chair","1","path_before_manner",38.2054850893048,15.6688186742463,TRUE,
"exp1","exp1_149","Neg C P A_1",0,"negative","conflated",,"path","A","leaf","1","path_before_manner",38.2054850893048,15.6688186742463,TRUE,
"exp1","exp1_148","Neg C 0 A_1",100,"negative","conflated",,"no_motion","A","leaf","1","path_before_manner",48.0967301855901,15.6688186742463,TRUE,
"exp1","exp1_148","Neg M 0 E_1",100,"negative","manner",,"no_motion","E","chair","1","path_before_manner",48.0967301855901,15.6688186742463,TRUE,
"exp1","exp1_148","Aff M M C_1",100,"affirmative","manner",,"manner","C","paper","1","path_before_manner",48.0967301855901,15.6688186742463,TRUE,
"exp1","exp1_148","Neg C P D_1",95,"negative","conflated",,"path","D","plank","1","path_before_manner",48.0967301855901,15.6688186742463,TRUE,
"exp1","exp1_148","Neg M P A_1",90,"negative","manner",,"path","A","leaf","1","path_before_manner",48.0967301855901,15.6688186742463,TRUE,
"exp1","exp1_148","Aff C M B_1",13,"affirmative","conflated",,"manner","B","car","1","path_before_manner",48.0967301855901,15.6688186742463,TRUE,
"exp1","exp1_148","Neg P C C_1",8,"negative","path",,"conflated","C","paper","1","path_before_manner",48.0967301855901,15.6688186742463,TRUE,
"exp1","exp1_148","Aff M P A_1",3,"affirmative","manner",,"path","A","leaf","1","path_before_manner",48.0967301855901,15.6688186742463,TRUE,
"exp1","exp1_148","Neg P P C_1",3,"negative","path",,"path","C","paper","1","path_before_manner",48.0967301855901,15.6688186742463,TRUE,
"exp1","exp1_148","Neg C C D_1",1,"negative","conflated",,"conflated","D","plank","1","path_before_manner",48.0967301855901,15.6688186742463,TRUE,
"exp1","exp1_148","Aff P 0 B_1",0,"affirmative","path",,"no_motion","B","car","1","path_before_manner",48.0967301855901,15.6688186742463,TRUE,
"exp1","exp1_148","Aff P M E_1",0,"affirmative","path",,"manner","E","chair","1","path_before_manner",48.0967301855901,15.6688186742463,TRUE,
"exp1","exp1_147","Aff P C A_1",100,"affirmative","path",,"conflated","A","leaf","1","path_before_manner",50.2667882403481,15.6688186742463,TRUE,
"exp1","exp1_147","Aff M C E_1",100,"affirmative","manner",,"conflated","E","chair","1","path_before_manner",50.2667882403481,15.6688186742463,TRUE,
"exp1","exp1_147","Neg P M C_1",100,"negative","path",,"manner","C","paper","1","path_before_manner",50.2667882403481,15.6688186742463,TRUE,
"exp1","exp1_147","Aff P P C_1",100,"affirmative","path",,"path","C","paper","1","path_before_manner",50.2667882403481,15.6688186742463,TRUE,
"exp1","exp1_147","Aff C C A_1",100,"affirmative","conflated",,"conflated","A","leaf","1","path_before_manner",50.2667882403481,15.6688186742463,TRUE,
"exp1","exp1_147","Neg M M D_1",15,"negative","manner",,"manner","D","plank","1","path_before_manner",50.2667882403481,15.6688186742463,TRUE,
"exp1","exp1_147","Aff C P B_1",4,"affirmative","conflated",,"path","B","car","1","path_before_manner",50.2667882403481,15.6688186742463,TRUE,
"exp1","exp1_147","Aff C 0 B_1",0,"affirmative","conflated",,"no_motion","B","car","1","path_before_manner",50.2667882403481,15.6688186742463,TRUE,
"exp1","exp1_147","Aff M 0 C_1",0,"affirmative","manner",,"no_motion","C","paper","1","path_before_manner",50.2667882403481,15.6688186742463,TRUE,
"exp1","exp1_147","Neg P 0 E_1",0,"negative","path",,"no_motion","E","chair","1","path_before_manner",50.2667882403481,15.6688186742463,TRUE,
"exp1","exp1_147","Neg M C D_1",0,"negative","manner",,"conflated","D","plank","1","path_before_manner",50.2667882403481,15.6688186742463,TRUE,
"exp1","exp1_147","Neg C M A_1",0,"negative","conflated",,"manner","A","leaf","1","path_before_manner",50.2667882403481,15.6688186742463,TRUE,
"exp1","exp1_146","Aff C 0 B_1",75,"affirmative","conflated",,"no_motion","B","car","1","path_before_manner",26.3420104614571,15.6688186742463,TRUE,
"exp1","exp1_146","Aff M C E_1",72,"affirmative","manner",,"conflated","E","chair","1","path_before_manner",26.3420104614571,15.6688186742463,TRUE,
"exp1","exp1_146","Aff P P C_1",67,"affirmative","path",,"path","C","paper","1","path_before_manner",26.3420104614571,15.6688186742463,TRUE,
"exp1","exp1_146","Aff C C A_1",63,"affirmative","conflated",,"conflated","A","leaf","1","path_before_manner",26.3420104614571,15.6688186742463,TRUE,
"exp1","exp1_146","Neg M M D_1",50,"negative","manner",,"manner","D","plank","1","path_before_manner",26.3420104614571,15.6688186742463,TRUE,
"exp1","exp1_146","Aff M 0 C_1",50,"affirmative","manner",,"no_motion","C","paper","1","path_before_manner",26.3420104614571,15.6688186742463,TRUE,
"exp1","exp1_146","Neg P M C_1",50,"negative","path",,"manner","C","paper","1","path_before_manner",26.3420104614571,15.6688186742463,TRUE,
"exp1","exp1_146","Aff P C A_1",50,"affirmative","path",,"conflated","A","leaf","1","path_before_manner",26.3420104614571,15.6688186742463,TRUE,
"exp1","exp1_146","Aff C P B_1",25,"affirmative","conflated",,"path","B","car","1","path_before_manner",26.3420104614571,15.6688186742463,TRUE,
"exp1","exp1_146","Neg P 0 E_1",19,"negative","path",,"no_motion","E","chair","1","path_before_manner",26.3420104614571,15.6688186742463,TRUE,
"exp1","exp1_146","Neg C M A_1",0,"negative","conflated",,"manner","A","leaf","1","path_before_manner",26.3420104614571,15.6688186742463,TRUE,
"exp1","exp1_146","Neg M C D_1",0,"negative","manner",,"conflated","D","plank","1","path_before_manner",26.3420104614571,15.6688186742463,TRUE,
"exp1","exp1_145","Neg C 0 E_1",97,"negative","conflated",,"no_motion","E","chair","1","path_before_manner",43.5103610092069,15.6688186742463,TRUE,
"exp1","exp1_145","Aff P M D_1",95,"affirmative","path",,"manner","D","plank","1","path_before_manner",43.5103610092069,15.6688186742463,TRUE,
"exp1","exp1_145","Aff M M B_1",95,"affirmative","manner",,"manner","B","car","1","path_before_manner",43.5103610092069,15.6688186742463,TRUE,
"exp1","exp1_145","Neg M 0 D_1",81,"negative","manner",,"no_motion","D","plank","1","path_before_manner",43.5103610092069,15.6688186742463,TRUE,
"exp1","exp1_145","Neg P C B_1",50,"negative","path",,"conflated","B","car","1","path_before_manner",43.5103610092069,15.6688186742463,TRUE,
"exp1","exp1_145","Neg C P C_1",9,"negative","conflated",,"path","C","paper","1","path_before_manner",43.5103610092069,15.6688186742463,TRUE,
"exp1","exp1_145","Neg P P B_1",8,"negative","path",,"path","B","car","1","path_before_manner",43.5103610092069,15.6688186742463,TRUE,
"exp1","exp1_145","Aff P 0 A_1",1,"affirmative","path",,"no_motion","A","leaf","1","path_before_manner",43.5103610092069,15.6688186742463,TRUE,
"exp1","exp1_145","Neg M P E_1",0,"negative","manner",,"path","E","chair","1","path_before_manner",43.5103610092069,15.6688186742463,TRUE,
"exp1","exp1_145","Aff M P E_1",0,"affirmative","manner",,"path","E","chair","1","path_before_manner",43.5103610092069,15.6688186742463,TRUE,
"exp1","exp1_145","Aff C M A_1",0,"affirmative","conflated",,"manner","A","leaf","1","path_before_manner",43.5103610092069,15.6688186742463,TRUE,
"exp1","exp1_145","Neg C C C_1",0,"negative","conflated",,"conflated","C","paper","1","path_before_manner",43.5103610092069,15.6688186742463,TRUE,
"exp1","exp1_144","Aff P P B_1",72,"affirmative","path",,"path","B","car","1","path_before_manner",27.2334186416082,15.6688186742463,TRUE,
"exp1","exp1_144","Aff C C E_1",69,"affirmative","conflated",,"conflated","E","chair","1","path_before_manner",27.2334186416082,15.6688186742463,TRUE,
"exp1","exp1_144","Neg P M B_1",60,"negative","path",,"manner","B","car","1","path_before_manner",27.2334186416082,15.6688186742463,TRUE,
"exp1","exp1_144","Aff P C E_1",40,"affirmative","path",,"conflated","E","chair","1","path_before_manner",27.2334186416082,15.6688186742463,TRUE,
"exp1","exp1_144","Neg M C C_1",15,"negative","manner",,"conflated","C","paper","1","path_before_manner",27.2334186416082,15.6688186742463,TRUE,
"exp1","exp1_144","Aff M C D_1",14,"affirmative","manner",,"conflated","D","plank","1","path_before_manner",27.2334186416082,15.6688186742463,TRUE,
"exp1","exp1_144","Aff C P A_1",10,"affirmative","conflated",,"path","A","leaf","1","path_before_manner",27.2334186416082,15.6688186742463,TRUE,
"exp1","exp1_144","Neg C M E_1",7,"negative","conflated",,"manner","E","chair","1","path_before_manner",27.2334186416082,15.6688186742463,TRUE,
"exp1","exp1_144","Neg M M C_1",7,"negative","manner",,"manner","C","paper","1","path_before_manner",27.2334186416082,15.6688186742463,TRUE,
"exp1","exp1_144","Neg P 0 D_1",6,"negative","path",,"no_motion","D","plank","1","path_before_manner",27.2334186416082,15.6688186742463,TRUE,
"exp1","exp1_144","Aff M 0 B_1",3,"affirmative","manner",,"no_motion","B","car","1","path_before_manner",27.2334186416082,15.6688186742463,TRUE,
"exp1","exp1_144","Aff C 0 A_1",0,"affirmative","conflated",,"no_motion","A","leaf","1","path_before_manner",27.2334186416082,15.6688186742463,TRUE,
"exp1","exp1_143","Aff M M A_1",100,"affirmative","manner",,"manner","A","leaf","1","path_before_manner",41.5724996514851,15.6688186742463,TRUE,
"exp1","exp1_143","Neg C C B_1",100,"negative","conflated",,"conflated","B","car","1","path_before_manner",41.5724996514851,15.6688186742463,TRUE,
"exp1","exp1_143","Neg M 0 C_1",88,"negative","manner",,"no_motion","C","paper","1","path_before_manner",41.5724996514851,15.6688186742463,TRUE,
"exp1","exp1_143","Neg M P D_1",87,"negative","manner",,"path","D","plank","1","path_before_manner",41.5724996514851,15.6688186742463,TRUE,
"exp1","exp1_143","Aff C M E_1",70,"affirmative","conflated",,"manner","E","chair","1","path_before_manner",41.5724996514851,15.6688186742463,TRUE,
"exp1","exp1_143","Neg C 0 D_1",40,"negative","conflated",,"no_motion","D","plank","1","path_before_manner",41.5724996514851,15.6688186742463,TRUE,
"exp1","exp1_143","Neg C P B_1",40,"negative","conflated",,"path","B","car","1","path_before_manner",41.5724996514851,15.6688186742463,TRUE,
"exp1","exp1_143","Neg P C A_1",21,"negative","path",,"conflated","A","leaf","1","path_before_manner",41.5724996514851,15.6688186742463,TRUE,
"exp1","exp1_143","Aff P M C_1",0,"affirmative","path",,"manner","C","paper","1","path_before_manner",41.5724996514851,15.6688186742463,TRUE,
"exp1","exp1_143","Neg P P A_1",0,"negative","path",,"path","A","leaf","1","path_before_manner",41.5724996514851,15.6688186742463,TRUE,
"exp1","exp1_143","Aff M P D_1",0,"affirmative","manner",,"path","D","plank","1","path_before_manner",41.5724996514851,15.6688186742463,TRUE,
"exp1","exp1_143","Aff P 0 E_1",0,"affirmative","path",,"no_motion","E","chair","1","path_before_manner",41.5724996514851,15.6688186742463,TRUE,
"exp1","exp1_142","Neg M 0 E_1",100,"negative","manner",,"no_motion","E","chair","1","path_before_manner",45.7724113016087,15.6688186742463,TRUE,
"exp1","exp1_142","Aff M M C_1",100,"affirmative","manner",,"manner","C","paper","1","path_before_manner",45.7724113016087,15.6688186742463,TRUE,
"exp1","exp1_142","Neg C 0 A_1",100,"negative","conflated",,"no_motion","A","leaf","1","path_before_manner",45.7724113016087,15.6688186742463,TRUE,
"exp1","exp1_142","Aff C M B_1",95,"affirmative","conflated",,"manner","B","car","1","path_before_manner",45.7724113016087,15.6688186742463,TRUE,
"exp1","exp1_142","Neg M P A_1",82,"negative","manner",,"path","A","leaf","1","path_before_manner",45.7724113016087,15.6688186742463,TRUE,
"exp1","exp1_142","Aff P 0 B_1",28,"affirmative","path",,"no_motion","B","car","1","path_before_manner",45.7724113016087,15.6688186742463,TRUE,
"exp1","exp1_142","Neg C P D_1",20,"negative","conflated",,"path","D","plank","1","path_before_manner",45.7724113016087,15.6688186742463,TRUE,
"exp1","exp1_142","Aff M P A_1",12,"affirmative","manner",,"path","A","leaf","1","path_before_manner",45.7724113016087,15.6688186742463,TRUE,
"exp1","exp1_142","Neg C C D_1",0,"negative","conflated",,"conflated","D","plank","1","path_before_manner",45.7724113016087,15.6688186742463,TRUE,
"exp1","exp1_142","Neg P C C_1",0,"negative","path",,"conflated","C","paper","1","path_before_manner",45.7724113016087,15.6688186742463,TRUE,
"exp1","exp1_142","Neg P P C_1",0,"negative","path",,"path","C","paper","1","path_before_manner",45.7724113016087,15.6688186742463,TRUE,
"exp1","exp1_142","Aff P M E_1",0,"affirmative","path",,"manner","E","chair","1","path_before_manner",45.7724113016087,15.6688186742463,TRUE,
"exp1","exp1_141","Aff M C A_1",100,"affirmative","manner",,"conflated","A","leaf","1","path_before_manner",45.6933122883293,15.6688186742463,TRUE,
"exp1","exp1_141","Aff P P D_1",100,"affirmative","path",,"path","D","plank","1","path_before_manner",45.6933122883293,15.6688186742463,TRUE,
"exp1","exp1_141","Aff P C B_1",100,"affirmative","path",,"conflated","B","car","1","path_before_manner",45.6933122883293,15.6688186742463,TRUE,
"exp1","exp1_141","Neg P 0 A_1",100,"negative","path",,"no_motion","A","leaf","1","path_before_manner",45.6933122883293,15.6688186742463,TRUE,
"exp1","exp1_141","Aff C C B_1",100,"affirmative","conflated",,"conflated","B","car","1","path_before_manner",45.6933122883293,15.6688186742463,TRUE,
"exp1","exp1_141","Aff C P C_1",50,"affirmative","conflated",,"path","C","paper","1","path_before_manner",45.6933122883293,15.6688186742463,TRUE,
"exp1","exp1_141","Neg C M B_1",40,"negative","conflated",,"manner","B","car","1","path_before_manner",45.6933122883293,15.6688186742463,TRUE,
"exp1","exp1_141","Neg P M D_1",30,"negative","path",,"manner","D","plank","1","path_before_manner",45.6933122883293,15.6688186742463,TRUE,
"exp1","exp1_141","Neg M M E_1",0,"negative","manner",,"manner","E","chair","1","path_before_manner",45.6933122883293,15.6688186742463,TRUE,
"exp1","exp1_141","Aff M 0 D_1",0,"affirmative","manner",,"no_motion","D","plank","1","path_before_manner",45.6933122883293,15.6688186742463,TRUE,
"exp1","exp1_141","Neg M C E_1",0,"negative","manner",,"conflated","E","chair","1","path_before_manner",45.6933122883293,15.6688186742463,TRUE,
"exp1","exp1_141","Aff C 0 C_1",0,"affirmative","conflated",,"no_motion","C","paper","1","path_before_manner",45.6933122883293,15.6688186742463,TRUE,
"exp1","exp1_140","Aff C C E_1",93,"affirmative","conflated",,"conflated","E","chair","1","path_before_manner",40.698075302566,15.6688186742463,TRUE,
"exp1","exp1_140","Aff M C D_1",93,"affirmative","manner",,"conflated","D","plank","1","path_before_manner",40.698075302566,15.6688186742463,TRUE,
"exp1","exp1_140","Neg P 0 D_1",88,"negative","path",,"no_motion","D","plank","1","path_before_manner",40.698075302566,15.6688186742463,TRUE,
"exp1","exp1_140","Neg M C C_1",85,"negative","manner",,"conflated","C","paper","1","path_before_manner",40.698075302566,15.6688186742463,TRUE,
"exp1","exp1_140","Neg M M C_1",84,"negative","manner",,"manner","C","paper","1","path_before_manner",40.698075302566,15.6688186742463,TRUE,
"exp1","exp1_140","Aff P P B_1",82,"affirmative","path",,"path","B","car","1","path_before_manner",40.698075302566,15.6688186742463,TRUE,
"exp1","exp1_140","Neg C M E_1",16,"negative","conflated",,"manner","E","chair","1","path_before_manner",40.698075302566,15.6688186742463,TRUE,
"exp1","exp1_140","Aff P C E_1",15,"affirmative","path",,"conflated","E","chair","1","path_before_manner",40.698075302566,15.6688186742463,TRUE,
"exp1","exp1_140","Aff M 0 B_1",12,"affirmative","manner",,"no_motion","B","car","1","path_before_manner",40.698075302566,15.6688186742463,TRUE,
"exp1","exp1_140","Neg P M B_1",10,"negative","path",,"manner","B","car","1","path_before_manner",40.698075302566,15.6688186742463,TRUE,
"exp1","exp1_140","Aff C P A_1",8,"affirmative","conflated",,"path","A","leaf","1","path_before_manner",40.698075302566,15.6688186742463,TRUE,
"exp1","exp1_140","Aff C 0 A_1",0,"affirmative","conflated",,"no_motion","A","leaf","1","path_before_manner",40.698075302566,15.6688186742463,TRUE,
"exp1","exp1_139","Aff P P A_6",100,"affirmative","path",,"path","A","leaf","6","path_before_manner",42.3451725272626,15.6688186742463,TRUE,
"exp1","exp1_139","Aff P C D_1",95,"affirmative","path",,"conflated","D","plank","1","path_before_manner",42.3451725272626,15.6688186742463,TRUE,
"exp1","exp1_139","Aff M C C_1",90,"affirmative","manner",,"conflated","C","paper","1","path_before_manner",42.3451725272626,15.6688186742463,TRUE,
"exp1","exp1_139","Aff M 0 A_1",80,"affirmative","manner",,"no_motion","A","leaf","1","path_before_manner",42.3451725272626,15.6688186742463,TRUE,
"exp1","exp1_139","Neg P 0 C_1",71,"negative","path",,"no_motion","C","paper","1","path_before_manner",42.3451725272626,15.6688186742463,TRUE,
"exp1","exp1_139","Aff C C D_1",70,"affirmative","conflated",,"conflated","D","plank","1","path_before_manner",42.3451725272626,15.6688186742463,TRUE,
"exp1","exp1_139","Aff C 0 E_1",27,"affirmative","conflated",,"no_motion","E","chair","1","path_before_manner",42.3451725272626,15.6688186742463,TRUE,
"exp1","exp1_139","Neg C M C_1",10,"negative","conflated",,"manner","C","paper","1","path_before_manner",42.3451725272626,15.6688186742463,TRUE,
"exp1","exp1_139","Neg P M A_1",0,"negative","path",,"manner","A","leaf","1","path_before_manner",42.3451725272626,15.6688186742463,TRUE,
"exp1","exp1_139","Aff C P E_1",0,"affirmative","conflated",,"path","E","chair","1","path_before_manner",42.3451725272626,15.6688186742463,TRUE,
"exp1","exp1_139","Neg M C B_1",0,"negative","manner",,"conflated","B","car","1","path_before_manner",42.3451725272626,15.6688186742463,TRUE,
"exp1","exp1_139","Neg M M B_1",0,"negative","manner",,"manner","B","car","1","path_before_manner",42.3451725272626,15.6688186742463,TRUE,
"exp1","exp1_138","Aff M M C_1",86,"affirmative","manner",,"manner","C","paper","1","path_before_manner",34.1516227042484,15.6688186742463,TRUE,
"exp1","exp1_138","Aff P M E_1",85,"affirmative","path",,"manner","E","chair","1","path_before_manner",34.1516227042484,15.6688186742463,TRUE,
"exp1","exp1_138","Aff M P A_1",73,"affirmative","manner",,"path","A","leaf","1","path_before_manner",34.1516227042484,15.6688186742463,TRUE,
"exp1","exp1_138","Aff P 0 B_1",69,"affirmative","path",,"no_motion","B","car","1","path_before_manner",34.1516227042484,15.6688186742463,TRUE,
"exp1","exp1_138","Aff C M B_1",22,"affirmative","conflated",,"manner","B","car","1","path_before_manner",34.1516227042484,15.6688186742463,TRUE,
"exp1","exp1_138","Neg C 0 A_1",18,"negative","conflated",,"no_motion","A","leaf","1","path_before_manner",34.1516227042484,15.6688186742463,TRUE,
"exp1","exp1_138","Neg P P C_1",16,"negative","path",,"path","C","paper","1","path_before_manner",34.1516227042484,15.6688186742463,TRUE,
"exp1","exp1_138","Neg M P A_1",11,"negative","manner",,"path","A","leaf","1","path_before_manner",34.1516227042484,15.6688186742463,TRUE,
"exp1","exp1_138","Neg C P D_1",10,"negative","conflated",,"path","D","plank","1","path_before_manner",34.1516227042484,15.6688186742463,TRUE,
"exp1","exp1_138","Neg M 0 E_1",5,"negative","manner",,"no_motion","E","chair","1","path_before_manner",34.1516227042484,15.6688186742463,TRUE,
"exp1","exp1_138","Neg P C C_1",3,"negative","path",,"conflated","C","paper","1","path_before_manner",34.1516227042484,15.6688186742463,TRUE,
"exp1","exp1_138","Neg C C D_1",0,"negative","conflated",,"conflated","D","plank","1","path_before_manner",34.1516227042484,15.6688186742463,TRUE,
"exp1","exp1_137","Aff P 0 B_1",75,"affirmative","path",,"no_motion","B","car","1","path_before_manner",9.40462490995625,15.6688186742463,FALSE,"low_response_variability"
"exp1","exp1_137","Aff C M B_1",65,"affirmative","conflated",,"manner","B","car","1","path_before_manner",9.40462490995625,15.6688186742463,FALSE,"low_response_variability"
"exp1","exp1_137","Neg C C D_1",60,"negative","conflated",,"conflated","D","plank","1","path_before_manner",9.40462490995625,15.6688186742463,FALSE,"low_response_variability"
"exp1","exp1_137","Aff P M E_1",55,"affirmative","path",,"manner","E","chair","1","path_before_manner",9.40462490995625,15.6688186742463,FALSE,"low_response_variability"
"exp1","exp1_137","Aff M P A_1",55,"affirmative","manner",,"path","A","leaf","1","path_before_manner",9.40462490995625,15.6688186742463,FALSE,"low_response_variability"
"exp1","exp1_137","Neg M P A_1",55,"negative","manner",,"path","A","leaf","1","path_before_manner",9.40462490995625,15.6688186742463,FALSE,"low_response_variability"
"exp1","exp1_137","Neg P C C_1",55,"negative","path",,"conflated","C","paper","1","path_before_manner",9.40462490995625,15.6688186742463,FALSE,"low_response_variability"
"exp1","exp1_137","Neg C P D_1",55,"negative","conflated",,"path","D","plank","1","path_before_manner",9.40462490995625,15.6688186742463,FALSE,"low_response_variability"
"exp1","exp1_137","Aff M M C_1",55,"affirmative","manner",,"manner","C","paper","1","path_before_manner",9.40462490995625,15.6688186742463,FALSE,"low_response_variability"
"exp1","exp1_137","Neg P P C_1",55,"negative","path",,"path","C","paper","1","path_before_manner",9.40462490995625,15.6688186742463,FALSE,"low_response_variability"
"exp1","exp1_137","Neg M 0 E_1",40,"negative","manner",,"no_motion","E","chair","1","path_before_manner",9.40462490995625,15.6688186742463,FALSE,"low_response_variability"
"exp1","exp1_137","Neg C 0 A_1",40,"negative","conflated",,"no_motion","A","leaf","1","path_before_manner",9.40462490995625,15.6688186742463,FALSE,"low_response_variability"
"exp1","exp1_136","Aff C C B_1",100,"affirmative","conflated",,"conflated","B","car","1","path_before_manner",49.2365963917331,15.6688186742463,TRUE,
"exp1","exp1_136","Aff M C A_1",100,"affirmative","manner",,"conflated","A","leaf","1","path_before_manner",49.2365963917331,15.6688186742463,TRUE,
"exp1","exp1_136","Aff P C B_1",100,"affirmative","path",,"conflated","B","car","1","path_before_manner",49.2365963917331,15.6688186742463,TRUE,
"exp1","exp1_136","Neg P 0 A_1",100,"negative","path",,"no_motion","A","leaf","1","path_before_manner",49.2365963917331,15.6688186742463,TRUE,
"exp1","exp1_136","Neg M M E_1",0,"negative","manner",,"manner","E","chair","1","path_before_manner",49.2365963917331,15.6688186742463,TRUE,
"exp1","exp1_136","Aff M 0 D_1",0,"affirmative","manner",,"no_motion","D","plank","1","path_before_manner",49.2365963917331,15.6688186742463,TRUE,
"exp1","exp1_136","Neg M C E_1",0,"negative","manner",,"conflated","E","chair","1","path_before_manner",49.2365963917331,15.6688186742463,TRUE,
"exp1","exp1_136","Aff C 0 C_1",0,"affirmative","conflated",,"no_motion","C","paper","1","path_before_manner",49.2365963917331,15.6688186742463,TRUE,
"exp1","exp1_136","Neg P M D_1",0,"negative","path",,"manner","D","plank","1","path_before_manner",49.2365963917331,15.6688186742463,TRUE,
"exp1","exp1_136","Neg C M B_1",0,"negative","conflated",,"manner","B","car","1","path_before_manner",49.2365963917331,15.6688186742463,TRUE,
"exp1","exp1_136","Aff C P C_1",0,"affirmative","conflated",,"path","C","paper","1","path_before_manner",49.2365963917331,15.6688186742463,TRUE,
"exp1","exp1_136","Aff P P D_1",0,"affirmative","path",,"path","D","plank","1","path_before_manner",49.2365963917331,15.6688186742463,TRUE,
"exp1","exp1_135","Aff M C E_1",92,"affirmative","manner",,"conflated","E","chair","1","path_before_manner",44.9183602874046,15.6688186742463,TRUE,
"exp1","exp1_135","Aff P P C_1",90,"affirmative","path",,"path","C","paper","1","path_before_manner",44.9183602874046,15.6688186742463,TRUE,
"exp1","exp1_135","Aff P C A_1",87,"affirmative","path",,"conflated","A","leaf","1","path_before_manner",44.9183602874046,15.6688186742463,TRUE,
"exp1","exp1_135","Aff C C A_1",85,"affirmative","conflated",,"conflated","A","leaf","1","path_before_manner",44.9183602874046,15.6688186742463,TRUE,
"exp1","exp1_135","Neg P 0 E_1",84,"negative","path",,"no_motion","E","chair","1","path_before_manner",44.9183602874046,15.6688186742463,TRUE,
"exp1","exp1_135","Neg P M C_1",82,"negative","path",,"manner","C","paper","1","path_before_manner",44.9183602874046,15.6688186742463,TRUE,
"exp1","exp1_135","Aff C P B_1",5,"affirmative","conflated",,"path","B","car","1","path_before_manner",44.9183602874046,15.6688186742463,TRUE,
"exp1","exp1_135","Neg M C D_1",0,"negative","manner",,"conflated","D","plank","1","path_before_manner",44.9183602874046,15.6688186742463,TRUE,
"exp1","exp1_135","Neg C M A_1",0,"negative","conflated",,"manner","A","leaf","1","path_before_manner",44.9183602874046,15.6688186742463,TRUE,
"exp1","exp1_135","Aff C 0 B_1",0,"affirmative","conflated",,"no_motion","B","car","1","path_before_manner",44.9183602874046,15.6688186742463,TRUE,
"exp1","exp1_135","Neg M M D_1",0,"negative","manner",,"manner","D","plank","1","path_before_manner",44.9183602874046,15.6688186742463,TRUE,
"exp1","exp1_135","Aff M 0 C_1",0,"affirmative","manner",,"no_motion","C","paper","1","path_before_manner",44.9183602874046,15.6688186742463,TRUE,
"exp1","exp1_134","Neg P P E_1",81,"negative","path",,"path","E","chair","1","path_before_manner",30.4972676371726,15.6688186742463,TRUE,
"exp1","exp1_134","Neg P C E_1",75,"negative","path",,"conflated","E","chair","1","path_before_manner",30.4972676371726,15.6688186742463,TRUE,
"exp1","exp1_134","Aff P M B_1",73,"affirmative","path",,"manner","B","car","1","path_before_manner",30.4972676371726,15.6688186742463,TRUE,
"exp1","exp1_134","Aff M M E_1",62,"affirmative","manner",,"manner","E","chair","1","path_before_manner",30.4972676371726,15.6688186742463,TRUE,
"exp1","exp1_134","Aff M P C_1",37,"affirmative","manner",,"path","C","paper","1","path_before_manner",30.4972676371726,15.6688186742463,TRUE,
"exp1","exp1_134","Neg M P C_1",37,"negative","manner",,"path","C","paper","1","path_before_manner",30.4972676371726,15.6688186742463,TRUE,
"exp1","exp1_134","Neg M 0 B_1",18,"negative","manner",,"no_motion","B","car","1","path_before_manner",30.4972676371726,15.6688186742463,TRUE,
"exp1","exp1_134","Aff P 0 D_1",14,"affirmative","path",,"no_motion","D","plank","1","path_before_manner",30.4972676371726,15.6688186742463,TRUE,
"exp1","exp1_134","Aff C M D_1",12,"affirmative","conflated",,"manner","D","plank","1","path_before_manner",30.4972676371726,15.6688186742463,TRUE,
"exp1","exp1_134","Neg C P A_1",10,"negative","conflated",,"path","A","leaf","1","path_before_manner",30.4972676371726,15.6688186742463,TRUE,
"exp1","exp1_134","Neg C 0 C_1",0,"negative","conflated",,"no_motion","C","paper","1","path_before_manner",30.4972676371726,15.6688186742463,TRUE,
"exp1","exp1_134","Neg C C A_1",0,"negative","conflated",,"conflated","A","leaf","1","path_before_manner",30.4972676371726,15.6688186742463,TRUE,
"exp1","exp1_133","Aff P P A_6",100,"affirmative","path",,"path","A","leaf","6","path_before_manner",42.7466107109409,15.6688186742463,TRUE,
"exp1","exp1_133","Aff C C D_1",95,"affirmative","conflated",,"conflated","D","plank","1","path_before_manner",42.7466107109409,15.6688186742463,TRUE,
"exp1","exp1_133","Aff P C D_1",85,"affirmative","path",,"conflated","D","plank","1","path_before_manner",42.7466107109409,15.6688186742463,TRUE,
"exp1","exp1_133","Aff M C C_1",80,"affirmative","manner",,"conflated","C","paper","1","path_before_manner",42.7466107109409,15.6688186742463,TRUE,
"exp1","exp1_133","Neg P 0 C_1",80,"negative","path",,"no_motion","C","paper","1","path_before_manner",42.7466107109409,15.6688186742463,TRUE,
"exp1","exp1_133","Neg P M A_1",70,"negative","path",,"manner","A","leaf","1","path_before_manner",42.7466107109409,15.6688186742463,TRUE,
"exp1","exp1_133","Aff C P E_1",20,"affirmative","conflated",,"path","E","chair","1","path_before_manner",42.7466107109409,15.6688186742463,TRUE,
"exp1","exp1_133","Neg M M B_1",5,"negative","manner",,"manner","B","car","1","path_before_manner",42.7466107109409,15.6688186742463,TRUE,
"exp1","exp1_133","Neg M C B_1",5,"negative","manner",,"conflated","B","car","1","path_before_manner",42.7466107109409,15.6688186742463,TRUE,
"exp1","exp1_133","Neg C M C_1",0,"negative","conflated",,"manner","C","paper","1","path_before_manner",42.7466107109409,15.6688186742463,TRUE,
"exp1","exp1_133","Aff C 0 E_1",0,"affirmative","conflated",,"no_motion","E","chair","1","path_before_manner",42.7466107109409,15.6688186742463,TRUE,
"exp1","exp1_133","Aff M 0 A_1",0,"affirmative","manner",,"no_motion","A","leaf","1","path_before_manner",42.7466107109409,15.6688186742463,TRUE,
"exp1","exp1_132","Neg P M B_1",92,"negative","path",,"manner","B","car","1","path_before_manner",41.0840786090125,15.6688186742463,TRUE,
"exp1","exp1_132","Aff M C D_1",91,"affirmative","manner",,"conflated","D","plank","1","path_before_manner",41.0840786090125,15.6688186742463,TRUE,
"exp1","exp1_132","Neg M C C_1",88,"negative","manner",,"conflated","C","paper","1","path_before_manner",41.0840786090125,15.6688186742463,TRUE,
"exp1","exp1_132","Neg M M C_1",87,"negative","manner",,"manner","C","paper","1","path_before_manner",41.0840786090125,15.6688186742463,TRUE,
"exp1","exp1_132","Aff P C E_1",86,"affirmative","path",,"conflated","E","chair","1","path_before_manner",41.0840786090125,15.6688186742463,TRUE,
"exp1","exp1_132","Neg C M E_1",86,"negative","conflated",,"manner","E","chair","1","path_before_manner",41.0840786090125,15.6688186742463,TRUE,
"exp1","exp1_132","Aff C C E_1",84,"affirmative","conflated",,"conflated","E","chair","1","path_before_manner",41.0840786090125,15.6688186742463,TRUE,
"exp1","exp1_132","Aff P P B_1",83,"affirmative","path",,"path","B","car","1","path_before_manner",41.0840786090125,15.6688186742463,TRUE,
"exp1","exp1_132","Neg P 0 D_1",10,"negative","path",,"no_motion","D","plank","1","path_before_manner",41.0840786090125,15.6688186742463,TRUE,
"exp1","exp1_132","Aff C P A_1",6,"affirmative","conflated",,"path","A","leaf","1","path_before_manner",41.0840786090125,15.6688186742463,TRUE,
"exp1","exp1_132","Aff C 0 A_1",0,"affirmative","conflated",,"no_motion","A","leaf","1","path_before_manner",41.0840786090125,15.6688186742463,TRUE,
"exp1","exp1_132","Aff M 0 B_1",0,"affirmative","manner",,"no_motion","B","car","1","path_before_manner",41.0840786090125,15.6688186742463,TRUE,
"exp1","exp1_131","Aff M M D_1",100,"affirmative","manner",,"manner","D","plank","1","path_before_manner",50.5391387486426,15.6688186742463,TRUE,
"exp1","exp1_131","Neg M 0 A_1",100,"negative","manner",,"no_motion","A","leaf","1","path_before_manner",50.5391387486426,15.6688186742463,TRUE,
"exp1","exp1_131","Neg C 0 B_1",100,"negative","conflated",,"no_motion","B","car","1","path_before_manner",50.5391387486426,15.6688186742463,TRUE,
"exp1","exp1_131","Neg P C D_1",100,"negative","path",,"conflated","D","plank","1","path_before_manner",50.5391387486426,15.6688186742463,TRUE,
"exp1","exp1_131","Neg C C E_1",100,"negative","conflated",,"conflated","E","chair","1","path_before_manner",50.5391387486426,15.6688186742463,TRUE,
"exp1","exp1_131","Neg C P E_1",100,"negative","conflated",,"path","E","chair","1","path_before_manner",50.5391387486426,15.6688186742463,TRUE,
"exp1","exp1_131","Aff P M A_1",13,"affirmative","path",,"manner","A","leaf","1","path_before_manner",50.5391387486426,15.6688186742463,TRUE,
"exp1","exp1_131","Aff C M C_1",8,"affirmative","conflated",,"manner","C","paper","1","path_before_manner",50.5391387486426,15.6688186742463,TRUE,
"exp1","exp1_131","Neg P P D_1",0,"negative","path",,"path","D","plank","1","path_before_manner",50.5391387486426,15.6688186742463,TRUE,
"exp1","exp1_131","Aff M P B_1",0,"affirmative","manner",,"path","B","car","1","path_before_manner",50.5391387486426,15.6688186742463,TRUE,
"exp1","exp1_131","Aff P 0 A_1_1",0,"affirmative","path",,"no_motion","A","leaf","1_1","path_before_manner",50.5391387486426,15.6688186742463,TRUE,
"exp1","exp1_131","Neg M P B_1",0,"negative","manner",,"path","B","car","1","path_before_manner",50.5391387486426,15.6688186742463,TRUE,
"exp1","exp1_130","Aff M C E_1",89,"affirmative","manner",,"conflated","E","chair","1","path_before_manner",37.3553776908258,15.6688186742463,TRUE,
"exp1","exp1_130","Aff P C A_1",87,"affirmative","path",,"conflated","A","leaf","1","path_before_manner",37.3553776908258,15.6688186742463,TRUE,
"exp1","exp1_130","Aff P P C_1",85,"affirmative","path",,"path","C","paper","1","path_before_manner",37.3553776908258,15.6688186742463,TRUE,
"exp1","exp1_130","Aff C C A_1",37,"affirmative","conflated",,"conflated","A","leaf","1","path_before_manner",37.3553776908258,15.6688186742463,TRUE,
"exp1","exp1_130","Aff C 0 B_1",33,"affirmative","conflated",,"no_motion","B","car","1","path_before_manner",37.3553776908258,15.6688186742463,TRUE,
"exp1","exp1_130","Neg P M C_1",12,"negative","path",,"manner","C","paper","1","path_before_manner",37.3553776908258,15.6688186742463,TRUE,
"exp1","exp1_130","Neg P 0 E_1",3,"negative","path",,"no_motion","E","chair","1","path_before_manner",37.3553776908258,15.6688186742463,TRUE,
"exp1","exp1_130","Aff M 0 C_1",0,"affirmative","manner",,"no_motion","C","paper","1","path_before_manner",37.3553776908258,15.6688186742463,TRUE,
"exp1","exp1_130","Neg M M D_1",0,"negative","manner",,"manner","D","plank","1","path_before_manner",37.3553776908258,15.6688186742463,TRUE,
"exp1","exp1_130","Neg C M A_1",0,"negative","conflated",,"manner","A","leaf","1","path_before_manner",37.3553776908258,15.6688186742463,TRUE,
"exp1","exp1_130","Aff C P B_1",0,"affirmative","conflated",,"path","B","car","1","path_before_manner",37.3553776908258,15.6688186742463,TRUE,
"exp1","exp1_130","Neg M C D_1",0,"negative","manner",,"conflated","D","plank","1","path_before_manner",37.3553776908258,15.6688186742463,TRUE,
"exp1","exp1_129","Aff M C D_1",100,"affirmative","manner",,"conflated","D","plank","1","path_before_manner",48.048192347671,15.6688186742463,TRUE,
"exp1","exp1_129","Neg C M E_1",100,"negative","conflated",,"manner","E","chair","1","path_before_manner",48.048192347671,15.6688186742463,TRUE,
"exp1","exp1_129","Aff P P B_1",100,"affirmative","path",,"path","B","car","1","path_before_manner",48.048192347671,15.6688186742463,TRUE,
"exp1","exp1_129","Aff C C E_1",100,"affirmative","conflated",,"conflated","E","chair","1","path_before_manner",48.048192347671,15.6688186742463,TRUE,
"exp1","exp1_129","Aff C P A_1",10,"affirmative","conflated",,"path","A","leaf","1","path_before_manner",48.048192347671,15.6688186742463,TRUE,
"exp1","exp1_129","Neg M M C_1",7,"negative","manner",,"manner","C","paper","1","path_before_manner",48.048192347671,15.6688186742463,TRUE,
"exp1","exp1_129","Aff C 0 A_1",4,"affirmative","conflated",,"no_motion","A","leaf","1","path_before_manner",48.048192347671,15.6688186742463,TRUE,
"exp1","exp1_129","Aff P C E_1",0,"affirmative","path",,"conflated","E","chair","1","path_before_manner",48.048192347671,15.6688186742463,TRUE,
"exp1","exp1_129","Neg M C C_1",0,"negative","manner",,"conflated","C","paper","1","path_before_manner",48.048192347671,15.6688186742463,TRUE,
"exp1","exp1_129","Neg P M B_1",0,"negative","path",,"manner","B","car","1","path_before_manner",48.048192347671,15.6688186742463,TRUE,
"exp1","exp1_129","Aff M 0 B_1",0,"affirmative","manner",,"no_motion","B","car","1","path_before_manner",48.048192347671,15.6688186742463,TRUE,
"exp1","exp1_129","Neg P 0 D_1",0,"negative","path",,"no_motion","D","plank","1","path_before_manner",48.048192347671,15.6688186742463,TRUE,
"exp1","exp1_128","Aff P P A_6",100,"affirmative","path",,"path","A","leaf","6","path_before_manner",24.0397398261523,15.6688186742463,TRUE,
"exp1","exp1_128","Aff P C D_1",94,"affirmative","path",,"conflated","D","plank","1","path_before_manner",24.0397398261523,15.6688186742463,TRUE,
"exp1","exp1_128","Neg P 0 C_1",79,"negative","path",,"no_motion","C","paper","1","path_before_manner",24.0397398261523,15.6688186742463,TRUE,
"exp1","exp1_128","Aff M C C_1",74,"affirmative","manner",,"conflated","C","paper","1","path_before_manner",24.0397398261523,15.6688186742463,TRUE,
"exp1","exp1_128","Aff M 0 A_1",69,"affirmative","manner",,"no_motion","A","leaf","1","path_before_manner",24.0397398261523,15.6688186742463,TRUE,
"exp1","exp1_128","Neg P M A_1",66,"negative","path",,"manner","A","leaf","1","path_before_manner",24.0397398261523,15.6688186742463,TRUE,
"exp1","exp1_128","Aff C C D_1",57,"affirmative","conflated",,"conflated","D","plank","1","path_before_manner",24.0397398261523,15.6688186742463,TRUE,
"exp1","exp1_128","Neg C M C_1",48,"negative","conflated",,"manner","C","paper","1","path_before_manner",24.0397398261523,15.6688186742463,TRUE,
"exp1","exp1_128","Neg M C B_1",44,"negative","manner",,"conflated","B","car","1","path_before_manner",24.0397398261523,15.6688186742463,TRUE,
"exp1","exp1_128","Neg M M B_1",39,"negative","manner",,"manner","B","car","1","path_before_manner",24.0397398261523,15.6688186742463,TRUE,
"exp1","exp1_128","Aff C 0 E_1",32,"affirmative","conflated",,"no_motion","E","chair","1","path_before_manner",24.0397398261523,15.6688186742463,TRUE,
"exp1","exp1_128","Aff C P E_1",24,"affirmative","conflated",,"path","E","chair","1","path_before_manner",24.0397398261523,15.6688186742463,TRUE,
"exp1","exp1_127","Neg M P E_1",100,"negative","manner",,"path","E","chair","1","path_before_manner",51.5475655598935,15.6688186742463,TRUE,
"exp1","exp1_127","Neg M 0 D_1",100,"negative","manner",,"no_motion","D","plank","1","path_before_manner",51.5475655598935,15.6688186742463,TRUE,
"exp1","exp1_127","Neg C 0 E_1",100,"negative","conflated",,"no_motion","E","chair","1","path_before_manner",51.5475655598935,15.6688186742463,TRUE,
"exp1","exp1_127","Aff C M A_1",100,"affirmative","conflated",,"manner","A","leaf","1","path_before_manner",51.5475655598935,15.6688186742463,TRUE,
"exp1","exp1_127","Aff M M B_1",99,"affirmative","manner",,"manner","B","car","1","path_before_manner",51.5475655598935,15.6688186742463,TRUE,
"exp1","exp1_127","Aff P M D_1",95,"affirmative","path",,"manner","D","plank","1","path_before_manner",51.5475655598935,15.6688186742463,TRUE,
"exp1","exp1_127","Aff P 0 A_1",2,"affirmative","path",,"no_motion","A","leaf","1","path_before_manner",51.5475655598935,15.6688186742463,TRUE,
"exp1","exp1_127","Neg P C B_1",0,"negative","path",,"conflated","B","car","1","path_before_manner",51.5475655598935,15.6688186742463,TRUE,
"exp1","exp1_127","Neg C P C_1",0,"negative","conflated",,"path","C","paper","1","path_before_manner",51.5475655598935,15.6688186742463,TRUE,
"exp1","exp1_127","Neg C C C_1",0,"negative","conflated",,"conflated","C","paper","1","path_before_manner",51.5475655598935,15.6688186742463,TRUE,
"exp1","exp1_127","Neg P P B_1",0,"negative","path",,"path","B","car","1","path_before_manner",51.5475655598935,15.6688186742463,TRUE,
"exp1","exp1_127","Aff M P E_1",0,"affirmative","manner",,"path","E","chair","1","path_before_manner",51.5475655598935,15.6688186742463,TRUE,
"exp1","exp1_126","Aff M C D_1",85,"affirmative","manner",,"conflated","D","plank","1","path_before_manner",31.4247538019815,15.6688186742463,TRUE,
"exp1","exp1_126","Aff C C E_1",80,"affirmative","conflated",,"conflated","E","chair","1","path_before_manner",31.4247538019815,15.6688186742463,TRUE,
"exp1","exp1_126","Aff P C E_1",73,"affirmative","path",,"conflated","E","chair","1","path_before_manner",31.4247538019815,15.6688186742463,TRUE,
"exp1","exp1_126","Aff P P B_1",65,"affirmative","path",,"path","B","car","1","path_before_manner",31.4247538019815,15.6688186742463,TRUE,
"exp1","exp1_126","Neg P M B_1",49,"negative","path",,"manner","B","car","1","path_before_manner",31.4247538019815,15.6688186742463,TRUE,
"exp1","exp1_126","Neg C M E_1",19,"negative","conflated",,"manner","E","chair","1","path_before_manner",31.4247538019815,15.6688186742463,TRUE,
"exp1","exp1_126","Aff C P A_1",15,"affirmative","conflated",,"path","A","leaf","1","path_before_manner",31.4247538019815,15.6688186742463,TRUE,
"exp1","exp1_126","Neg M M C_1",15,"negative","manner",,"manner","C","paper","1","path_before_manner",31.4247538019815,15.6688186742463,TRUE,
"exp1","exp1_126","Aff C 0 A_1",10,"affirmative","conflated",,"no_motion","A","leaf","1","path_before_manner",31.4247538019815,15.6688186742463,TRUE,
"exp1","exp1_126","Neg M C C_1",10,"negative","manner",,"conflated","C","paper","1","path_before_manner",31.4247538019815,15.6688186742463,TRUE,
"exp1","exp1_126","Aff M 0 B_1",8,"affirmative","manner",,"no_motion","B","car","1","path_before_manner",31.4247538019815,15.6688186742463,TRUE,
"exp1","exp1_126","Neg P 0 D_1",7,"negative","path",,"no_motion","D","plank","1","path_before_manner",31.4247538019815,15.6688186742463,TRUE,
"exp1","exp1_125","Neg C 0 A_1",100,"negative","conflated",,"no_motion","A","leaf","1","path_before_manner",47.932638971664,15.6688186742463,TRUE,
"exp1","exp1_125","Aff M M C_1",100,"affirmative","manner",,"manner","C","paper","1","path_before_manner",47.932638971664,15.6688186742463,TRUE,
"exp1","exp1_125","Neg M 0 E_1",100,"negative","manner",,"no_motion","E","chair","1","path_before_manner",47.932638971664,15.6688186742463,TRUE,
"exp1","exp1_125","Neg M P A_1",100,"negative","manner",,"path","A","leaf","1","path_before_manner",47.932638971664,15.6688186742463,TRUE,
"exp1","exp1_125","Neg C P D_1",95,"negative","conflated",,"path","D","plank","1","path_before_manner",47.932638971664,15.6688186742463,TRUE,
"exp1","exp1_125","Aff P 0 B_1",95,"affirmative","path",,"no_motion","B","car","1","path_before_manner",47.932638971664,15.6688186742463,TRUE,
"exp1","exp1_125","Aff C M B_1",85,"affirmative","conflated",,"manner","B","car","1","path_before_manner",47.932638971664,15.6688186742463,TRUE,
"exp1","exp1_125","Aff P M E_1",15,"affirmative","path",,"manner","E","chair","1","path_before_manner",47.932638971664,15.6688186742463,TRUE,
"exp1","exp1_125","Neg P C C_1",5,"negative","path",,"conflated","C","paper","1","path_before_manner",47.932638971664,15.6688186742463,TRUE,
"exp1","exp1_125","Neg C C D_1",0,"negative","conflated",,"conflated","D","plank","1","path_before_manner",47.932638971664,15.6688186742463,TRUE,
"exp1","exp1_125","Neg P P C_1",0,"negative","path",,"path","C","paper","1","path_before_manner",47.932638971664,15.6688186742463,TRUE,
"exp1","exp1_125","Aff M P A_1",0,"affirmative","manner",,"path","A","leaf","1","path_before_manner",47.932638971664,15.6688186742463,TRUE,
"exp1","exp1_124","Aff P P E_1",96,"affirmative","path",,"path","E","chair","1","path_before_manner",30.4256420962598,15.6688186742463,TRUE,
"exp1","exp1_124","Neg P 0 B_1",88,"negative","path",,"no_motion","B","car","1","path_before_manner",30.4256420962598,15.6688186742463,TRUE,
"exp1","exp1_124","Aff M C B_1",84,"affirmative","manner",,"conflated","B","car","1","path_before_manner",30.4256420962598,15.6688186742463,TRUE,
"exp1","exp1_124","Aff C C C_1",81,"affirmative","conflated",,"conflated","C","paper","1","path_before_manner",30.4256420962598,15.6688186742463,TRUE,
"exp1","exp1_124","Aff P C C_1",76,"affirmative","path",,"conflated","C","paper","1","path_before_manner",30.4256420962598,15.6688186742463,TRUE,
"exp1","exp1_124","Neg M M A_1",62,"negative","manner",,"manner","A","leaf","1","path_before_manner",30.4256420962598,15.6688186742463,TRUE,
"exp1","exp1_124","Neg C M D_1",50,"negative","conflated",,"manner","D","plank","1","path_before_manner",30.4256420962598,15.6688186742463,TRUE,
"exp1","exp1_124","Neg P M E_1",50,"negative","path",,"manner","E","chair","1","path_before_manner",30.4256420962598,15.6688186742463,TRUE,
"exp1","exp1_124","Neg M C A_1",42,"negative","manner",,"conflated","A","leaf","1","path_before_manner",30.4256420962598,15.6688186742463,TRUE,
"exp1","exp1_124","Aff C P D_1",29,"affirmative","conflated",,"path","D","plank","1","path_before_manner",30.4256420962598,15.6688186742463,TRUE,
"exp1","exp1_124","Aff C 0 D_1",10,"affirmative","conflated",,"no_motion","D","plank","1","path_before_manner",30.4256420962598,15.6688186742463,TRUE,
"exp1","exp1_124","Aff M 0 E_1",5,"affirmative","manner",,"no_motion","E","chair","1","path_before_manner",30.4256420962598,15.6688186742463,TRUE,
"exp1","exp1_123","Aff P C A_1",100,"affirmative","path",,"conflated","A","leaf","1","path_before_manner",49.9924236684162,15.6688186742463,TRUE,
"exp1","exp1_123","Neg P M C_1",100,"negative","path",,"manner","C","paper","1","path_before_manner",49.9924236684162,15.6688186742463,TRUE,
"exp1","exp1_123","Neg P 0 E_1",100,"negative","path",,"no_motion","E","chair","1","path_before_manner",49.9924236684162,15.6688186742463,TRUE,
"exp1","exp1_123","Neg C M A_1",100,"negative","conflated",,"manner","A","leaf","1","path_before_manner",49.9924236684162,15.6688186742463,TRUE,
"exp1","exp1_123","Aff P P C_1",100,"affirmative","path",,"path","C","paper","1","path_before_manner",49.9924236684162,15.6688186742463,TRUE,
"exp1","exp1_123","Aff C C A_1",100,"affirmative","conflated",,"conflated","A","leaf","1","path_before_manner",49.9924236684162,15.6688186742463,TRUE,
"exp1","exp1_123","Aff M C E_1",70,"affirmative","manner",,"conflated","E","chair","1","path_before_manner",49.9924236684162,15.6688186742463,TRUE,
"exp1","exp1_123","Neg M C D_1",0,"negative","manner",,"conflated","D","plank","1","path_before_manner",49.9924236684162,15.6688186742463,TRUE,
"exp1","exp1_123","Aff C 0 B_1",0,"affirmative","conflated",,"no_motion","B","car","1","path_before_manner",49.9924236684162,15.6688186742463,TRUE,
"exp1","exp1_123","Aff C P B_1",0,"affirmative","conflated",,"path","B","car","1","path_before_manner",49.9924236684162,15.6688186742463,TRUE,
"exp1","exp1_123","Neg M M D_1",0,"negative","manner",,"manner","D","plank","1","path_before_manner",49.9924236684162,15.6688186742463,TRUE,
"exp1","exp1_123","Aff M 0 C_1",0,"affirmative","manner",,"no_motion","C","paper","1","path_before_manner",49.9924236684162,15.6688186742463,TRUE,
"exp1","exp1_122","Aff C C A_1",78,"affirmative","conflated",,"conflated","A","leaf","1","path_before_manner",30.9959674796577,15.6688186742463,TRUE,
"exp1","exp1_122","Aff M C E_1",78,"affirmative","manner",,"conflated","E","chair","1","path_before_manner",30.9959674796577,15.6688186742463,TRUE,
"exp1","exp1_122","Aff P P C_1",59,"affirmative","path",,"path","C","paper","1","path_before_manner",30.9959674796577,15.6688186742463,TRUE,
"exp1","exp1_122","Aff P C A_1",41,"affirmative","path",,"conflated","A","leaf","1","path_before_manner",30.9959674796577,15.6688186742463,TRUE,
"exp1","exp1_122","Aff C P B_1",33,"affirmative","conflated",,"path","B","car","1","path_before_manner",30.9959674796577,15.6688186742463,TRUE,
"exp1","exp1_122","Neg P 0 E_1",27,"negative","path",,"no_motion","E","chair","1","path_before_manner",30.9959674796577,15.6688186742463,TRUE,
"exp1","exp1_122","Neg M C D_1",2,"negative","manner",,"conflated","D","plank","1","path_before_manner",30.9959674796577,15.6688186742463,TRUE,
"exp1","exp1_122","Neg M M D_1",1,"negative","manner",,"manner","D","plank","1","path_before_manner",30.9959674796577,15.6688186742463,TRUE,
"exp1","exp1_122","Neg C M A_1",1,"negative","conflated",,"manner","A","leaf","1","path_before_manner",30.9959674796577,15.6688186742463,TRUE,
"exp1","exp1_122","Neg P M C_1",1,"negative","path",,"manner","C","paper","1","path_before_manner",30.9959674796577,15.6688186742463,TRUE,
"exp1","exp1_122","Aff C 0 B_1",0,"affirmative","conflated",,"no_motion","B","car","1","path_before_manner",30.9959674796577,15.6688186742463,TRUE,
"exp1","exp1_122","Aff M 0 C_1",0,"affirmative","manner",,"no_motion","C","paper","1","path_before_manner",30.9959674796577,15.6688186742463,TRUE,
"exp1","exp1_121","Aff P C B_1",100,"affirmative","path",,"conflated","B","car","1","path_before_manner",42.7377485545876,15.6688186742463,TRUE,
"exp1","exp1_121","Aff M C A_1",96,"affirmative","manner",,"conflated","A","leaf","1","path_before_manner",42.7377485545876,15.6688186742463,TRUE,
"exp1","exp1_121","Neg P 0 A_1",93,"negative","path",,"no_motion","A","leaf","1","path_before_manner",42.7377485545876,15.6688186742463,TRUE,
"exp1","exp1_121","Aff C C B_1",88,"affirmative","conflated",,"conflated","B","car","1","path_before_manner",42.7377485545876,15.6688186742463,TRUE,
"exp1","exp1_121","Aff P P D_1",86,"affirmative","path",,"path","D","plank","1","path_before_manner",42.7377485545876,15.6688186742463,TRUE,
"exp1","exp1_121","Neg C M B_1",27,"negative","conflated",,"manner","B","car","1","path_before_manner",42.7377485545876,15.6688186742463,TRUE,
"exp1","exp1_121","Aff C P C_1",23,"affirmative","conflated",,"path","C","paper","1","path_before_manner",42.7377485545876,15.6688186742463,TRUE,
"exp1","exp1_121","Neg P M D_1",14,"negative","path",,"manner","D","plank","1","path_before_manner",42.7377485545876,15.6688186742463,TRUE,
"exp1","exp1_121","Neg M C E_1",10,"negative","manner",,"conflated","E","chair","1","path_before_manner",42.7377485545876,15.6688186742463,TRUE,
"exp1","exp1_121","Neg M M E_1",3,"negative","manner",,"manner","E","chair","1","path_before_manner",42.7377485545876,15.6688186742463,TRUE,
"exp1","exp1_121","Aff M 0 D_1",2,"affirmative","manner",,"no_motion","D","plank","1","path_before_manner",42.7377485545876,15.6688186742463,TRUE,
"exp1","exp1_121","Aff C 0 C_1",0,"affirmative","conflated",,"no_motion","C","paper","1","path_before_manner",42.7377485545876,15.6688186742463,TRUE,
"exp1","exp1_120","Neg P 0 D_1",100,"negative","path",,"no_motion","D","plank","1","path_before_manner",46.2964754205289,15.6688186742463,TRUE,
"exp1","exp1_120","Neg M C C_1",100,"negative","manner",,"conflated","C","paper","1","path_before_manner",46.2964754205289,15.6688186742463,TRUE,
"exp1","exp1_120","Aff C C E_1",96,"affirmative","conflated",,"conflated","E","chair","1","path_before_manner",46.2964754205289,15.6688186742463,TRUE,
"exp1","exp1_120","Aff P P B_1",95,"affirmative","path",,"path","B","car","1","path_before_manner",46.2964754205289,15.6688186742463,TRUE,
"exp1","exp1_120","Neg P M B_1",87,"negative","path",,"manner","B","car","1","path_before_manner",46.2964754205289,15.6688186742463,TRUE,
"exp1","exp1_120","Aff M C D_1",86,"affirmative","manner",,"conflated","D","plank","1","path_before_manner",46.2964754205289,15.6688186742463,TRUE,
"exp1","exp1_120","Aff P C E_1",30,"affirmative","path",,"conflated","E","chair","1","path_before_manner",46.2964754205289,15.6688186742463,TRUE,
"exp1","exp1_120","Aff C P A_1",7,"affirmative","conflated",,"path","A","leaf","1","path_before_manner",46.2964754205289,15.6688186742463,TRUE,
"exp1","exp1_120","Neg C M E_1",5,"negative","conflated",,"manner","E","chair","1","path_before_manner",46.2964754205289,15.6688186742463,TRUE,
"exp1","exp1_120","Aff C 0 A_1",0,"affirmative","conflated",,"no_motion","A","leaf","1","path_before_manner",46.2964754205289,15.6688186742463,TRUE,
"exp1","exp1_120","Aff M 0 B_1",0,"affirmative","manner",,"no_motion","B","car","1","path_before_manner",46.2964754205289,15.6688186742463,TRUE,
"exp1","exp1_120","Neg M M C_1",0,"negative","manner",,"manner","C","paper","1","path_before_manner",46.2964754205289,15.6688186742463,TRUE,
"exp1","exp1_119","Aff M C C_1",80,"affirmative","manner",,"conflated","C","paper","1","path_before_manner",30.855847635956,15.6688186742463,TRUE,
"exp1","exp1_119","Aff P P A_6",75,"affirmative","path",,"path","A","leaf","6","path_before_manner",30.855847635956,15.6688186742463,TRUE,
"exp1","exp1_119","Aff P C D_1",60,"affirmative","path",,"conflated","D","plank","1","path_before_manner",30.855847635956,15.6688186742463,TRUE,
"exp1","exp1_119","Neg C M C_1",50,"negative","conflated",,"manner","C","paper","1","path_before_manner",30.855847635956,15.6688186742463,TRUE,
"exp1","exp1_119","Aff C C D_1",30,"affirmative","conflated",,"conflated","D","plank","1","path_before_manner",30.855847635956,15.6688186742463,TRUE,
"exp1","exp1_119","Neg P M A_1",10,"negative","path",,"manner","A","leaf","1","path_before_manner",30.855847635956,15.6688186742463,TRUE,
"exp1","exp1_119","Neg M C B_1",10,"negative","manner",,"conflated","B","car","1","path_before_manner",30.855847635956,15.6688186742463,TRUE,
"exp1","exp1_119","Neg M M B_1",5,"negative","manner",,"manner","B","car","1","path_before_manner",30.855847635956,15.6688186742463,TRUE,
"exp1","exp1_119","Neg P 0 C_1",5,"negative","path",,"no_motion","C","paper","1","path_before_manner",30.855847635956,15.6688186742463,TRUE,
"exp1","exp1_119","Aff C 0 E_1",0,"affirmative","conflated",,"no_motion","E","chair","1","path_before_manner",30.855847635956,15.6688186742463,TRUE,
"exp1","exp1_119","Aff M 0 A_1",0,"affirmative","manner",,"no_motion","A","leaf","1","path_before_manner",30.855847635956,15.6688186742463,TRUE,
"exp1","exp1_119","Aff C P E_1",0,"affirmative","conflated",,"path","E","chair","1","path_before_manner",30.855847635956,15.6688186742463,TRUE,
"exp1","exp1_118","Aff C C A_1",84,"affirmative","conflated",,"conflated","A","leaf","1","path_before_manner",30.1434700702953,15.6688186742463,TRUE,
"exp1","exp1_118","Aff P C A_1",80,"affirmative","path",,"conflated","A","leaf","1","path_before_manner",30.1434700702953,15.6688186742463,TRUE,
"exp1","exp1_118","Neg P M C_1",80,"negative","path",,"manner","C","paper","1","path_before_manner",30.1434700702953,15.6688186742463,TRUE,
"exp1","exp1_118","Aff M C E_1",76,"affirmative","manner",,"conflated","E","chair","1","path_before_manner",30.1434700702953,15.6688186742463,TRUE,
"exp1","exp1_118","Neg P 0 E_1",66,"negative","path",,"no_motion","E","chair","1","path_before_manner",30.1434700702953,15.6688186742463,TRUE,
"exp1","exp1_118","Aff P P C_1",28,"affirmative","path",,"path","C","paper","1","path_before_manner",30.1434700702953,15.6688186742463,TRUE,
"exp1","exp1_118","Neg M M D_1",21,"negative","manner",,"manner","D","plank","1","path_before_manner",30.1434700702953,15.6688186742463,TRUE,
"exp1","exp1_118","Neg C M A_1",20,"negative","conflated",,"manner","A","leaf","1","path_before_manner",30.1434700702953,15.6688186742463,TRUE,
"exp1","exp1_118","Aff C 0 B_1",20,"affirmative","conflated",,"no_motion","B","car","1","path_before_manner",30.1434700702953,15.6688186742463,TRUE,
"exp1","exp1_118","Aff C P B_1",18,"affirmative","conflated",,"path","B","car","1","path_before_manner",30.1434700702953,15.6688186742463,TRUE,
"exp1","exp1_118","Aff M 0 C_1",16,"affirmative","manner",,"no_motion","C","paper","1","path_before_manner",30.1434700702953,15.6688186742463,TRUE,
"exp1","exp1_118","Neg M C D_1",14,"negative","manner",,"conflated","D","plank","1","path_before_manner",30.1434700702953,15.6688186742463,TRUE,
"exp1","exp1_117","Aff M M C_1",87,"affirmative","manner",,"manner","C","paper","1","path_before_manner",28.095076674274,15.6688186742463,TRUE,
"exp1","exp1_117","Aff C M B_1",68,"affirmative","conflated",,"manner","B","car","1","path_before_manner",28.095076674274,15.6688186742463,TRUE,
"exp1","exp1_117","Neg M 0 E_1",61,"negative","manner",,"no_motion","E","chair","1","path_before_manner",28.095076674274,15.6688186742463,TRUE,
"exp1","exp1_117","Neg M P A_1",60,"negative","manner",,"path","A","leaf","1","path_before_manner",28.095076674274,15.6688186742463,TRUE,
"exp1","exp1_117","Neg C 0 A_1",58,"negative","conflated",,"no_motion","A","leaf","1","path_before_manner",28.095076674274,15.6688186742463,TRUE,
"exp1","exp1_117","Neg C P D_1",55,"negative","conflated",,"path","D","plank","1","path_before_manner",28.095076674274,15.6688186742463,TRUE,
"exp1","exp1_117","Aff P M E_1",44,"affirmative","path",,"manner","E","chair","1","path_before_manner",28.095076674274,15.6688186742463,TRUE,
"exp1","exp1_117","Aff M P A_1",38,"affirmative","manner",,"path","A","leaf","1","path_before_manner",28.095076674274,15.6688186742463,TRUE,
"exp1","exp1_117","Neg P C C_1",29,"negative","path",,"conflated","C","paper","1","path_before_manner",28.095076674274,15.6688186742463,TRUE,
"exp1","exp1_117","Neg C C D_1",8,"negative","conflated",,"conflated","D","plank","1","path_before_manner",28.095076674274,15.6688186742463,TRUE,
"exp1","exp1_117","Aff P 0 B_1",0,"affirmative","path",,"no_motion","B","car","1","path_before_manner",28.095076674274,15.6688186742463,TRUE,
"exp1","exp1_117","Neg P P C_1",0,"negative","path",,"path","C","paper","1","path_before_manner",28.095076674274,15.6688186742463,TRUE,
"exp1","exp1_116","Neg M 0 A_1",76,"negative","manner",,"no_motion","A","leaf","1","path_before_manner",19.693676880941,15.6688186742463,TRUE,
"exp1","exp1_116","Aff M M D_1",66,"affirmative","manner",,"manner","D","plank","1","path_before_manner",19.693676880941,15.6688186742463,TRUE,
"exp1","exp1_116","Aff M P B_1",56,"affirmative","manner",,"path","B","car","1","path_before_manner",19.693676880941,15.6688186742463,TRUE,
"exp1","exp1_116","Aff P 0 A_1_1",53,"affirmative","path",,"no_motion","A","leaf","1_1","path_before_manner",19.693676880941,15.6688186742463,TRUE,
"exp1","exp1_116","Neg M P B_1",46,"negative","manner",,"path","B","car","1","path_before_manner",19.693676880941,15.6688186742463,TRUE,
"exp1","exp1_116","Aff P M A_1",40,"affirmative","path",,"manner","A","leaf","1","path_before_manner",19.693676880941,15.6688186742463,TRUE,
"exp1","exp1_116","Aff C M C_1",30,"affirmative","conflated",,"manner","C","paper","1","path_before_manner",19.693676880941,15.6688186742463,TRUE,
"exp1","exp1_116","Neg P C D_1",28,"negative","path",,"conflated","D","plank","1","path_before_manner",19.693676880941,15.6688186742463,TRUE,
"exp1","exp1_116","Neg C P E_1",25,"negative","conflated",,"path","E","chair","1","path_before_manner",19.693676880941,15.6688186742463,TRUE,
"exp1","exp1_116","Neg P P D_1",23,"negative","path",,"path","D","plank","1","path_before_manner",19.693676880941,15.6688186742463,TRUE,
"exp1","exp1_116","Neg C 0 B_1",20,"negative","conflated",,"no_motion","B","car","1","path_before_manner",19.693676880941,15.6688186742463,TRUE,
"exp1","exp1_116","Neg C C E_1",14,"negative","conflated",,"conflated","E","chair","1","path_before_manner",19.693676880941,15.6688186742463,TRUE,
"exp1","exp1_115","Neg C P B_1",94,"negative","conflated",,"path","B","car","1","path_before_manner",43.6806593356831,15.6688186742463,TRUE,
"exp1","exp1_115","Neg C 0 D_1",93,"negative","conflated",,"no_motion","D","plank","1","path_before_manner",43.6806593356831,15.6688186742463,TRUE,
"exp1","exp1_115","Neg M 0 C_1",91,"negative","manner",,"no_motion","C","paper","1","path_before_manner",43.6806593356831,15.6688186742463,TRUE,
"exp1","exp1_115","Aff C M E_1",91,"affirmative","conflated",,"manner","E","chair","1","path_before_manner",43.6806593356831,15.6688186742463,TRUE,
"exp1","exp1_115","Neg M P D_1",86,"negative","manner",,"path","D","plank","1","path_before_manner",43.6806593356831,15.6688186742463,TRUE,
"exp1","exp1_115","Aff M M A_1",83,"affirmative","manner",,"manner","A","leaf","1","path_before_manner",43.6806593356831,15.6688186742463,TRUE,
"exp1","exp1_115","Aff M P D_1",10,"affirmative","manner",,"path","D","plank","1","path_before_manner",43.6806593356831,15.6688186742463,TRUE,
"exp1","exp1_115","Neg P P A_1",9,"negative","path",,"path","A","leaf","1","path_before_manner",43.6806593356831,15.6688186742463,TRUE,
"exp1","exp1_115","Neg C C B_1",8,"negative","conflated",,"conflated","B","car","1","path_before_manner",43.6806593356831,15.6688186742463,TRUE,
"exp1","exp1_115","Neg P C A_1",7,"negative","path",,"conflated","A","leaf","1","path_before_manner",43.6806593356831,15.6688186742463,TRUE,
"exp1","exp1_115","Aff P 0 E_1",3,"affirmative","path",,"no_motion","E","chair","1","path_before_manner",43.6806593356831,15.6688186742463,TRUE,
"exp1","exp1_115","Aff P M C_1",1,"affirmative","path",,"manner","C","paper","1","path_before_manner",43.6806593356831,15.6688186742463,TRUE,
"exp1","exp1_114","Neg C 0 D_1",86,"negative","conflated",,"no_motion","D","plank","1","path_before_manner",40.2883545848117,15.6688186742463,TRUE,
"exp1","exp1_114","Neg M 0 C_1",83,"negative","manner",,"no_motion","C","paper","1","path_before_manner",40.2883545848117,15.6688186742463,TRUE,
"exp1","exp1_114","Aff M M A_1",81,"affirmative","manner",,"manner","A","leaf","1","path_before_manner",40.2883545848117,15.6688186742463,TRUE,
"exp1","exp1_114","Neg M P D_1",81,"negative","manner",,"path","D","plank","1","path_before_manner",40.2883545848117,15.6688186742463,TRUE,
"exp1","exp1_114","Aff C M E_1",9,"affirmative","conflated",,"manner","E","chair","1","path_before_manner",40.2883545848117,15.6688186742463,TRUE,
"exp1","exp1_114","Neg C P B_1",0,"negative","conflated",,"path","B","car","1","path_before_manner",40.2883545848117,15.6688186742463,TRUE,
"exp1","exp1_114","Neg P C A_1",0,"negative","path",,"conflated","A","leaf","1","path_before_manner",40.2883545848117,15.6688186742463,TRUE,
"exp1","exp1_114","Neg P P A_1",0,"negative","path",,"path","A","leaf","1","path_before_manner",40.2883545848117,15.6688186742463,TRUE,
"exp1","exp1_114","Aff P M C_1",0,"affirmative","path",,"manner","C","paper","1","path_before_manner",40.2883545848117,15.6688186742463,TRUE,
"exp1","exp1_114","Aff M P D_1",0,"affirmative","manner",,"path","D","plank","1","path_before_manner",40.2883545848117,15.6688186742463,TRUE,
"exp1","exp1_114","Neg C C B_1",0,"negative","conflated",,"conflated","B","car","1","path_before_manner",40.2883545848117,15.6688186742463,TRUE,
"exp1","exp1_114","Aff P 0 E_1",0,"affirmative","path",,"no_motion","E","chair","1","path_before_manner",40.2883545848117,15.6688186742463,TRUE,
"exp1","exp1_113","Aff P P A_6",88,"affirmative","path",,"path","A","leaf","6","path_before_manner",32.6686764997057,15.6688186742463,TRUE,
"exp1","exp1_113","Aff M C C_1",86,"affirmative","manner",,"conflated","C","paper","1","path_before_manner",32.6686764997057,15.6688186742463,TRUE,
"exp1","exp1_113","Neg P 0 C_1",74,"negative","path",,"no_motion","C","paper","1","path_before_manner",32.6686764997057,15.6688186742463,TRUE,
"exp1","exp1_113","Aff P C D_1",60,"affirmative","path",,"conflated","D","plank","1","path_before_manner",32.6686764997057,15.6688186742463,TRUE,
"exp1","exp1_113","Neg P M A_1",54,"negative","path",,"manner","A","leaf","1","path_before_manner",32.6686764997057,15.6688186742463,TRUE,
"exp1","exp1_113","Neg M M B_1",44,"negative","manner",,"manner","B","car","1","path_before_manner",32.6686764997057,15.6688186742463,TRUE,
"exp1","exp1_113","Aff M 0 A_1",20,"affirmative","manner",,"no_motion","A","leaf","1","path_before_manner",32.6686764997057,15.6688186742463,TRUE,
"exp1","exp1_113","Aff C P E_1",14,"affirmative","conflated",,"path","E","chair","1","path_before_manner",32.6686764997057,15.6688186742463,TRUE,
"exp1","exp1_113","Neg M C B_1",8,"negative","manner",,"conflated","B","car","1","path_before_manner",32.6686764997057,15.6688186742463,TRUE,
"exp1","exp1_113","Neg C M C_1",6,"negative","conflated",,"manner","C","paper","1","path_before_manner",32.6686764997057,15.6688186742463,TRUE,
"exp1","exp1_113","Aff C 0 E_1",6,"affirmative","conflated",,"no_motion","E","chair","1","path_before_manner",32.6686764997057,15.6688186742463,TRUE,
"exp1","exp1_113","Aff C C D_1",6,"affirmative","conflated",,"conflated","D","plank","1","path_before_manner",32.6686764997057,15.6688186742463,TRUE,
"exp1","exp1_112","Aff M C A_1",91,"affirmative","manner",,"conflated","A","leaf","1","path_before_manner",34.1523990904938,15.6688186742463,TRUE,
"exp1","exp1_112","Aff P P D_1",88,"affirmative","path",,"path","D","plank","1","path_before_manner",34.1523990904938,15.6688186742463,TRUE,
"exp1","exp1_112","Neg P M D_1",80,"negative","path",,"manner","D","plank","1","path_before_manner",34.1523990904938,15.6688186742463,TRUE,
"exp1","exp1_112","Aff P C B_1",78,"affirmative","path",,"conflated","B","car","1","path_before_manner",34.1523990904938,15.6688186742463,TRUE,
"exp1","exp1_112","Neg C M B_1",57,"negative","conflated",,"manner","B","car","1","path_before_manner",34.1523990904938,15.6688186742463,TRUE,
"exp1","exp1_112","Aff C C B_1",40,"affirmative","conflated",,"conflated","B","car","1","path_before_manner",34.1523990904938,15.6688186742463,TRUE,
"exp1","exp1_112","Aff C P C_1",34,"affirmative","conflated",,"path","C","paper","1","path_before_manner",34.1523990904938,15.6688186742463,TRUE,
"exp1","exp1_112","Neg P 0 A_1",32,"negative","path",,"no_motion","A","leaf","1","path_before_manner",34.1523990904938,15.6688186742463,TRUE,
"exp1","exp1_112","Aff C 0 C_1",14,"affirmative","conflated",,"no_motion","C","paper","1","path_before_manner",34.1523990904938,15.6688186742463,TRUE,
"exp1","exp1_112","Neg M M E_1",7,"negative","manner",,"manner","E","chair","1","path_before_manner",34.1523990904938,15.6688186742463,TRUE,
"exp1","exp1_112","Neg M C E_1",4,"negative","manner",,"conflated","E","chair","1","path_before_manner",34.1523990904938,15.6688186742463,TRUE,
"exp1","exp1_112","Aff M 0 D_1",0,"affirmative","manner",,"no_motion","D","plank","1","path_before_manner",34.1523990904938,15.6688186742463,TRUE,
"exp1","exp1_111","Neg M P E_1",100,"negative","manner",,"path","E","chair","1","path_before_manner",43.6649606421303,15.6688186742463,TRUE,
"exp1","exp1_111","Aff M M B_1",100,"affirmative","manner",,"manner","B","car","1","path_before_manner",43.6649606421303,15.6688186742463,TRUE,
"exp1","exp1_111","Neg M 0 D_1",95,"negative","manner",,"no_motion","D","plank","1","path_before_manner",43.6649606421303,15.6688186742463,TRUE,
"exp1","exp1_111","Neg C 0 E_1",80,"negative","conflated",,"no_motion","E","chair","1","path_before_manner",43.6649606421303,15.6688186742463,TRUE,
"exp1","exp1_111","Aff C M A_1",70,"affirmative","conflated",,"manner","A","leaf","1","path_before_manner",43.6649606421303,15.6688186742463,TRUE,
"exp1","exp1_111","Neg C P C_1",65,"negative","conflated",,"path","C","paper","1","path_before_manner",43.6649606421303,15.6688186742463,TRUE,
"exp1","exp1_111","Aff P M D_1",55,"affirmative","path",,"manner","D","plank","1","path_before_manner",43.6649606421303,15.6688186742463,TRUE,
"exp1","exp1_111","Neg C C C_1",0,"negative","conflated",,"conflated","C","paper","1","path_before_manner",43.6649606421303,15.6688186742463,TRUE,
"exp1","exp1_111","Neg P C B_1",0,"negative","path",,"conflated","B","car","1","path_before_manner",43.6649606421303,15.6688186742463,TRUE,
"exp1","exp1_111","Aff M P E_1",0,"affirmative","manner",,"path","E","chair","1","path_before_manner",43.6649606421303,15.6688186742463,TRUE,
"exp1","exp1_111","Neg P P B_1",0,"negative","path",,"path","B","car","1","path_before_manner",43.6649606421303,15.6688186742463,TRUE,
"exp1","exp1_111","Aff P 0 A_1",0,"affirmative","path",,"no_motion","A","leaf","1","path_before_manner",43.6649606421303,15.6688186742463,TRUE,
"exp1","exp1_110","Neg M M C_1",100,"negative","manner",,"manner","C","paper","1","path_before_manner",41.8098147097139,15.6688186742463,TRUE,
"exp1","exp1_110","Neg M C C_1",100,"negative","manner",,"conflated","C","paper","1","path_before_manner",41.8098147097139,15.6688186742463,TRUE,
"exp1","exp1_110","Aff M C D_1",65,"affirmative","manner",,"conflated","D","plank","1","path_before_manner",41.8098147097139,15.6688186742463,TRUE,
"exp1","exp1_110","Aff M 0 B_1",63,"affirmative","manner",,"no_motion","B","car","1","path_before_manner",41.8098147097139,15.6688186742463,TRUE,
"exp1","exp1_110","Aff C C E_1",0,"affirmative","conflated",,"conflated","E","chair","1","path_before_manner",41.8098147097139,15.6688186742463,TRUE,
"exp1","exp1_110","Aff C P A_1",0,"affirmative","conflated",,"path","A","leaf","1","path_before_manner",41.8098147097139,15.6688186742463,TRUE,
"exp1","exp1_110","Aff P P B_1",0,"affirmative","path",,"path","B","car","1","path_before_manner",41.8098147097139,15.6688186742463,TRUE,
"exp1","exp1_110","Neg P M B_1",0,"negative","path",,"manner","B","car","1","path_before_manner",41.8098147097139,15.6688186742463,TRUE,
"exp1","exp1_110","Neg C M E_1",0,"negative","conflated",,"manner","E","chair","1","path_before_manner",41.8098147097139,15.6688186742463,TRUE,
"exp1","exp1_110","Neg P 0 D_1",0,"negative","path",,"no_motion","D","plank","1","path_before_manner",41.8098147097139,15.6688186742463,TRUE,
"exp1","exp1_110","Aff P C E_1",0,"affirmative","path",,"conflated","E","chair","1","path_before_manner",41.8098147097139,15.6688186742463,TRUE,
"exp1","exp1_110","Aff C 0 A_1",0,"affirmative","conflated",,"no_motion","A","leaf","1","path_before_manner",41.8098147097139,15.6688186742463,TRUE,
"exp1","exp1_109","Aff M C A_1",100,"affirmative","manner",,"conflated","A","leaf","1","path_before_manner",43.2906841402782,15.6688186742463,TRUE,
"exp1","exp1_109","Aff C C B_1",100,"affirmative","conflated",,"conflated","B","car","1","path_before_manner",43.2906841402782,15.6688186742463,TRUE,
"exp1","exp1_109","Aff P C B_1",90,"affirmative","path",,"conflated","B","car","1","path_before_manner",43.2906841402782,15.6688186742463,TRUE,
"exp1","exp1_109","Aff C 0 C_1",50,"affirmative","conflated",,"no_motion","C","paper","1","path_before_manner",43.2906841402782,15.6688186742463,TRUE,
"exp1","exp1_109","Neg P 0 A_1",7,"negative","path",,"no_motion","A","leaf","1","path_before_manner",43.2906841402782,15.6688186742463,TRUE,
"exp1","exp1_109","Neg P M D_1",0,"negative","path",,"manner","D","plank","1","path_before_manner",43.2906841402782,15.6688186742463,TRUE,
"exp1","exp1_109","Aff M 0 D_1",0,"affirmative","manner",,"no_motion","D","plank","1","path_before_manner",43.2906841402782,15.6688186742463,TRUE,
"exp1","exp1_109","Neg M C E_1",0,"negative","manner",,"conflated","E","chair","1","path_before_manner",43.2906841402782,15.6688186742463,TRUE,
"exp1","exp1_109","Neg M M E_1",0,"negative","manner",,"manner","E","chair","1","path_before_manner",43.2906841402782,15.6688186742463,TRUE,
"exp1","exp1_109","Aff C P C_1",0,"affirmative","conflated",,"path","C","paper","1","path_before_manner",43.2906841402782,15.6688186742463,TRUE,
"exp1","exp1_109","Aff P P D_1",0,"affirmative","path",,"path","D","plank","1","path_before_manner",43.2906841402782,15.6688186742463,TRUE,
"exp1","exp1_109","Neg C M B_1",0,"negative","conflated",,"manner","B","car","1","path_before_manner",43.2906841402782,15.6688186742463,TRUE,
"exp1","exp1_108","Aff C C E_1",100,"affirmative","conflated",,"conflated","E","chair","1","path_before_manner",48.5463695862008,15.6688186742463,TRUE,
"exp1","exp1_108","Aff P C E_1",100,"affirmative","path",,"conflated","E","chair","1","path_before_manner",48.5463695862008,15.6688186742463,TRUE,
"exp1","exp1_108","Neg P 0 D_1",100,"negative","path",,"no_motion","D","plank","1","path_before_manner",48.5463695862008,15.6688186742463,TRUE,
"exp1","exp1_108","Neg C M E_1",100,"negative","conflated",,"manner","E","chair","1","path_before_manner",48.5463695862008,15.6688186742463,TRUE,
"exp1","exp1_108","Neg M C C_1",100,"negative","manner",,"conflated","C","paper","1","path_before_manner",48.5463695862008,15.6688186742463,TRUE,
"exp1","exp1_108","Aff M C D_1",100,"affirmative","manner",,"conflated","D","plank","1","path_before_manner",48.5463695862008,15.6688186742463,TRUE,
"exp1","exp1_108","Aff P P B_1",100,"affirmative","path",,"path","B","car","1","path_before_manner",48.5463695862008,15.6688186742463,TRUE,
"exp1","exp1_108","Neg P M B_1",41,"negative","path",,"manner","B","car","1","path_before_manner",48.5463695862008,15.6688186742463,TRUE,
"exp1","exp1_108","Aff C 0 A_1",0,"affirmative","conflated",,"no_motion","A","leaf","1","path_before_manner",48.5463695862008,15.6688186742463,TRUE,
"exp1","exp1_108","Aff M 0 B_1",0,"affirmative","manner",,"no_motion","B","car","1","path_before_manner",48.5463695862008,15.6688186742463,TRUE,
"exp1","exp1_108","Neg M M C_1",0,"negative","manner",,"manner","C","paper","1","path_before_manner",48.5463695862008,15.6688186742463,TRUE,
"exp1","exp1_108","Aff C P A_1",0,"affirmative","conflated",,"path","A","leaf","1","path_before_manner",48.5463695862008,15.6688186742463,TRUE,
"exp1","exp1_107","Aff C C B_1",92,"affirmative","conflated",,"conflated","B","car","1","path_before_manner",28.6624820765383,15.6688186742463,TRUE,
"exp1","exp1_107","Neg M C E_1",60,"negative","manner",,"conflated","E","chair","1","path_before_manner",28.6624820765383,15.6688186742463,TRUE,
"exp1","exp1_107","Aff M C A_1",51,"affirmative","manner",,"conflated","A","leaf","1","path_before_manner",28.6624820765383,15.6688186742463,TRUE,
"exp1","exp1_107","Aff P C B_1",31,"affirmative","path",,"conflated","B","car","1","path_before_manner",28.6624820765383,15.6688186742463,TRUE,
"exp1","exp1_107","Aff P P D_1",25,"affirmative","path",,"path","D","plank","1","path_before_manner",28.6624820765383,15.6688186742463,TRUE,
"exp1","exp1_107","Neg P M D_1",17,"negative","path",,"manner","D","plank","1","path_before_manner",28.6624820765383,15.6688186742463,TRUE,
"exp1","exp1_107","Neg M M E_1",15,"negative","manner",,"manner","E","chair","1","path_before_manner",28.6624820765383,15.6688186742463,TRUE,
"exp1","exp1_107","Neg C M B_1",10,"negative","conflated",,"manner","B","car","1","path_before_manner",28.6624820765383,15.6688186742463,TRUE,
"exp1","exp1_107","Aff C P C_1",5,"affirmative","conflated",,"path","C","paper","1","path_before_manner",28.6624820765383,15.6688186742463,TRUE,
"exp1","exp1_107","Aff M 0 D_1",1,"affirmative","manner",,"no_motion","D","plank","1","path_before_manner",28.6624820765383,15.6688186742463,TRUE,
"exp1","exp1_107","Neg P 0 A_1",0,"negative","path",,"no_motion","A","leaf","1","path_before_manner",28.6624820765383,15.6688186742463,TRUE,
"exp1","exp1_107","Aff C 0 C_1",0,"affirmative","conflated",,"no_motion","C","paper","1","path_before_manner",28.6624820765383,15.6688186742463,TRUE,
"exp1","exp1_106","Aff M C D_1",100,"affirmative","manner",,"conflated","D","plank","1","path_before_manner",43.6476074529136,15.6688186742463,TRUE,
"exp1","exp1_106","Aff P P B_1",100,"affirmative","path",,"path","B","car","1","path_before_manner",43.6476074529136,15.6688186742463,TRUE,
"exp1","exp1_106","Aff P C E_1",90,"affirmative","path",,"conflated","E","chair","1","path_before_manner",43.6476074529136,15.6688186742463,TRUE,
"exp1","exp1_106","Aff C C E_1",79,"affirmative","conflated",,"conflated","E","chair","1","path_before_manner",43.6476074529136,15.6688186742463,TRUE,
"exp1","exp1_106","Neg P M B_1",71,"negative","path",,"manner","B","car","1","path_before_manner",43.6476074529136,15.6688186742463,TRUE,
"exp1","exp1_106","Aff C P A_1",43,"affirmative","conflated",,"path","A","leaf","1","path_before_manner",43.6476074529136,15.6688186742463,TRUE,
"exp1","exp1_106","Neg C M E_1",12,"negative","conflated",,"manner","E","chair","1","path_before_manner",43.6476074529136,15.6688186742463,TRUE,
"exp1","exp1_106","Neg M C C_1",0,"negative","manner",,"conflated","C","paper","1","path_before_manner",43.6476074529136,15.6688186742463,TRUE,
"exp1","exp1_106","Neg M M C_1",0,"negative","manner",,"manner","C","paper","1","path_before_manner",43.6476074529136,15.6688186742463,TRUE,
"exp1","exp1_106","Aff M 0 B_1",0,"affirmative","manner",,"no_motion","B","car","1","path_before_manner",43.6476074529136,15.6688186742463,TRUE,
"exp1","exp1_106","Aff C 0 A_1",0,"affirmative","conflated",,"no_motion","A","leaf","1","path_before_manner",43.6476074529136,15.6688186742463,TRUE,
"exp1","exp1_106","Neg P 0 D_1",0,"negative","path",,"no_motion","D","plank","1","path_before_manner",43.6476074529136,15.6688186742463,TRUE,
"exp1","exp1_105","Aff M M E_1",89,"affirmative","manner",,"manner","E","chair","1","path_before_manner",25.3227649407095,15.6688186742463,TRUE,
"exp1","exp1_105","Aff P M B_1",64,"affirmative","path",,"manner","B","car","1","path_before_manner",25.3227649407095,15.6688186742463,TRUE,
"exp1","exp1_105","Aff P 0 D_1",50,"affirmative","path",,"no_motion","D","plank","1","path_before_manner",25.3227649407095,15.6688186742463,TRUE,
"exp1","exp1_105","Neg M 0 B_1",36,"negative","manner",,"no_motion","B","car","1","path_before_manner",25.3227649407095,15.6688186742463,TRUE,
"exp1","exp1_105","Neg C C A_1",24,"negative","conflated",,"conflated","A","leaf","1","path_before_manner",25.3227649407095,15.6688186742463,TRUE,
"exp1","exp1_105","Neg C P A_1",22,"negative","conflated",,"path","A","leaf","1","path_before_manner",25.3227649407095,15.6688186742463,TRUE,
"exp1","exp1_105","Neg P P E_1",22,"negative","path",,"path","E","chair","1","path_before_manner",25.3227649407095,15.6688186742463,TRUE,
"exp1","exp1_105","Neg P C E_1",22,"negative","path",,"conflated","E","chair","1","path_before_manner",25.3227649407095,15.6688186742463,TRUE,
"exp1","exp1_105","Neg M P C_1",20,"negative","manner",,"path","C","paper","1","path_before_manner",25.3227649407095,15.6688186742463,TRUE,
"exp1","exp1_105","Neg C 0 C_1",11,"negative","conflated",,"no_motion","C","paper","1","path_before_manner",25.3227649407095,15.6688186742463,TRUE,
"exp1","exp1_105","Aff M P C_1",10,"affirmative","manner",,"path","C","paper","1","path_before_manner",25.3227649407095,15.6688186742463,TRUE,
"exp1","exp1_105","Aff C M D_1",0,"affirmative","conflated",,"manner","D","plank","1","path_before_manner",25.3227649407095,15.6688186742463,TRUE,
"exp1","exp1_104","Aff M M E_1",100,"affirmative","manner",,"manner","E","chair","1","path_before_manner",10.925019936186,15.6688186742463,FALSE,"low_response_variability"
"exp1","exp1_104","Neg M 0 B_1",100,"negative","manner",,"no_motion","B","car","1","path_before_manner",10.925019936186,15.6688186742463,FALSE,"low_response_variability"
"exp1","exp1_104","Aff P 0 D_1",99,"affirmative","path",,"no_motion","D","plank","1","path_before_manner",10.925019936186,15.6688186742463,FALSE,"low_response_variability"
"exp1","exp1_104","Aff M P C_1",90,"affirmative","manner",,"path","C","paper","1","path_before_manner",10.925019936186,15.6688186742463,FALSE,"low_response_variability"
"exp1","exp1_104","Neg P C E_1",90,"negative","path",,"conflated","E","chair","1","path_before_manner",10.925019936186,15.6688186742463,FALSE,"low_response_variability"
"exp1","exp1_104","Aff P M B_1",86,"affirmative","path",,"manner","B","car","1","path_before_manner",10.925019936186,15.6688186742463,FALSE,"low_response_variability"
"exp1","exp1_104","Neg M P C_1",83,"negative","manner",,"path","C","paper","1","path_before_manner",10.925019936186,15.6688186742463,FALSE,"low_response_variability"
"exp1","exp1_104","Neg C C A_1",83,"negative","conflated",,"conflated","A","leaf","1","path_before_manner",10.925019936186,15.6688186742463,FALSE,"low_response_variability"
"exp1","exp1_104","Neg C 0 C_1",82,"negative","conflated",,"no_motion","C","paper","1","path_before_manner",10.925019936186,15.6688186742463,FALSE,"low_response_variability"
"exp1","exp1_104","Neg P P E_1",80,"negative","path",,"path","E","chair","1","path_before_manner",10.925019936186,15.6688186742463,FALSE,"low_response_variability"
"exp1","exp1_104","Aff C M D_1",75,"affirmative","conflated",,"manner","D","plank","1","path_before_manner",10.925019936186,15.6688186742463,FALSE,"low_response_variability"
"exp1","exp1_104","Neg C P A_1",63,"negative","conflated",,"path","A","leaf","1","path_before_manner",10.925019936186,15.6688186742463,FALSE,"low_response_variability"
"exp1","exp1_103","Aff P P A_6",100,"affirmative","path",,"path","A","leaf","6","path_before_manner",39.8157689181743,15.6688186742463,TRUE,
"exp1","exp1_103","Aff M C C_1",100,"affirmative","manner",,"conflated","C","paper","1","path_before_manner",39.8157689181743,15.6688186742463,TRUE,
"exp1","exp1_103","Neg P 0 C_1",63,"negative","path",,"no_motion","C","paper","1","path_before_manner",39.8157689181743,15.6688186742463,TRUE,
"exp1","exp1_103","Aff C C D_1",54,"affirmative","conflated",,"conflated","D","plank","1","path_before_manner",39.8157689181743,15.6688186742463,TRUE,
"exp1","exp1_103","Aff P C D_1",28,"affirmative","path",,"conflated","D","plank","1","path_before_manner",39.8157689181743,15.6688186742463,TRUE,
"exp1","exp1_103","Neg C M C_1",6,"negative","conflated",,"manner","C","paper","1","path_before_manner",39.8157689181743,15.6688186742463,TRUE,
"exp1","exp1_103","Neg M M B_1",0,"negative","manner",,"manner","B","car","1","path_before_manner",39.8157689181743,15.6688186742463,TRUE,
"exp1","exp1_103","Neg M C B_1",0,"negative","manner",,"conflated","B","car","1","path_before_manner",39.8157689181743,15.6688186742463,TRUE,
"exp1","exp1_103","Aff C P E_1",0,"affirmative","conflated",,"path","E","chair","1","path_before_manner",39.8157689181743,15.6688186742463,TRUE,
"exp1","exp1_103","Neg P M A_1",0,"negative","path",,"manner","A","leaf","1","path_before_manner",39.8157689181743,15.6688186742463,TRUE,
"exp1","exp1_103","Aff C 0 E_1",0,"affirmative","conflated",,"no_motion","E","chair","1","path_before_manner",39.8157689181743,15.6688186742463,TRUE,
"exp1","exp1_103","Aff M 0 A_1",0,"affirmative","manner",,"no_motion","A","leaf","1","path_before_manner",39.8157689181743,15.6688186742463,TRUE,
"exp1","exp1_102","Aff M P B_1",88,"affirmative","manner",,"path","B","car","1","path_before_manner",16.7411215727965,15.6688186742463,TRUE,
"exp1","exp1_102","Aff P 0 A_1_1",88,"affirmative","path",,"no_motion","A","leaf","1_1","path_before_manner",16.7411215727965,15.6688186742463,TRUE,
"exp1","exp1_102","Neg C C E_1",86,"negative","conflated",,"conflated","E","chair","1","path_before_manner",16.7411215727965,15.6688186742463,TRUE,
"exp1","exp1_102","Aff C M C_1",83,"affirmative","conflated",,"manner","C","paper","1","path_before_manner",16.7411215727965,15.6688186742463,TRUE,
"exp1","exp1_102","Neg P C D_1",81,"negative","path",,"conflated","D","plank","1","path_before_manner",16.7411215727965,15.6688186742463,TRUE,
"exp1","exp1_102","Neg P P D_1",81,"negative","path",,"path","D","plank","1","path_before_manner",16.7411215727965,15.6688186742463,TRUE,
"exp1","exp1_102","Neg M P B_1",81,"negative","manner",,"path","B","car","1","path_before_manner",16.7411215727965,15.6688186742463,TRUE,
"exp1","exp1_102","Aff P M A_1",78,"affirmative","path",,"manner","A","leaf","1","path_before_manner",16.7411215727965,15.6688186742463,TRUE,
"exp1","exp1_102","Aff M M D_1",62,"affirmative","manner",,"manner","D","plank","1","path_before_manner",16.7411215727965,15.6688186742463,TRUE,
"exp1","exp1_102","Neg M 0 A_1",48,"negative","manner",,"no_motion","A","leaf","1","path_before_manner",16.7411215727965,15.6688186742463,TRUE,
"exp1","exp1_102","Neg C 0 B_1",47,"negative","conflated",,"no_motion","B","car","1","path_before_manner",16.7411215727965,15.6688186742463,TRUE,
"exp1","exp1_102","Neg C P E_1",46,"negative","conflated",,"path","E","chair","1","path_before_manner",16.7411215727965,15.6688186742463,TRUE,
"exp1","exp1_101","Aff C C A_1",96,"affirmative","conflated",,"conflated","A","leaf","1","path_before_manner",34.3285154018779,15.6688186742463,TRUE,
"exp1","exp1_101","Aff M C E_1",95,"affirmative","manner",,"conflated","E","chair","1","path_before_manner",34.3285154018779,15.6688186742463,TRUE,
"exp1","exp1_101","Aff P C A_1",91,"affirmative","path",,"conflated","A","leaf","1","path_before_manner",34.3285154018779,15.6688186742463,TRUE,
"exp1","exp1_101","Neg P 0 E_1",89,"negative","path",,"no_motion","E","chair","1","path_before_manner",34.3285154018779,15.6688186742463,TRUE,
"exp1","exp1_101","Neg P M C_1",86,"negative","path",,"manner","C","paper","1","path_before_manner",34.3285154018779,15.6688186742463,TRUE,
"exp1","exp1_101","Aff P P C_1",78,"affirmative","path",,"path","C","paper","1","path_before_manner",34.3285154018779,15.6688186742463,TRUE,
"exp1","exp1_101","Neg M M D_1",32,"negative","manner",,"manner","D","plank","1","path_before_manner",34.3285154018779,15.6688186742463,TRUE,
"exp1","exp1_101","Aff M 0 C_1",31,"affirmative","manner",,"no_motion","C","paper","1","path_before_manner",34.3285154018779,15.6688186742463,TRUE,
"exp1","exp1_101","Neg M C D_1",28,"negative","manner",,"conflated","D","plank","1","path_before_manner",34.3285154018779,15.6688186742463,TRUE,
"exp1","exp1_101","Aff C P B_1",25,"affirmative","conflated",,"path","B","car","1","path_before_manner",34.3285154018779,15.6688186742463,TRUE,
"exp1","exp1_101","Aff C 0 B_1",18,"affirmative","conflated",,"no_motion","B","car","1","path_before_manner",34.3285154018779,15.6688186742463,TRUE,
"exp1","exp1_101","Neg C M A_1",14,"negative","conflated",,"manner","A","leaf","1","path_before_manner",34.3285154018779,15.6688186742463,TRUE,
"exp1","exp1_100","Aff M C B_1",100,"affirmative","manner",,"conflated","B","car","1","path_before_manner",40.7572265390018,15.6688186742463,TRUE,
"exp1","exp1_100","Aff P C C_1",100,"affirmative","path",,"conflated","C","paper","1","path_before_manner",40.7572265390018,15.6688186742463,TRUE,
"exp1","exp1_100","Aff P P E_1",100,"affirmative","path",,"path","E","chair","1","path_before_manner",40.7572265390018,15.6688186742463,TRUE,
"exp1","exp1_100","Aff C C C_1",86,"affirmative","conflated",,"conflated","C","paper","1","path_before_manner",40.7572265390018,15.6688186742463,TRUE,
"exp1","exp1_100","Neg M M A_1",52,"negative","manner",,"manner","A","leaf","1","path_before_manner",40.7572265390018,15.6688186742463,TRUE,
"exp1","exp1_100","Neg P 0 B_1",50,"negative","path",,"no_motion","B","car","1","path_before_manner",40.7572265390018,15.6688186742463,TRUE,
"exp1","exp1_100","Neg M C A_1",31,"negative","manner",,"conflated","A","leaf","1","path_before_manner",40.7572265390018,15.6688186742463,TRUE,
"exp1","exp1_100","Neg P M E_1",22,"negative","path",,"manner","E","chair","1","path_before_manner",40.7572265390018,15.6688186742463,TRUE,
"exp1","exp1_100","Neg C M D_1",19,"negative","conflated",,"manner","D","plank","1","path_before_manner",40.7572265390018,15.6688186742463,TRUE,
"exp1","exp1_100","Aff C 0 D_1",0,"affirmative","conflated",,"no_motion","D","plank","1","path_before_manner",40.7572265390018,15.6688186742463,TRUE,
"exp1","exp1_100","Aff M 0 E_1",0,"affirmative","manner",,"no_motion","E","chair","1","path_before_manner",40.7572265390018,15.6688186742463,TRUE,
"exp1","exp1_100","Aff C P D_1",0,"affirmative","conflated",,"path","D","plank","1","path_before_manner",40.7572265390018,15.6688186742463,TRUE,
"exp1","exp1_099","Aff M C C_1",100,"affirmative","manner",,"conflated","C","paper","1","path_before_manner",28.6462224491478,15.6688186742463,FALSE,"reported_inattention"
"exp1","exp1_099","Neg M C B_1",97,"negative","manner",,"conflated","B","car","1","path_before_manner",28.6462224491478,15.6688186742463,FALSE,"reported_inattention"
"exp1","exp1_099","Aff C P E_1",96,"affirmative","conflated",,"path","E","chair","1","path_before_manner",28.6462224491478,15.6688186742463,FALSE,"reported_inattention"
"exp1","exp1_099","Aff P C D_1",80,"affirmative","path",,"conflated","D","plank","1","path_before_manner",28.6462224491478,15.6688186742463,FALSE,"reported_inattention"
"exp1","exp1_099","Neg M M B_1",74,"negative","manner",,"manner","B","car","1","path_before_manner",28.6462224491478,15.6688186742463,FALSE,"reported_inattention"
"exp1","exp1_099","Aff C C D_1",70,"affirmative","conflated",,"conflated","D","plank","1","path_before_manner",28.6462224491478,15.6688186742463,FALSE,"reported_inattention"
"exp1","exp1_099","Aff M 0 A_1",69,"affirmative","manner",,"no_motion","A","leaf","1","path_before_manner",28.6462224491478,15.6688186742463,FALSE,"reported_inattention"
"exp1","exp1_099","Aff P P A_6",60,"affirmative","path",,"path","A","leaf","6","path_before_manner",28.6462224491478,15.6688186742463,FALSE,"reported_inattention"
"exp1","exp1_099","Aff C 0 E_1",36,"affirmative","conflated",,"no_motion","E","chair","1","path_before_manner",28.6462224491478,15.6688186742463,FALSE,"reported_inattention"
"exp1","exp1_099","Neg C M C_1",33,"negative","conflated",,"manner","C","paper","1","path_before_manner",28.6462224491478,15.6688186742463,FALSE,"reported_inattention"
"exp1","exp1_099","Neg P M A_1",23,"negative","path",,"manner","A","leaf","1","path_before_manner",28.6462224491478,15.6688186742463,FALSE,"reported_inattention"
"exp1","exp1_099","Neg P 0 C_1",22,"negative","path",,"no_motion","C","paper","1","path_before_manner",28.6462224491478,15.6688186742463,FALSE,"reported_inattention"
"exp1","exp1_098","Aff P P A_6",99,"affirmative","path",,"path","A","leaf","6","path_before_manner",36.6294921746084,15.6688186742463,TRUE,
"exp1","exp1_098","Aff P C D_1",97,"affirmative","path",,"conflated","D","plank","1","path_before_manner",36.6294921746084,15.6688186742463,TRUE,
"exp1","exp1_098","Aff M C C_1",92,"affirmative","manner",,"conflated","C","paper","1","path_before_manner",36.6294921746084,15.6688186742463,TRUE,
"exp1","exp1_098","Aff C C D_1",63,"affirmative","conflated",,"conflated","D","plank","1","path_before_manner",36.6294921746084,15.6688186742463,TRUE,
"exp1","exp1_098","Aff C P E_1",60,"affirmative","conflated",,"path","E","chair","1","path_before_manner",36.6294921746084,15.6688186742463,TRUE,
"exp1","exp1_098","Neg M C B_1",32,"negative","manner",,"conflated","B","car","1","path_before_manner",36.6294921746084,15.6688186742463,TRUE,
"exp1","exp1_098","Neg C M C_1",31,"negative","conflated",,"manner","C","paper","1","path_before_manner",36.6294921746084,15.6688186742463,TRUE,
"exp1","exp1_098","Neg P M A_1",24,"negative","path",,"manner","A","leaf","1","path_before_manner",36.6294921746084,15.6688186742463,TRUE,
"exp1","exp1_098","Neg M M B_1",11,"negative","manner",,"manner","B","car","1","path_before_manner",36.6294921746084,15.6688186742463,TRUE,
"exp1","exp1_098","Aff M 0 A_1",9,"affirmative","manner",,"no_motion","A","leaf","1","path_before_manner",36.6294921746084,15.6688186742463,TRUE,
"exp1","exp1_098","Aff C 0 E_1",8,"affirmative","conflated",,"no_motion","E","chair","1","path_before_manner",36.6294921746084,15.6688186742463,TRUE,
"exp1","exp1_098","Neg P 0 C_1",3,"negative","path",,"no_motion","C","paper","1","path_before_manner",36.6294921746084,15.6688186742463,TRUE,
"exp1","exp1_097","Aff P P C_1",89,"affirmative","path",,"path","C","paper","1","path_before_manner",20.5153305573853,15.6688186742463,TRUE,
"exp1","exp1_097","Neg P 0 E_1",84,"negative","path",,"no_motion","E","chair","1","path_before_manner",20.5153305573853,15.6688186742463,TRUE,
"exp1","exp1_097","Aff C 0 B_1",82,"affirmative","conflated",,"no_motion","B","car","1","path_before_manner",20.5153305573853,15.6688186742463,TRUE,
"exp1","exp1_097","Neg P M C_1",80,"negative","path",,"manner","C","paper","1","path_before_manner",20.5153305573853,15.6688186742463,TRUE,
"exp1","exp1_097","Aff P C A_1",79,"affirmative","path",,"conflated","A","leaf","1","path_before_manner",20.5153305573853,15.6688186742463,TRUE,
"exp1","exp1_097","Aff C P B_1",73,"affirmative","conflated",,"path","B","car","1","path_before_manner",20.5153305573853,15.6688186742463,TRUE,
"exp1","exp1_097","Aff M C E_1",72,"affirmative","manner",,"conflated","E","chair","1","path_before_manner",20.5153305573853,15.6688186742463,TRUE,
"exp1","exp1_097","Aff C C A_1",66,"affirmative","conflated",,"conflated","A","leaf","1","path_before_manner",20.5153305573853,15.6688186742463,TRUE,
"exp1","exp1_097","Neg M M D_1",64,"negative","manner",,"manner","D","plank","1","path_before_manner",20.5153305573853,15.6688186742463,TRUE,
"exp1","exp1_097","Neg C M A_1",59,"negative","conflated",,"manner","A","leaf","1","path_before_manner",20.5153305573853,15.6688186742463,TRUE,
"exp1","exp1_097","Neg M C D_1",59,"negative","manner",,"conflated","D","plank","1","path_before_manner",20.5153305573853,15.6688186742463,TRUE,
"exp1","exp1_097","Aff M 0 C_1",11,"affirmative","manner",,"no_motion","C","paper","1","path_before_manner",20.5153305573853,15.6688186742463,TRUE,
"exp1","exp1_096","Neg M 0 A_1",99,"negative","manner",,"no_motion","A","leaf","1","path_before_manner",50.0698754166857,15.6688186742463,TRUE,
"exp1","exp1_096","Aff M M D_1",99,"affirmative","manner",,"manner","D","plank","1","path_before_manner",50.0698754166857,15.6688186742463,TRUE,
"exp1","exp1_096","Neg C P E_1",99,"negative","conflated",,"path","E","chair","1","path_before_manner",50.0698754166857,15.6688186742463,TRUE,
"exp1","exp1_096","Neg M P B_1",99,"negative","manner",,"path","B","car","1","path_before_manner",50.0698754166857,15.6688186742463,TRUE,
"exp1","exp1_096","Aff P 0 A_1_1",98,"affirmative","path",,"no_motion","A","leaf","1_1","path_before_manner",50.0698754166857,15.6688186742463,TRUE,
"exp1","exp1_096","Neg P C D_1",3,"negative","path",,"conflated","D","plank","1","path_before_manner",50.0698754166857,15.6688186742463,TRUE,
"exp1","exp1_096","Neg C 0 B_1",2,"negative","conflated",,"no_motion","B","car","1","path_before_manner",50.0698754166857,15.6688186742463,TRUE,
"exp1","exp1_096","Neg C C E_1",2,"negative","conflated",,"conflated","E","chair","1","path_before_manner",50.0698754166857,15.6688186742463,TRUE,
"exp1","exp1_096","Aff M P B_1",1,"affirmative","manner",,"path","B","car","1","path_before_manner",50.0698754166857,15.6688186742463,TRUE,
"exp1","exp1_096","Aff P M A_1",1,"affirmative","path",,"manner","A","leaf","1","path_before_manner",50.0698754166857,15.6688186742463,TRUE,
"exp1","exp1_096","Neg P P D_1",1,"negative","path",,"path","D","plank","1","path_before_manner",50.0698754166857,15.6688186742463,TRUE,
"exp1","exp1_096","Aff C M C_1",1,"affirmative","conflated",,"manner","C","paper","1","path_before_manner",50.0698754166857,15.6688186742463,TRUE,
"exp1","exp1_095","Aff P P A_6",94,"affirmative","path",,"path","A","leaf","6","path_before_manner",31.4395764872393,15.6688186742463,TRUE,
"exp1","exp1_095","Neg P 0 C_1",77,"negative","path",,"no_motion","C","paper","1","path_before_manner",31.4395764872393,15.6688186742463,TRUE,
"exp1","exp1_095","Neg C M C_1",75,"negative","conflated",,"manner","C","paper","1","path_before_manner",31.4395764872393,15.6688186742463,TRUE,
"exp1","exp1_095","Aff P C D_1",69,"affirmative","path",,"conflated","D","plank","1","path_before_manner",31.4395764872393,15.6688186742463,TRUE,
"exp1","exp1_095","Aff M C C_1",55,"affirmative","manner",,"conflated","C","paper","1","path_before_manner",31.4395764872393,15.6688186742463,TRUE,
"exp1","exp1_095","Neg P M A_1",49,"negative","path",,"manner","A","leaf","1","path_before_manner",31.4395764872393,15.6688186742463,TRUE,
"exp1","exp1_095","Aff C C D_1",26,"affirmative","conflated",,"conflated","D","plank","1","path_before_manner",31.4395764872393,15.6688186742463,TRUE,
"exp1","exp1_095","Aff M 0 A_1",19,"affirmative","manner",,"no_motion","A","leaf","1","path_before_manner",31.4395764872393,15.6688186742463,TRUE,
"exp1","exp1_095","Aff C 0 E_1",18,"affirmative","conflated",,"no_motion","E","chair","1","path_before_manner",31.4395764872393,15.6688186742463,TRUE,
"exp1","exp1_095","Neg M M B_1",9,"negative","manner",,"manner","B","car","1","path_before_manner",31.4395764872393,15.6688186742463,TRUE,
"exp1","exp1_095","Neg M C B_1",9,"negative","manner",,"conflated","B","car","1","path_before_manner",31.4395764872393,15.6688186742463,TRUE,
"exp1","exp1_095","Aff C P E_1",5,"affirmative","conflated",,"path","E","chair","1","path_before_manner",31.4395764872393,15.6688186742463,TRUE,
"exp1","exp1_094","Aff P P E_1",100,"affirmative","path",,"path","E","chair","1","path_before_manner",47.890658290685,15.6688186742463,TRUE,
"exp1","exp1_094","Aff P C C_1",100,"affirmative","path",,"conflated","C","paper","1","path_before_manner",47.890658290685,15.6688186742463,TRUE,
"exp1","exp1_094","Aff M C B_1",100,"affirmative","manner",,"conflated","B","car","1","path_before_manner",47.890658290685,15.6688186742463,TRUE,
"exp1","exp1_094","Neg P 0 B_1",100,"negative","path",,"no_motion","B","car","1","path_before_manner",47.890658290685,15.6688186742463,TRUE,
"exp1","exp1_094","Aff C C C_1",100,"affirmative","conflated",,"conflated","C","paper","1","path_before_manner",47.890658290685,15.6688186742463,TRUE,
"exp1","exp1_094","Neg C M D_1",87,"negative","conflated",,"manner","D","plank","1","path_before_manner",47.890658290685,15.6688186742463,TRUE,
"exp1","exp1_094","Neg P M E_1",75,"negative","path",,"manner","E","chair","1","path_before_manner",47.890658290685,15.6688186742463,TRUE,
"exp1","exp1_094","Aff C P D_1",10,"affirmative","conflated",,"path","D","plank","1","path_before_manner",47.890658290685,15.6688186742463,TRUE,
"exp1","exp1_094","Neg M C A_1",4,"negative","manner",,"conflated","A","leaf","1","path_before_manner",47.890658290685,15.6688186742463,TRUE,
"exp1","exp1_094","Neg M M A_1",0,"negative","manner",,"manner","A","leaf","1","path_before_manner",47.890658290685,15.6688186742463,TRUE,
"exp1","exp1_094","Aff M 0 E_1",0,"affirmative","manner",,"no_motion","E","chair","1","path_before_manner",47.890658290685,15.6688186742463,TRUE,
"exp1","exp1_094","Aff C 0 D_1",0,"affirmative","conflated",,"no_motion","D","plank","1","path_before_manner",47.890658290685,15.6688186742463,TRUE,
"exp1","exp1_093","Aff C M C_1",100,"affirmative","conflated",,"manner","C","paper","1","path_before_manner",48.6729966825611,15.6688186742463,TRUE,
"exp1","exp1_093","Neg M P B_1",100,"negative","manner",,"path","B","car","1","path_before_manner",48.6729966825611,15.6688186742463,TRUE,
"exp1","exp1_093","Aff P 0 A_1_1",100,"affirmative","path",,"no_motion","A","leaf","1_1","path_before_manner",48.6729966825611,15.6688186742463,TRUE,
"exp1","exp1_093","Aff P M A_1",100,"affirmative","path",,"manner","A","leaf","1","path_before_manner",48.6729966825611,15.6688186742463,TRUE,
"exp1","exp1_093","Neg P P D_1",100,"negative","path",,"path","D","plank","1","path_before_manner",48.6729966825611,15.6688186742463,TRUE,
"exp1","exp1_093","Aff M M D_1",100,"affirmative","manner",,"manner","D","plank","1","path_before_manner",48.6729966825611,15.6688186742463,TRUE,
"exp1","exp1_093","Aff M P B_1",100,"affirmative","manner",,"path","B","car","1","path_before_manner",48.6729966825611,15.6688186742463,TRUE,
"exp1","exp1_093","Neg M 0 A_1",18,"negative","manner",,"no_motion","A","leaf","1","path_before_manner",48.6729966825611,15.6688186742463,TRUE,
"exp1","exp1_093","Neg C P E_1",12,"negative","conflated",,"path","E","chair","1","path_before_manner",48.6729966825611,15.6688186742463,TRUE,
"exp1","exp1_093","Neg P C D_1",0,"negative","path",,"conflated","D","plank","1","path_before_manner",48.6729966825611,15.6688186742463,TRUE,
"exp1","exp1_093","Neg C 0 B_1",0,"negative","conflated",,"no_motion","B","car","1","path_before_manner",48.6729966825611,15.6688186742463,TRUE,
"exp1","exp1_093","Neg C C E_1",0,"negative","conflated",,"conflated","E","chair","1","path_before_manner",48.6729966825611,15.6688186742463,TRUE,
"exp1","exp1_092","Neg C 0 E_1",100,"negative","conflated",,"no_motion","E","chair","1","path_before_manner",46.7504658865135,15.6688186742463,TRUE,
"exp1","exp1_092","Neg M 0 D_1",100,"negative","manner",,"no_motion","D","plank","1","path_before_manner",46.7504658865135,15.6688186742463,TRUE,
"exp1","exp1_092","Neg M P E_1",100,"negative","manner",,"path","E","chair","1","path_before_manner",46.7504658865135,15.6688186742463,TRUE,
"exp1","exp1_092","Aff M M B_1",99,"affirmative","manner",,"manner","B","car","1","path_before_manner",46.7504658865135,15.6688186742463,TRUE,
"exp1","exp1_092","Neg C P C_1",75,"negative","conflated",,"path","C","paper","1","path_before_manner",46.7504658865135,15.6688186742463,TRUE,
"exp1","exp1_092","Aff C M A_1",24,"affirmative","conflated",,"manner","A","leaf","1","path_before_manner",46.7504658865135,15.6688186742463,TRUE,
"exp1","exp1_092","Aff P M D_1",20,"affirmative","path",,"manner","D","plank","1","path_before_manner",46.7504658865135,15.6688186742463,TRUE,
"exp1","exp1_092","Neg C C C_1",0,"negative","conflated",,"conflated","C","paper","1","path_before_manner",46.7504658865135,15.6688186742463,TRUE,
"exp1","exp1_092","Neg P C B_1",0,"negative","path",,"conflated","B","car","1","path_before_manner",46.7504658865135,15.6688186742463,TRUE,
"exp1","exp1_092","Aff M P E_1",0,"affirmative","manner",,"path","E","chair","1","path_before_manner",46.7504658865135,15.6688186742463,TRUE,
"exp1","exp1_092","Neg P P B_1",0,"negative","path",,"path","B","car","1","path_before_manner",46.7504658865135,15.6688186742463,TRUE,
"exp1","exp1_092","Aff P 0 A_1",0,"affirmative","path",,"no_motion","A","leaf","1","path_before_manner",46.7504658865135,15.6688186742463,TRUE,
"exp1","exp1_091","Aff P P C_1",100,"affirmative","path",,"path","C","paper","1","path_before_manner",52.2232967867094,15.6688186742463,TRUE,
"exp1","exp1_091","Aff C C A_1",100,"affirmative","conflated",,"conflated","A","leaf","1","path_before_manner",52.2232967867094,15.6688186742463,TRUE,
"exp1","exp1_091","Aff P C A_1",100,"affirmative","path",,"conflated","A","leaf","1","path_before_manner",52.2232967867094,15.6688186742463,TRUE,
"exp1","exp1_091","Aff M C E_1",100,"affirmative","manner",,"conflated","E","chair","1","path_before_manner",52.2232967867094,15.6688186742463,TRUE,
"exp1","exp1_091","Neg P M C_1",100,"negative","path",,"manner","C","paper","1","path_before_manner",52.2232967867094,15.6688186742463,TRUE,
"exp1","exp1_091","Neg P 0 E_1",100,"negative","path",,"no_motion","E","chair","1","path_before_manner",52.2232967867094,15.6688186742463,TRUE,
"exp1","exp1_091","Neg C M A_1",0,"negative","conflated",,"manner","A","leaf","1","path_before_manner",52.2232967867094,15.6688186742463,TRUE,
"exp1","exp1_091","Aff C P B_1",0,"affirmative","conflated",,"path","B","car","1","path_before_manner",52.2232967867094,15.6688186742463,TRUE,
"exp1","exp1_091","Neg M C D_1",0,"negative","manner",,"conflated","D","plank","1","path_before_manner",52.2232967867094,15.6688186742463,TRUE,
"exp1","exp1_091","Aff M 0 C_1",0,"affirmative","manner",,"no_motion","C","paper","1","path_before_manner",52.2232967867094,15.6688186742463,TRUE,
"exp1","exp1_091","Neg M M D_1",0,"negative","manner",,"manner","D","plank","1","path_before_manner",52.2232967867094,15.6688186742463,TRUE,
"exp1","exp1_091","Aff C 0 B_1",0,"affirmative","conflated",,"no_motion","B","car","1","path_before_manner",52.2232967867094,15.6688186742463,TRUE,
"exp1","exp1_090","Aff C C E_1",88,"affirmative","conflated",,"conflated","E","chair","1","path_before_manner",30.4375913911888,15.6688186742463,TRUE,
"exp1","exp1_090","Aff M C D_1",72,"affirmative","manner",,"conflated","D","plank","1","path_before_manner",30.4375913911888,15.6688186742463,TRUE,
"exp1","exp1_090","Aff P P B_1",68,"affirmative","path",,"path","B","car","1","path_before_manner",30.4375913911888,15.6688186742463,TRUE,
"exp1","exp1_090","Aff P C E_1",62,"affirmative","path",,"conflated","E","chair","1","path_before_manner",30.4375913911888,15.6688186742463,TRUE,
"exp1","exp1_090","Neg P M B_1",29,"negative","path",,"manner","B","car","1","path_before_manner",30.4375913911888,15.6688186742463,TRUE,
"exp1","exp1_090","Aff C P A_1",17,"affirmative","conflated",,"path","A","leaf","1","path_before_manner",30.4375913911888,15.6688186742463,TRUE,
"exp1","exp1_090","Neg M C C_1",16,"negative","manner",,"conflated","C","paper","1","path_before_manner",30.4375913911888,15.6688186742463,TRUE,
"exp1","exp1_090","Neg C M E_1",13,"negative","conflated",,"manner","E","chair","1","path_before_manner",30.4375913911888,15.6688186742463,TRUE,
"exp1","exp1_090","Aff C 0 A_1",10,"affirmative","conflated",,"no_motion","A","leaf","1","path_before_manner",30.4375913911888,15.6688186742463,TRUE,
"exp1","exp1_090","Neg P 0 D_1",9,"negative","path",,"no_motion","D","plank","1","path_before_manner",30.4375913911888,15.6688186742463,TRUE,
"exp1","exp1_090","Neg M M C_1",6,"negative","manner",,"manner","C","paper","1","path_before_manner",30.4375913911888,15.6688186742463,TRUE,
"exp1","exp1_090","Aff M 0 B_1",5,"affirmative","manner",,"no_motion","B","car","1","path_before_manner",30.4375913911888,15.6688186742463,TRUE,
"exp1","exp1_089","Neg M P B_1",100,"negative","manner",,"path","B","car","1","path_before_manner",42.8594425789909,15.6688186742463,TRUE,
"exp1","exp1_089","Neg C 0 B_1",100,"negative","conflated",,"no_motion","B","car","1","path_before_manner",42.8594425789909,15.6688186742463,TRUE,
"exp1","exp1_089","Aff M M D_1",100,"affirmative","manner",,"manner","D","plank","1","path_before_manner",42.8594425789909,15.6688186742463,TRUE,
"exp1","exp1_089","Neg C P E_1",100,"negative","conflated",,"path","E","chair","1","path_before_manner",42.8594425789909,15.6688186742463,TRUE,
"exp1","exp1_089","Neg M 0 A_1",65,"negative","manner",,"no_motion","A","leaf","1","path_before_manner",42.8594425789909,15.6688186742463,TRUE,
"exp1","exp1_089","Aff P M A_1",60,"affirmative","path",,"manner","A","leaf","1","path_before_manner",42.8594425789909,15.6688186742463,TRUE,
"exp1","exp1_089","Aff P 0 A_1_1",60,"affirmative","path",,"no_motion","A","leaf","1_1","path_before_manner",42.8594425789909,15.6688186742463,TRUE,
"exp1","exp1_089","Neg P C D_1",10,"negative","path",,"conflated","D","plank","1","path_before_manner",42.8594425789909,15.6688186742463,TRUE,
"exp1","exp1_089","Neg P P D_1",10,"negative","path",,"path","D","plank","1","path_before_manner",42.8594425789909,15.6688186742463,TRUE,
"exp1","exp1_089","Aff C M C_1",10,"affirmative","conflated",,"manner","C","paper","1","path_before_manner",42.8594425789909,15.6688186742463,TRUE,
"exp1","exp1_089","Neg C C E_1",0,"negative","conflated",,"conflated","E","chair","1","path_before_manner",42.8594425789909,15.6688186742463,TRUE,
"exp1","exp1_089","Aff M P B_1",0,"affirmative","manner",,"path","B","car","1","path_before_manner",42.8594425789909,15.6688186742463,TRUE,
"exp1","exp1_088","Aff P P B_1",100,"affirmative","path",,"path","B","car","1","path_before_manner",36.1796862475298,15.6688186742463,TRUE,
"exp1","exp1_088","Aff P C E_1",85,"affirmative","path",,"conflated","E","chair","1","path_before_manner",36.1796862475298,15.6688186742463,TRUE,
"exp1","exp1_088","Neg P M B_1",81,"negative","path",,"manner","B","car","1","path_before_manner",36.1796862475298,15.6688186742463,TRUE,
"exp1","exp1_088","Aff M C D_1",72,"affirmative","manner",,"conflated","D","plank","1","path_before_manner",36.1796862475298,15.6688186742463,TRUE,
"exp1","exp1_088","Aff C C E_1",71,"affirmative","conflated",,"conflated","E","chair","1","path_before_manner",36.1796862475298,15.6688186742463,TRUE,
"exp1","exp1_088","Neg P 0 D_1",66,"negative","path",,"no_motion","D","plank","1","path_before_manner",36.1796862475298,15.6688186742463,TRUE,
"exp1","exp1_088","Neg M M C_1",26,"negative","manner",,"manner","C","paper","1","path_before_manner",36.1796862475298,15.6688186742463,TRUE,
"exp1","exp1_088","Neg M C C_1",24,"negative","manner",,"conflated","C","paper","1","path_before_manner",36.1796862475298,15.6688186742463,TRUE,
"exp1","exp1_088","Neg C M E_1",21,"negative","conflated",,"manner","E","chair","1","path_before_manner",36.1796862475298,15.6688186742463,TRUE,
"exp1","exp1_088","Aff C P A_1",10,"affirmative","conflated",,"path","A","leaf","1","path_before_manner",36.1796862475298,15.6688186742463,TRUE,
"exp1","exp1_088","Aff C 0 A_1",0,"affirmative","conflated",,"no_motion","A","leaf","1","path_before_manner",36.1796862475298,15.6688186742463,TRUE,
"exp1","exp1_088","Aff M 0 B_1",0,"affirmative","manner",,"no_motion","B","car","1","path_before_manner",36.1796862475298,15.6688186742463,TRUE,
"exp1","exp1_087","Aff M 0 C_1",64,"affirmative","manner",,"no_motion","C","paper","1","path_before_manner",17.1296305396305,15.6688186742463,TRUE,
"exp1","exp1_087","Aff M C E_1",60,"affirmative","manner",,"conflated","E","chair","1","path_before_manner",17.1296305396305,15.6688186742463,TRUE,
"exp1","exp1_087","Aff P P C_1",39,"affirmative","path",,"path","C","paper","1","path_before_manner",17.1296305396305,15.6688186742463,TRUE,
"exp1","exp1_087","Neg M C D_1",38,"negative","manner",,"conflated","D","plank","1","path_before_manner",17.1296305396305,15.6688186742463,TRUE,
"exp1","exp1_087","Aff P C A_1",35,"affirmative","path",,"conflated","A","leaf","1","path_before_manner",17.1296305396305,15.6688186742463,TRUE,
"exp1","exp1_087","Neg P 0 E_1",35,"negative","path",,"no_motion","E","chair","1","path_before_manner",17.1296305396305,15.6688186742463,TRUE,
"exp1","exp1_087","Aff C C A_1",35,"affirmative","conflated",,"conflated","A","leaf","1","path_before_manner",17.1296305396305,15.6688186742463,TRUE,
"exp1","exp1_087","Aff C P B_1",33,"affirmative","conflated",,"path","B","car","1","path_before_manner",17.1296305396305,15.6688186742463,TRUE,
"exp1","exp1_087","Neg P M C_1",31,"negative","path",,"manner","C","paper","1","path_before_manner",17.1296305396305,15.6688186742463,TRUE,
"exp1","exp1_087","Neg M M D_1",25,"negative","manner",,"manner","D","plank","1","path_before_manner",17.1296305396305,15.6688186742463,TRUE,
"exp1","exp1_087","Aff C 0 B_1",15,"affirmative","conflated",,"no_motion","B","car","1","path_before_manner",17.1296305396305,15.6688186742463,TRUE,
"exp1","exp1_087","Neg C M A_1",0,"negative","conflated",,"manner","A","leaf","1","path_before_manner",17.1296305396305,15.6688186742463,TRUE,
"exp1","exp1_086","Aff M C C_1",79,"affirmative","manner",,"conflated","C","paper","1","path_before_manner",31.1636686290983,15.6688186742463,TRUE,
"exp1","exp1_086","Neg M C B_1",79,"negative","manner",,"conflated","B","car","1","path_before_manner",31.1636686290983,15.6688186742463,TRUE,
"exp1","exp1_086","Aff P C D_1",70,"affirmative","path",,"conflated","D","plank","1","path_before_manner",31.1636686290983,15.6688186742463,TRUE,
"exp1","exp1_086","Aff C 0 E_1",69,"affirmative","conflated",,"no_motion","E","chair","1","path_before_manner",31.1636686290983,15.6688186742463,TRUE,
"exp1","exp1_086","Aff M 0 A_1",68,"affirmative","manner",,"no_motion","A","leaf","1","path_before_manner",31.1636686290983,15.6688186742463,TRUE,
"exp1","exp1_086","Aff P P A_6",65,"affirmative","path",,"path","A","leaf","6","path_before_manner",31.1636686290983,15.6688186742463,TRUE,
"exp1","exp1_086","Aff C P E_1",22,"affirmative","conflated",,"path","E","chair","1","path_before_manner",31.1636686290983,15.6688186742463,TRUE,
"exp1","exp1_086","Neg M M B_1",20,"negative","manner",,"manner","B","car","1","path_before_manner",31.1636686290983,15.6688186742463,TRUE,
"exp1","exp1_086","Neg C M C_1",14,"negative","conflated",,"manner","C","paper","1","path_before_manner",31.1636686290983,15.6688186742463,TRUE,
"exp1","exp1_086","Neg P M A_1",11,"negative","path",,"manner","A","leaf","1","path_before_manner",31.1636686290983,15.6688186742463,TRUE,
"exp1","exp1_086","Aff C C D_1",8,"affirmative","conflated",,"conflated","D","plank","1","path_before_manner",31.1636686290983,15.6688186742463,TRUE,
"exp1","exp1_086","Neg P 0 C_1",4,"negative","path",,"no_motion","C","paper","1","path_before_manner",31.1636686290983,15.6688186742463,TRUE,
"exp1","exp1_085","Aff M M B_1",90,"affirmative","manner",,"manner","B","car","1","path_before_manner",29.7518779646637,15.6688186742463,TRUE,
"exp1","exp1_085","Neg M P E_1",57,"negative","manner",,"path","E","chair","1","path_before_manner",29.7518779646637,15.6688186742463,TRUE,
"exp1","exp1_085","Neg M 0 D_1",54,"negative","manner",,"no_motion","D","plank","1","path_before_manner",29.7518779646637,15.6688186742463,TRUE,
"exp1","exp1_085","Neg C P C_1",42,"negative","conflated",,"path","C","paper","1","path_before_manner",29.7518779646637,15.6688186742463,TRUE,
"exp1","exp1_085","Aff C M A_1",37,"affirmative","conflated",,"manner","A","leaf","1","path_before_manner",29.7518779646637,15.6688186742463,TRUE,
"exp1","exp1_085","Neg C 0 E_1",18,"negative","conflated",,"no_motion","E","chair","1","path_before_manner",29.7518779646637,15.6688186742463,TRUE,
"exp1","exp1_085","Aff M P E_1",7,"affirmative","manner",,"path","E","chair","1","path_before_manner",29.7518779646637,15.6688186742463,TRUE,
"exp1","exp1_085","Neg P C B_1",5,"negative","path",,"conflated","B","car","1","path_before_manner",29.7518779646637,15.6688186742463,TRUE,
"exp1","exp1_085","Aff P M D_1",1,"affirmative","path",,"manner","D","plank","1","path_before_manner",29.7518779646637,15.6688186742463,TRUE,
"exp1","exp1_085","Neg C C C_1",0,"negative","conflated",,"conflated","C","paper","1","path_before_manner",29.7518779646637,15.6688186742463,TRUE,
"exp1","exp1_085","Neg P P B_1",0,"negative","path",,"path","B","car","1","path_before_manner",29.7518779646637,15.6688186742463,TRUE,
"exp1","exp1_085","Aff P 0 A_1",0,"affirmative","path",,"no_motion","A","leaf","1","path_before_manner",29.7518779646637,15.6688186742463,TRUE,
"exp1","exp1_084","Aff P P D_1",83,"affirmative","path",,"path","D","plank","1","path_before_manner",34.8149871942147,15.6688186742463,TRUE,
"exp1","exp1_084","Aff C C B_1",83,"affirmative","conflated",,"conflated","B","car","1","path_before_manner",34.8149871942147,15.6688186742463,TRUE,
"exp1","exp1_084","Aff M C A_1",78,"affirmative","manner",,"conflated","A","leaf","1","path_before_manner",34.8149871942147,15.6688186742463,TRUE,
"exp1","exp1_084","Aff P C B_1",63,"affirmative","path",,"conflated","B","car","1","path_before_manner",34.8149871942147,15.6688186742463,TRUE,
"exp1","exp1_084","Aff M 0 D_1",52,"affirmative","manner",,"no_motion","D","plank","1","path_before_manner",34.8149871942147,15.6688186742463,TRUE,
"exp1","exp1_084","Aff C 0 C_1",35,"affirmative","conflated",,"no_motion","C","paper","1","path_before_manner",34.8149871942147,15.6688186742463,TRUE,
"exp1","exp1_084","Aff C P C_1",24,"affirmative","conflated",,"path","C","paper","1","path_before_manner",34.8149871942147,15.6688186742463,TRUE,
"exp1","exp1_084","Neg C M B_1",7,"negative","conflated",,"manner","B","car","1","path_before_manner",34.8149871942147,15.6688186742463,TRUE,
"exp1","exp1_084","Neg P M D_1",0,"negative","path",,"manner","D","plank","1","path_before_manner",34.8149871942147,15.6688186742463,TRUE,
"exp1","exp1_084","Neg M M E_1",0,"negative","manner",,"manner","E","chair","1","path_before_manner",34.8149871942147,15.6688186742463,TRUE,
"exp1","exp1_084","Neg P 0 A_1",0,"negative","path",,"no_motion","A","leaf","1","path_before_manner",34.8149871942147,15.6688186742463,TRUE,
"exp1","exp1_084","Neg M C E_1",0,"negative","manner",,"conflated","E","chair","1","path_before_manner",34.8149871942147,15.6688186742463,TRUE,
"exp1","exp1_083","Aff C C B_1",97,"affirmative","conflated",,"conflated","B","car","1","path_before_manner",32.7117808451421,15.6688186742463,TRUE,
"exp1","exp1_083","Aff P C B_1",75,"affirmative","path",,"conflated","B","car","1","path_before_manner",32.7117808451421,15.6688186742463,TRUE,
"exp1","exp1_083","Aff P P D_1",65,"affirmative","path",,"path","D","plank","1","path_before_manner",32.7117808451421,15.6688186742463,TRUE,
"exp1","exp1_083","Aff M C A_1",54,"affirmative","manner",,"conflated","A","leaf","1","path_before_manner",32.7117808451421,15.6688186742463,TRUE,
"exp1","exp1_083","Neg M C E_1",52,"negative","manner",,"conflated","E","chair","1","path_before_manner",32.7117808451421,15.6688186742463,TRUE,
"exp1","exp1_083","Aff C P C_1",46,"affirmative","conflated",,"path","C","paper","1","path_before_manner",32.7117808451421,15.6688186742463,TRUE,
"exp1","exp1_083","Neg C M B_1",26,"negative","conflated",,"manner","B","car","1","path_before_manner",32.7117808451421,15.6688186742463,TRUE,
"exp1","exp1_083","Neg P M D_1",12,"negative","path",,"manner","D","plank","1","path_before_manner",32.7117808451421,15.6688186742463,TRUE,
"exp1","exp1_083","Neg P 0 A_1",8,"negative","path",,"no_motion","A","leaf","1","path_before_manner",32.7117808451421,15.6688186742463,TRUE,
"exp1","exp1_083","Neg M M E_1",5,"negative","manner",,"manner","E","chair","1","path_before_manner",32.7117808451421,15.6688186742463,TRUE,
"exp1","exp1_083","Aff M 0 D_1",0,"affirmative","manner",,"no_motion","D","plank","1","path_before_manner",32.7117808451421,15.6688186742463,TRUE,
"exp1","exp1_083","Aff C 0 C_1",0,"affirmative","conflated",,"no_motion","C","paper","1","path_before_manner",32.7117808451421,15.6688186742463,TRUE,
"exp1","exp1_082","Aff M C C_1",100,"affirmative","manner",,"conflated","C","paper","1","path_before_manner",36.3730669589464,15.6688186742463,TRUE,
"exp1","exp1_082","Aff P P A_6",97,"affirmative","path",,"path","A","leaf","6","path_before_manner",36.3730669589464,15.6688186742463,TRUE,
"exp1","exp1_082","Neg P 0 C_1",84,"negative","path",,"no_motion","C","paper","1","path_before_manner",36.3730669589464,15.6688186742463,TRUE,
"exp1","exp1_082","Neg C M C_1",46,"negative","conflated",,"manner","C","paper","1","path_before_manner",36.3730669589464,15.6688186742463,TRUE,
"exp1","exp1_082","Aff M 0 A_1",27,"affirmative","manner",,"no_motion","A","leaf","1","path_before_manner",36.3730669589464,15.6688186742463,TRUE,
"exp1","exp1_082","Aff P C D_1",22,"affirmative","path",,"conflated","D","plank","1","path_before_manner",36.3730669589464,15.6688186742463,TRUE,
"exp1","exp1_082","Neg P M A_1",16,"negative","path",,"manner","A","leaf","1","path_before_manner",36.3730669589464,15.6688186742463,TRUE,
"exp1","exp1_082","Aff C C D_1",14,"affirmative","conflated",,"conflated","D","plank","1","path_before_manner",36.3730669589464,15.6688186742463,TRUE,
"exp1","exp1_082","Neg M M B_1",13,"negative","manner",,"manner","B","car","1","path_before_manner",36.3730669589464,15.6688186742463,TRUE,
"exp1","exp1_082","Neg M C B_1",8,"negative","manner",,"conflated","B","car","1","path_before_manner",36.3730669589464,15.6688186742463,TRUE,
"exp1","exp1_082","Aff C 0 E_1",6,"affirmative","conflated",,"no_motion","E","chair","1","path_before_manner",36.3730669589464,15.6688186742463,TRUE,
"exp1","exp1_082","Aff C P E_1",5,"affirmative","conflated",,"path","E","chair","1","path_before_manner",36.3730669589464,15.6688186742463,TRUE,
"exp1","exp1_081","Aff M C A_1",60,"affirmative","manner",,"conflated","A","leaf","1","path_before_manner",18.8846177583447,15.6688186742463,TRUE,
"exp1","exp1_081","Aff P P D_1",35,"affirmative","path",,"path","D","plank","1","path_before_manner",18.8846177583447,15.6688186742463,TRUE,
"exp1","exp1_081","Aff P C B_1",10,"affirmative","path",,"conflated","B","car","1","path_before_manner",18.8846177583447,15.6688186742463,TRUE,
"exp1","exp1_081","Aff C C B_1",10,"affirmative","conflated",,"conflated","B","car","1","path_before_manner",18.8846177583447,15.6688186742463,TRUE,
"exp1","exp1_081","Neg M M E_1",0,"negative","manner",,"manner","E","chair","1","path_before_manner",18.8846177583447,15.6688186742463,TRUE,
"exp1","exp1_081","Neg P 0 A_1",0,"negative","path",,"no_motion","A","leaf","1","path_before_manner",18.8846177583447,15.6688186742463,TRUE,
"exp1","exp1_081","Neg P M D_1",0,"negative","path",,"manner","D","plank","1","path_before_manner",18.8846177583447,15.6688186742463,TRUE,
"exp1","exp1_081","Neg C M B_1",0,"negative","conflated",,"manner","B","car","1","path_before_manner",18.8846177583447,15.6688186742463,TRUE,
"exp1","exp1_081","Aff C P C_1",0,"affirmative","conflated",,"path","C","paper","1","path_before_manner",18.8846177583447,15.6688186742463,TRUE,
"exp1","exp1_081","Aff C 0 C_1",0,"affirmative","conflated",,"no_motion","C","paper","1","path_before_manner",18.8846177583447,15.6688186742463,TRUE,
"exp1","exp1_081","Neg M C E_1",0,"negative","manner",,"conflated","E","chair","1","path_before_manner",18.8846177583447,15.6688186742463,TRUE,
"exp1","exp1_081","Aff M 0 D_1",0,"affirmative","manner",,"no_motion","D","plank","1","path_before_manner",18.8846177583447,15.6688186742463,TRUE,
"exp1","exp1_080","Aff P P E_1",100,"affirmative","path",,"path","E","chair","1","path_before_manner",46.6424179424175,15.6688186742463,TRUE,
"exp1","exp1_080","Aff M C B_1",100,"affirmative","manner",,"conflated","B","car","1","path_before_manner",46.6424179424175,15.6688186742463,TRUE,
"exp1","exp1_080","Aff P C C_1",98,"affirmative","path",,"conflated","C","paper","1","path_before_manner",46.6424179424175,15.6688186742463,TRUE,
"exp1","exp1_080","Neg P 0 B_1",94,"negative","path",,"no_motion","B","car","1","path_before_manner",46.6424179424175,15.6688186742463,TRUE,
"exp1","exp1_080","Aff C C C_1",89,"affirmative","conflated",,"conflated","C","paper","1","path_before_manner",46.6424179424175,15.6688186742463,TRUE,
"exp1","exp1_080","Neg P M E_1",50,"negative","path",,"manner","E","chair","1","path_before_manner",46.6424179424175,15.6688186742463,TRUE,
"exp1","exp1_080","Neg M C A_1",7,"negative","manner",,"conflated","A","leaf","1","path_before_manner",46.6424179424175,15.6688186742463,TRUE,
"exp1","exp1_080","Aff C P D_1",6,"affirmative","conflated",,"path","D","plank","1","path_before_manner",46.6424179424175,15.6688186742463,TRUE,
"exp1","exp1_080","Neg M M A_1",3,"negative","manner",,"manner","A","leaf","1","path_before_manner",46.6424179424175,15.6688186742463,TRUE,
"exp1","exp1_080","Neg C M D_1",1,"negative","conflated",,"manner","D","plank","1","path_before_manner",46.6424179424175,15.6688186742463,TRUE,
"exp1","exp1_080","Aff M 0 E_1",0,"affirmative","manner",,"no_motion","E","chair","1","path_before_manner",46.6424179424175,15.6688186742463,TRUE,
"exp1","exp1_080","Aff C 0 D_1",0,"affirmative","conflated",,"no_motion","D","plank","1","path_before_manner",46.6424179424175,15.6688186742463,TRUE,
"exp1","exp1_079","Aff C M D_1",100,"affirmative","conflated",,"manner","D","plank","1","path_before_manner",31.239422452272,15.6688186742463,TRUE,
"exp1","exp1_079","Neg C 0 C_1",100,"negative","conflated",,"no_motion","C","paper","1","path_before_manner",31.239422452272,15.6688186742463,TRUE,
"exp1","exp1_079","Aff M M E_1",98,"affirmative","manner",,"manner","E","chair","1","path_before_manner",31.239422452272,15.6688186742463,TRUE,
"exp1","exp1_079","Neg P P E_1",72,"negative","path",,"path","E","chair","1","path_before_manner",31.239422452272,15.6688186742463,TRUE,
"exp1","exp1_079","Aff P M B_1",67,"affirmative","path",,"manner","B","car","1","path_before_manner",31.239422452272,15.6688186742463,TRUE,
"exp1","exp1_079","Neg M 0 B_1",66,"negative","manner",,"no_motion","B","car","1","path_before_manner",31.239422452272,15.6688186742463,TRUE,
"exp1","exp1_079","Neg C P A_1",61,"negative","conflated",,"path","A","leaf","1","path_before_manner",31.239422452272,15.6688186742463,TRUE,
"exp1","exp1_079","Neg M P C_1",36,"negative","manner",,"path","C","paper","1","path_before_manner",31.239422452272,15.6688186742463,TRUE,
"exp1","exp1_079","Aff P 0 D_1",33,"affirmative","path",,"no_motion","D","plank","1","path_before_manner",31.239422452272,15.6688186742463,TRUE,
"exp1","exp1_079","Neg P C E_1",30,"negative","path",,"conflated","E","chair","1","path_before_manner",31.239422452272,15.6688186742463,TRUE,
"exp1","exp1_079","Neg C C A_1",18,"negative","conflated",,"conflated","A","leaf","1","path_before_manner",31.239422452272,15.6688186742463,TRUE,
"exp1","exp1_079","Aff M P C_1",16,"affirmative","manner",,"path","C","paper","1","path_before_manner",31.239422452272,15.6688186742463,TRUE,
"exp1","exp1_078","Aff M M D_1",72,"affirmative","manner",,"manner","D","plank","1","path_before_manner",26.0046615867699,15.6688186742463,TRUE,
"exp1","exp1_078","Neg M 0 A_1",50,"negative","manner",,"no_motion","A","leaf","1","path_before_manner",26.0046615867699,15.6688186742463,TRUE,
"exp1","exp1_078","Aff P 0 A_1_1",50,"affirmative","path",,"no_motion","A","leaf","1_1","path_before_manner",26.0046615867699,15.6688186742463,TRUE,
"exp1","exp1_078","Aff C M C_1",30,"affirmative","conflated",,"manner","C","paper","1","path_before_manner",26.0046615867699,15.6688186742463,TRUE,
"exp1","exp1_078","Neg M P B_1",10,"negative","manner",,"path","B","car","1","path_before_manner",26.0046615867699,15.6688186742463,TRUE,
"exp1","exp1_078","Neg C C E_1",0,"negative","conflated",,"conflated","E","chair","1","path_before_manner",26.0046615867699,15.6688186742463,TRUE,
"exp1","exp1_078","Aff P M A_1",0,"affirmative","path",,"manner","A","leaf","1","path_before_manner",26.0046615867699,15.6688186742463,TRUE,
"exp1","exp1_078","Neg C 0 B_1",0,"negative","conflated",,"no_motion","B","car","1","path_before_manner",26.0046615867699,15.6688186742463,TRUE,
"exp1","exp1_078","Neg P C D_1",0,"negative","path",,"conflated","D","plank","1","path_before_manner",26.0046615867699,15.6688186742463,TRUE,
"exp1","exp1_078","Aff M P B_1",0,"affirmative","manner",,"path","B","car","1","path_before_manner",26.0046615867699,15.6688186742463,TRUE,
"exp1","exp1_078","Neg C P E_1",0,"negative","conflated",,"path","E","chair","1","path_before_manner",26.0046615867699,15.6688186742463,TRUE,
"exp1","exp1_078","Neg P P D_1",0,"negative","path",,"path","D","plank","1","path_before_manner",26.0046615867699,15.6688186742463,TRUE,
"exp1","exp1_077","Neg P 0 D_1",100,"negative","path",,"no_motion","D","plank","1","path_before_manner",45.1122337771434,15.6688186742463,TRUE,
"exp1","exp1_077","Aff P C E_1",100,"affirmative","path",,"conflated","E","chair","1","path_before_manner",45.1122337771434,15.6688186742463,TRUE,
"exp1","exp1_077","Aff M C D_1",98,"affirmative","manner",,"conflated","D","plank","1","path_before_manner",45.1122337771434,15.6688186742463,TRUE,
"exp1","exp1_077","Aff C C E_1",95,"affirmative","conflated",,"conflated","E","chair","1","path_before_manner",45.1122337771434,15.6688186742463,TRUE,
"exp1","exp1_077","Neg C M E_1",90,"negative","conflated",,"manner","E","chair","1","path_before_manner",45.1122337771434,15.6688186742463,TRUE,
"exp1","exp1_077","Aff P P B_1",77,"affirmative","path",,"path","B","car","1","path_before_manner",45.1122337771434,15.6688186742463,TRUE,
"exp1","exp1_077","Neg P M B_1",32,"negative","path",,"manner","B","car","1","path_before_manner",45.1122337771434,15.6688186742463,TRUE,
"exp1","exp1_077","Neg M C C_1",29,"negative","manner",,"conflated","C","paper","1","path_before_manner",45.1122337771434,15.6688186742463,TRUE,
"exp1","exp1_077","Neg M M C_1",0,"negative","manner",,"manner","C","paper","1","path_before_manner",45.1122337771434,15.6688186742463,TRUE,
"exp1","exp1_077","Aff M 0 B_1",0,"affirmative","manner",,"no_motion","B","car","1","path_before_manner",45.1122337771434,15.6688186742463,TRUE,
"exp1","exp1_077","Aff C 0 A_1",0,"affirmative","conflated",,"no_motion","A","leaf","1","path_before_manner",45.1122337771434,15.6688186742463,TRUE,
"exp1","exp1_077","Aff C P A_1",0,"affirmative","conflated",,"path","A","leaf","1","path_before_manner",45.1122337771434,15.6688186742463,TRUE,
"exp1","exp1_076","Aff M M A_1",57,"affirmative","manner",,"manner","A","leaf","1","path_before_manner",19.6715453630287,15.6688186742463,TRUE,
"exp1","exp1_076","Aff P M C_1",54,"affirmative","path",,"manner","C","paper","1","path_before_manner",19.6715453630287,15.6688186742463,TRUE,
"exp1","exp1_076","Aff P 0 E_1",41,"affirmative","path",,"no_motion","E","chair","1","path_before_manner",19.6715453630287,15.6688186742463,TRUE,
"exp1","exp1_076","Aff M P D_1",35,"affirmative","manner",,"path","D","plank","1","path_before_manner",19.6715453630287,15.6688186742463,TRUE,
"exp1","exp1_076","Neg P C A_1",30,"negative","path",,"conflated","A","leaf","1","path_before_manner",19.6715453630287,15.6688186742463,TRUE,
"exp1","exp1_076","Aff C M E_1",23,"affirmative","conflated",,"manner","E","chair","1","path_before_manner",19.6715453630287,15.6688186742463,TRUE,
"exp1","exp1_076","Neg M P D_1",21,"negative","manner",,"path","D","plank","1","path_before_manner",19.6715453630287,15.6688186742463,TRUE,
"exp1","exp1_076","Neg P P A_1",19,"negative","path",,"path","A","leaf","1","path_before_manner",19.6715453630287,15.6688186742463,TRUE,
"exp1","exp1_076","Neg C 0 D_1",16,"negative","conflated",,"no_motion","D","plank","1","path_before_manner",19.6715453630287,15.6688186742463,TRUE,
"exp1","exp1_076","Neg C C B_1",0,"negative","conflated",,"conflated","B","car","1","path_before_manner",19.6715453630287,15.6688186742463,TRUE,
"exp1","exp1_076","Neg M 0 C_1",0,"negative","manner",,"no_motion","C","paper","1","path_before_manner",19.6715453630287,15.6688186742463,TRUE,
"exp1","exp1_076","Neg C P B_1",0,"negative","conflated",,"path","B","car","1","path_before_manner",19.6715453630287,15.6688186742463,TRUE,
"exp1","exp1_075","Aff M P C_1",100,"affirmative","manner",,"path","C","paper","1","path_before_manner",2.60535578911572,15.6688186742463,FALSE,"low_response_variability"
"exp1","exp1_075","Aff M M E_1",100,"affirmative","manner",,"manner","E","chair","1","path_before_manner",2.60535578911572,15.6688186742463,FALSE,"low_response_variability"
"exp1","exp1_075","Neg P P E_1",100,"negative","path",,"path","E","chair","1","path_before_manner",2.60535578911572,15.6688186742463,FALSE,"low_response_variability"
"exp1","exp1_075","Neg M 0 B_1",100,"negative","manner",,"no_motion","B","car","1","path_before_manner",2.60535578911572,15.6688186742463,FALSE,"low_response_variability"
"exp1","exp1_075","Neg C P A_1",100,"negative","conflated",,"path","A","leaf","1","path_before_manner",2.60535578911572,15.6688186742463,FALSE,"low_response_variability"
"exp1","exp1_075","Aff P 0 D_1",100,"affirmative","path",,"no_motion","D","plank","1","path_before_manner",2.60535578911572,15.6688186742463,FALSE,"low_response_variability"
"exp1","exp1_075","Aff C M D_1",100,"affirmative","conflated",,"manner","D","plank","1","path_before_manner",2.60535578911572,15.6688186742463,FALSE,"low_response_variability"
"exp1","exp1_075","Neg M P C_1",99,"negative","manner",,"path","C","paper","1","path_before_manner",2.60535578911572,15.6688186742463,FALSE,"low_response_variability"
"exp1","exp1_075","Neg C 0 C_1",99,"negative","conflated",,"no_motion","C","paper","1","path_before_manner",2.60535578911572,15.6688186742463,FALSE,"low_response_variability"
"exp1","exp1_075","Aff P M B_1",98,"affirmative","path",,"manner","B","car","1","path_before_manner",2.60535578911572,15.6688186742463,FALSE,"low_response_variability"
"exp1","exp1_075","Neg P C E_1",97,"negative","path",,"conflated","E","chair","1","path_before_manner",2.60535578911572,15.6688186742463,FALSE,"low_response_variability"
"exp1","exp1_075","Neg C C A_1",91,"negative","conflated",,"conflated","A","leaf","1","path_before_manner",2.60535578911572,15.6688186742463,FALSE,"low_response_variability"
"exp1","exp1_074","Aff C C A_1",100,"affirmative","conflated",,"conflated","A","leaf","1","path_before_manner",36.916264790206,15.6688186742463,TRUE,
"exp1","exp1_074","Aff M C E_1",100,"affirmative","manner",,"conflated","E","chair","1","path_before_manner",36.916264790206,15.6688186742463,TRUE,
"exp1","exp1_074","Aff P C A_1",86,"affirmative","path",,"conflated","A","leaf","1","path_before_manner",36.916264790206,15.6688186742463,TRUE,
"exp1","exp1_074","Neg P 0 E_1",85,"negative","path",,"no_motion","E","chair","1","path_before_manner",36.916264790206,15.6688186742463,TRUE,
"exp1","exp1_074","Aff P P C_1",77,"affirmative","path",,"path","C","paper","1","path_before_manner",36.916264790206,15.6688186742463,TRUE,
"exp1","exp1_074","Neg P M C_1",73,"negative","path",,"manner","C","paper","1","path_before_manner",36.916264790206,15.6688186742463,TRUE,
"exp1","exp1_074","Aff C P B_1",70,"affirmative","conflated",,"path","B","car","1","path_before_manner",36.916264790206,15.6688186742463,TRUE,
"exp1","exp1_074","Neg M C D_1",64,"negative","manner",,"conflated","D","plank","1","path_before_manner",36.916264790206,15.6688186742463,TRUE,
"exp1","exp1_074","Neg C M A_1",25,"negative","conflated",,"manner","A","leaf","1","path_before_manner",36.916264790206,15.6688186742463,TRUE,
"exp1","exp1_074","Neg M M D_1",21,"negative","manner",,"manner","D","plank","1","path_before_manner",36.916264790206,15.6688186742463,TRUE,
"exp1","exp1_074","Aff C 0 B_1",0,"affirmative","conflated",,"no_motion","B","car","1","path_before_manner",36.916264790206,15.6688186742463,TRUE,
"exp1","exp1_074","Aff M 0 C_1",0,"affirmative","manner",,"no_motion","C","paper","1","path_before_manner",36.916264790206,15.6688186742463,TRUE,
"exp1","exp1_073","Aff M M B_1",100,"affirmative","manner",,"manner","B","car","1","path_before_manner",39.3218075049272,15.6688186742463,TRUE,
"exp1","exp1_073","Neg P P B_1",96,"negative","path",,"path","B","car","1","path_before_manner",39.3218075049272,15.6688186742463,TRUE,
"exp1","exp1_073","Neg C P C_1",84,"negative","conflated",,"path","C","paper","1","path_before_manner",39.3218075049272,15.6688186742463,TRUE,
"exp1","exp1_073","Neg M 0 D_1",74,"negative","manner",,"no_motion","D","plank","1","path_before_manner",39.3218075049272,15.6688186742463,TRUE,
"exp1","exp1_073","Neg C 0 E_1",69,"negative","conflated",,"no_motion","E","chair","1","path_before_manner",39.3218075049272,15.6688186742463,TRUE,
"exp1","exp1_073","Neg M P E_1",50,"negative","manner",,"path","E","chair","1","path_before_manner",39.3218075049272,15.6688186742463,TRUE,
"exp1","exp1_073","Aff C M A_1",24,"affirmative","conflated",,"manner","A","leaf","1","path_before_manner",39.3218075049272,15.6688186742463,TRUE,
"exp1","exp1_073","Aff P M D_1",14,"affirmative","path",,"manner","D","plank","1","path_before_manner",39.3218075049272,15.6688186742463,TRUE,
"exp1","exp1_073","Aff P 0 A_1",14,"affirmative","path",,"no_motion","A","leaf","1","path_before_manner",39.3218075049272,15.6688186742463,TRUE,
"exp1","exp1_073","Neg C C C_1",0,"negative","conflated",,"conflated","C","paper","1","path_before_manner",39.3218075049272,15.6688186742463,TRUE,
"exp1","exp1_073","Aff M P E_1",0,"affirmative","manner",,"path","E","chair","1","path_before_manner",39.3218075049272,15.6688186742463,TRUE,
"exp1","exp1_073","Neg P C B_1",0,"negative","path",,"conflated","B","car","1","path_before_manner",39.3218075049272,15.6688186742463,TRUE,
"exp1","exp1_072","Aff C C A_1",100,"affirmative","conflated",,"conflated","A","leaf","1","path_before_manner",36.6878726556883,15.6688186742463,TRUE,
"exp1","exp1_072","Aff P C A_1",90,"affirmative","path",,"conflated","A","leaf","1","path_before_manner",36.6878726556883,15.6688186742463,TRUE,
"exp1","exp1_072","Neg C M A_1",88,"negative","conflated",,"manner","A","leaf","1","path_before_manner",36.6878726556883,15.6688186742463,TRUE,
"exp1","exp1_072","Aff P P C_1",44,"affirmative","path",,"path","C","paper","1","path_before_manner",36.6878726556883,15.6688186742463,TRUE,
"exp1","exp1_072","Neg M M D_1",24,"negative","manner",,"manner","D","plank","1","path_before_manner",36.6878726556883,15.6688186742463,TRUE,
"exp1","exp1_072","Neg P M C_1",19,"negative","path",,"manner","C","paper","1","path_before_manner",36.6878726556883,15.6688186742463,TRUE,
"exp1","exp1_072","Aff M C E_1",17,"affirmative","manner",,"conflated","E","chair","1","path_before_manner",36.6878726556883,15.6688186742463,TRUE,
"exp1","exp1_072","Neg M C D_1",16,"negative","manner",,"conflated","D","plank","1","path_before_manner",36.6878726556883,15.6688186742463,TRUE,
"exp1","exp1_072","Aff C P B_1",12,"affirmative","conflated",,"path","B","car","1","path_before_manner",36.6878726556883,15.6688186742463,TRUE,
"exp1","exp1_072","Aff C 0 B_1",10,"affirmative","conflated",,"no_motion","B","car","1","path_before_manner",36.6878726556883,15.6688186742463,TRUE,
"exp1","exp1_072","Aff M 0 C_1",0,"affirmative","manner",,"no_motion","C","paper","1","path_before_manner",36.6878726556883,15.6688186742463,TRUE,
"exp1","exp1_072","Neg P 0 E_1",0,"negative","path",,"no_motion","E","chair","1","path_before_manner",36.6878726556883,15.6688186742463,TRUE,
"exp1","exp1_071","Aff M M E_1",90,"affirmative","manner",,"manner","E","chair","1","path_before_manner",27.4329761750012,15.6688186742463,TRUE,
"exp1","exp1_071","Neg M P C_1",56,"negative","manner",,"path","C","paper","1","path_before_manner",27.4329761750012,15.6688186742463,TRUE,
"exp1","exp1_071","Neg M 0 B_1",55,"negative","manner",,"no_motion","B","car","1","path_before_manner",27.4329761750012,15.6688186742463,TRUE,
"exp1","exp1_071","Aff M P C_1",54,"affirmative","manner",,"path","C","paper","1","path_before_manner",27.4329761750012,15.6688186742463,TRUE,
"exp1","exp1_071","Neg C 0 C_1",32,"negative","conflated",,"no_motion","C","paper","1","path_before_manner",27.4329761750012,15.6688186742463,TRUE,
"exp1","exp1_071","Aff C M D_1",25,"affirmative","conflated",,"manner","D","plank","1","path_before_manner",27.4329761750012,15.6688186742463,TRUE,
"exp1","exp1_071","Aff P M B_1",19,"affirmative","path",,"manner","B","car","1","path_before_manner",27.4329761750012,15.6688186742463,TRUE,
"exp1","exp1_071","Neg P C E_1",14,"negative","path",,"conflated","E","chair","1","path_before_manner",27.4329761750012,15.6688186742463,TRUE,
"exp1","exp1_071","Neg C P A_1",13,"negative","conflated",,"path","A","leaf","1","path_before_manner",27.4329761750012,15.6688186742463,TRUE,
"exp1","exp1_071","Aff P 0 D_1",8,"affirmative","path",,"no_motion","D","plank","1","path_before_manner",27.4329761750012,15.6688186742463,TRUE,
"exp1","exp1_071","Neg C C A_1",3,"negative","conflated",,"conflated","A","leaf","1","path_before_manner",27.4329761750012,15.6688186742463,TRUE,
"exp1","exp1_071","Neg P P E_1",0,"negative","path",,"path","E","chair","1","path_before_manner",27.4329761750012,15.6688186742463,TRUE,
"exp1","exp1_070","Neg C 0 A_1",95,"negative","conflated",,"no_motion","A","leaf","1","path_before_manner",23.4940353487794,15.6688186742463,TRUE,
"exp1","exp1_070","Aff P 0 B_1",91,"affirmative","path",,"no_motion","B","car","1","path_before_manner",23.4940353487794,15.6688186742463,TRUE,
"exp1","exp1_070","Aff M M C_1",85,"affirmative","manner",,"manner","C","paper","1","path_before_manner",23.4940353487794,15.6688186742463,TRUE,
"exp1","exp1_070","Neg M 0 E_1",85,"negative","manner",,"no_motion","E","chair","1","path_before_manner",23.4940353487794,15.6688186742463,TRUE,
"exp1","exp1_070","Aff C M B_1",74,"affirmative","conflated",,"manner","B","car","1","path_before_manner",23.4940353487794,15.6688186742463,TRUE,
"exp1","exp1_070","Neg M P A_1",73,"negative","manner",,"path","A","leaf","1","path_before_manner",23.4940353487794,15.6688186742463,TRUE,
"exp1","exp1_070","Neg P P C_1",50,"negative","path",,"path","C","paper","1","path_before_manner",23.4940353487794,15.6688186742463,TRUE,
"exp1","exp1_070","Neg P C C_1",47,"negative","path",,"conflated","C","paper","1","path_before_manner",23.4940353487794,15.6688186742463,TRUE,
"exp1","exp1_070","Neg C P D_1",44,"negative","conflated",,"path","D","plank","1","path_before_manner",23.4940353487794,15.6688186742463,TRUE,
"exp1","exp1_070","Aff M P A_1",44,"affirmative","manner",,"path","A","leaf","1","path_before_manner",23.4940353487794,15.6688186742463,TRUE,
"exp1","exp1_070","Aff P M E_1",41,"affirmative","path",,"manner","E","chair","1","path_before_manner",23.4940353487794,15.6688186742463,TRUE,
"exp1","exp1_070","Neg C C D_1",25,"negative","conflated",,"conflated","D","plank","1","path_before_manner",23.4940353487794,15.6688186742463,TRUE,
"exp1","exp1_069","Aff M M E_1",99,"affirmative","manner",,"manner","E","chair","1","path_before_manner",29.4520668616694,15.6688186742463,TRUE,
"exp1","exp1_069","Neg P C E_1",61,"negative","path",,"conflated","E","chair","1","path_before_manner",29.4520668616694,15.6688186742463,TRUE,
"exp1","exp1_069","Aff P M B_1",56,"affirmative","path",,"manner","B","car","1","path_before_manner",29.4520668616694,15.6688186742463,TRUE,
"exp1","exp1_069","Neg P P E_1",44,"negative","path",,"path","E","chair","1","path_before_manner",29.4520668616694,15.6688186742463,TRUE,
"exp1","exp1_069","Neg M 0 B_1",23,"negative","manner",,"no_motion","B","car","1","path_before_manner",29.4520668616694,15.6688186742463,TRUE,
"exp1","exp1_069","Neg C P A_1",22,"negative","conflated",,"path","A","leaf","1","path_before_manner",29.4520668616694,15.6688186742463,TRUE,
"exp1","exp1_069","Aff P 0 D_1",21,"affirmative","path",,"no_motion","D","plank","1","path_before_manner",29.4520668616694,15.6688186742463,TRUE,
"exp1","exp1_069","Neg C C A_1",13,"negative","conflated",,"conflated","A","leaf","1","path_before_manner",29.4520668616694,15.6688186742463,TRUE,
"exp1","exp1_069","Neg M P C_1",12,"negative","manner",,"path","C","paper","1","path_before_manner",29.4520668616694,15.6688186742463,TRUE,
"exp1","exp1_069","Neg C 0 C_1",10,"negative","conflated",,"no_motion","C","paper","1","path_before_manner",29.4520668616694,15.6688186742463,TRUE,
"exp1","exp1_069","Aff M P C_1",1,"affirmative","manner",,"path","C","paper","1","path_before_manner",29.4520668616694,15.6688186742463,TRUE,
"exp1","exp1_069","Aff C M D_1",0,"affirmative","conflated",,"manner","D","plank","1","path_before_manner",29.4520668616694,15.6688186742463,TRUE,
"exp1","exp1_068","Aff M M E_1",98,"affirmative","manner",,"manner","E","chair","1","path_before_manner",32.7117808451421,15.6688186742463,TRUE,
"exp1","exp1_068","Neg C P A_1",93,"negative","conflated",,"path","A","leaf","1","path_before_manner",32.7117808451421,15.6688186742463,TRUE,
"exp1","exp1_068","Aff C M D_1",77,"affirmative","conflated",,"manner","D","plank","1","path_before_manner",32.7117808451421,15.6688186742463,TRUE,
"exp1","exp1_068","Neg M 0 B_1",63,"negative","manner",,"no_motion","B","car","1","path_before_manner",32.7117808451421,15.6688186742463,TRUE,
"exp1","exp1_068","Neg C 0 C_1",50,"negative","conflated",,"no_motion","C","paper","1","path_before_manner",32.7117808451421,15.6688186742463,TRUE,
"exp1","exp1_068","Aff P 0 D_1",50,"affirmative","path",,"no_motion","D","plank","1","path_before_manner",32.7117808451421,15.6688186742463,TRUE,
"exp1","exp1_068","Aff M P C_1",33,"affirmative","manner",,"path","C","paper","1","path_before_manner",32.7117808451421,15.6688186742463,TRUE,
"exp1","exp1_068","Neg M P C_1",28,"negative","manner",,"path","C","paper","1","path_before_manner",32.7117808451421,15.6688186742463,TRUE,
"exp1","exp1_068","Neg P C E_1",20,"negative","path",,"conflated","E","chair","1","path_before_manner",32.7117808451421,15.6688186742463,TRUE,
"exp1","exp1_068","Neg P P E_1",12,"negative","path",,"path","E","chair","1","path_before_manner",32.7117808451421,15.6688186742463,TRUE,
"exp1","exp1_068","Neg C C A_1",12,"negative","conflated",,"conflated","A","leaf","1","path_before_manner",32.7117808451421,15.6688186742463,TRUE,
"exp1","exp1_068","Aff P M B_1",0,"affirmative","path",,"manner","B","car","1","path_before_manner",32.7117808451421,15.6688186742463,TRUE,
"exp1","exp1_067","Neg P P D_1",100,"negative","path",,"path","D","plank","1","path_before_manner",40.7723725534382,15.6688186742463,FALSE,"reported_inattention"
"exp1","exp1_067","Neg M 0 A_1",100,"negative","manner",,"no_motion","A","leaf","1","path_before_manner",40.7723725534382,15.6688186742463,FALSE,"reported_inattention"
"exp1","exp1_067","Neg M P B_1",94,"negative","manner",,"path","B","car","1","path_before_manner",40.7723725534382,15.6688186742463,FALSE,"reported_inattention"
"exp1","exp1_067","Aff M M D_1",90,"affirmative","manner",,"manner","D","plank","1","path_before_manner",40.7723725534382,15.6688186742463,FALSE,"reported_inattention"
"exp1","exp1_067","Neg P C D_1",85,"negative","path",,"conflated","D","plank","1","path_before_manner",40.7723725534382,15.6688186742463,FALSE,"reported_inattention"
"exp1","exp1_067","Neg C 0 B_1",81,"negative","conflated",,"no_motion","B","car","1","path_before_manner",40.7723725534382,15.6688186742463,FALSE,"reported_inattention"
"exp1","exp1_067","Aff P 0 A_1_1",80,"affirmative","path",,"no_motion","A","leaf","1_1","path_before_manner",40.7723725534382,15.6688186742463,FALSE,"reported_inattention"
"exp1","exp1_067","Aff P M A_1",75,"affirmative","path",,"manner","A","leaf","1","path_before_manner",40.7723725534382,15.6688186742463,FALSE,"reported_inattention"
"exp1","exp1_067","Aff C M C_1",36,"affirmative","conflated",,"manner","C","paper","1","path_before_manner",40.7723725534382,15.6688186742463,FALSE,"reported_inattention"
"exp1","exp1_067","Neg C C E_1",0,"negative","conflated",,"conflated","E","chair","1","path_before_manner",40.7723725534382,15.6688186742463,FALSE,"reported_inattention"
"exp1","exp1_067","Aff M P B_1",0,"affirmative","manner",,"path","B","car","1","path_before_manner",40.7723725534382,15.6688186742463,FALSE,"reported_inattention"
"exp1","exp1_067","Neg C P E_1",0,"negative","conflated",,"path","E","chair","1","path_before_manner",40.7723725534382,15.6688186742463,FALSE,"reported_inattention"
"exp1","exp1_066","Aff M M E_1",91,"affirmative","manner",,"manner","E","chair","1","path_before_manner",24.6875934980968,15.6688186742463,TRUE,
"exp1","exp1_066","Aff C M D_1",87,"affirmative","conflated",,"manner","D","plank","1","path_before_manner",24.6875934980968,15.6688186742463,TRUE,
"exp1","exp1_066","Aff P 0 D_1",68,"affirmative","path",,"no_motion","D","plank","1","path_before_manner",24.6875934980968,15.6688186742463,TRUE,
"exp1","exp1_066","Aff M P C_1",55,"affirmative","manner",,"path","C","paper","1","path_before_manner",24.6875934980968,15.6688186742463,TRUE,
"exp1","exp1_066","Neg M P C_1",54,"negative","manner",,"path","C","paper","1","path_before_manner",24.6875934980968,15.6688186742463,TRUE,
"exp1","exp1_066","Neg M 0 B_1",53,"negative","manner",,"no_motion","B","car","1","path_before_manner",24.6875934980968,15.6688186742463,TRUE,
"exp1","exp1_066","Neg C P A_1",52,"negative","conflated",,"path","A","leaf","1","path_before_manner",24.6875934980968,15.6688186742463,TRUE,
"exp1","exp1_066","Neg P C E_1",45,"negative","path",,"conflated","E","chair","1","path_before_manner",24.6875934980968,15.6688186742463,TRUE,
"exp1","exp1_066","Neg C 0 C_1",41,"negative","conflated",,"no_motion","C","paper","1","path_before_manner",24.6875934980968,15.6688186742463,TRUE,
"exp1","exp1_066","Aff P M B_1",31,"affirmative","path",,"manner","B","car","1","path_before_manner",24.6875934980968,15.6688186742463,TRUE,
"exp1","exp1_066","Neg C C A_1",19,"negative","conflated",,"conflated","A","leaf","1","path_before_manner",24.6875934980968,15.6688186742463,TRUE,
"exp1","exp1_066","Neg P P E_1",7,"negative","path",,"path","E","chair","1","path_before_manner",24.6875934980968,15.6688186742463,TRUE,
"exp1","exp1_065","Aff M C D_1",85,"affirmative","manner",,"conflated","D","plank","1","path_before_manner",38.8665159308892,15.6688186742463,TRUE,
"exp1","exp1_065","Aff P C E_1",80,"affirmative","path",,"conflated","E","chair","1","path_before_manner",38.8665159308892,15.6688186742463,TRUE,
"exp1","exp1_065","Aff P P B_1",80,"affirmative","path",,"path","B","car","1","path_before_manner",38.8665159308892,15.6688186742463,TRUE,
"exp1","exp1_065","Neg P M B_1",75,"negative","path",,"manner","B","car","1","path_before_manner",38.8665159308892,15.6688186742463,TRUE,
"exp1","exp1_065","Neg C M E_1",70,"negative","conflated",,"manner","E","chair","1","path_before_manner",38.8665159308892,15.6688186742463,TRUE,
"exp1","exp1_065","Aff C C E_1",60,"affirmative","conflated",,"conflated","E","chair","1","path_before_manner",38.8665159308892,15.6688186742463,TRUE,
"exp1","exp1_065","Aff C P A_1",10,"affirmative","conflated",,"path","A","leaf","1","path_before_manner",38.8665159308892,15.6688186742463,TRUE,
"exp1","exp1_065","Neg M M C_1",0,"negative","manner",,"manner","C","paper","1","path_before_manner",38.8665159308892,15.6688186742463,TRUE,
"exp1","exp1_065","Neg M C C_1",0,"negative","manner",,"conflated","C","paper","1","path_before_manner",38.8665159308892,15.6688186742463,TRUE,
"exp1","exp1_065","Aff M 0 B_1",0,"affirmative","manner",,"no_motion","B","car","1","path_before_manner",38.8665159308892,15.6688186742463,TRUE,
"exp1","exp1_065","Neg P 0 D_1",0,"negative","path",,"no_motion","D","plank","1","path_before_manner",38.8665159308892,15.6688186742463,TRUE,
"exp1","exp1_065","Aff C 0 A_1",0,"affirmative","conflated",,"no_motion","A","leaf","1","path_before_manner",38.8665159308892,15.6688186742463,TRUE,
"exp1","exp1_064","Aff M M A_1",84,"affirmative","manner",,"manner","A","leaf","1","path_before_manner",27.3091171367344,15.6688186742463,TRUE,
"exp1","exp1_064","Neg P C A_1",64,"negative","path",,"conflated","A","leaf","1","path_before_manner",27.3091171367344,15.6688186742463,TRUE,
"exp1","exp1_064","Aff P M C_1",43,"affirmative","path",,"manner","C","paper","1","path_before_manner",27.3091171367344,15.6688186742463,TRUE,
"exp1","exp1_064","Neg M P D_1",32,"negative","manner",,"path","D","plank","1","path_before_manner",27.3091171367344,15.6688186742463,TRUE,
"exp1","exp1_064","Neg C C B_1",20,"negative","conflated",,"conflated","B","car","1","path_before_manner",27.3091171367344,15.6688186742463,TRUE,
"exp1","exp1_064","Neg M 0 C_1",17,"negative","manner",,"no_motion","C","paper","1","path_before_manner",27.3091171367344,15.6688186742463,TRUE,
"exp1","exp1_064","Neg P P A_1",16,"negative","path",,"path","A","leaf","1","path_before_manner",27.3091171367344,15.6688186742463,TRUE,
"exp1","exp1_064","Aff M P D_1",5,"affirmative","manner",,"path","D","plank","1","path_before_manner",27.3091171367344,15.6688186742463,TRUE,
"exp1","exp1_064","Aff C M E_1",5,"affirmative","conflated",,"manner","E","chair","1","path_before_manner",27.3091171367344,15.6688186742463,TRUE,
"exp1","exp1_064","Neg C P B_1",0,"negative","conflated",,"path","B","car","1","path_before_manner",27.3091171367344,15.6688186742463,TRUE,
"exp1","exp1_064","Aff P 0 E_1",0,"affirmative","path",,"no_motion","E","chair","1","path_before_manner",27.3091171367344,15.6688186742463,TRUE,
"exp1","exp1_064","Neg C 0 D_1",0,"negative","conflated",,"no_motion","D","plank","1","path_before_manner",27.3091171367344,15.6688186742463,TRUE,
"exp1","exp1_063","Aff M M A_1",100,"affirmative","manner",,"manner","A","leaf","1","path_before_manner",51.4928650544437,15.6688186742463,TRUE,
"exp1","exp1_063","Aff C M E_1",100,"affirmative","conflated",,"manner","E","chair","1","path_before_manner",51.4928650544437,15.6688186742463,TRUE,
"exp1","exp1_063","Neg C 0 D_1",100,"negative","conflated",,"no_motion","D","plank","1","path_before_manner",51.4928650544437,15.6688186742463,TRUE,
"exp1","exp1_063","Neg M P D_1",100,"negative","manner",,"path","D","plank","1","path_before_manner",51.4928650544437,15.6688186742463,TRUE,
"exp1","exp1_063","Neg M 0 C_1",100,"negative","manner",,"no_motion","C","paper","1","path_before_manner",51.4928650544437,15.6688186742463,TRUE,
"exp1","exp1_063","Neg P P A_1",0,"negative","path",,"path","A","leaf","1","path_before_manner",51.4928650544437,15.6688186742463,TRUE,
"exp1","exp1_063","Neg P C A_1",0,"negative","path",,"conflated","A","leaf","1","path_before_manner",51.4928650544437,15.6688186742463,TRUE,
"exp1","exp1_063","Aff P M C_1",0,"affirmative","path",,"manner","C","paper","1","path_before_manner",51.4928650544437,15.6688186742463,TRUE,
"exp1","exp1_063","Neg C C B_1",0,"negative","conflated",,"conflated","B","car","1","path_before_manner",51.4928650544437,15.6688186742463,TRUE,
"exp1","exp1_063","Aff P 0 E_1",0,"affirmative","path",,"no_motion","E","chair","1","path_before_manner",51.4928650544437,15.6688186742463,TRUE,
"exp1","exp1_063","Neg C P B_1",0,"negative","conflated",,"path","B","car","1","path_before_manner",51.4928650544437,15.6688186742463,TRUE,
"exp1","exp1_063","Aff M P D_1",0,"affirmative","manner",,"path","D","plank","1","path_before_manner",51.4928650544437,15.6688186742463,TRUE,
"exp1","exp1_062","Aff C C E_1",100,"affirmative","conflated",,"conflated","E","chair","1","path_before_manner",51.4928650544437,15.6688186742463,TRUE,
"exp1","exp1_062","Aff P P B_1",100,"affirmative","path",,"path","B","car","1","path_before_manner",51.4928650544437,15.6688186742463,TRUE,
"exp1","exp1_062","Neg P 0 D_1",100,"negative","path",,"no_motion","D","plank","1","path_before_manner",51.4928650544437,15.6688186742463,TRUE,
"exp1","exp1_062","Aff P C E_1",100,"affirmative","path",,"conflated","E","chair","1","path_before_manner",51.4928650544437,15.6688186742463,TRUE,
"exp1","exp1_062","Aff M C D_1",100,"affirmative","manner",,"conflated","D","plank","1","path_before_manner",51.4928650544437,15.6688186742463,TRUE,
"exp1","exp1_062","Neg C M E_1",0,"negative","conflated",,"manner","E","chair","1","path_before_manner",51.4928650544437,15.6688186742463,TRUE,
"exp1","exp1_062","Aff M 0 B_1",0,"affirmative","manner",,"no_motion","B","car","1","path_before_manner",51.4928650544437,15.6688186742463,TRUE,
"exp1","exp1_062","Aff C 0 A_1",0,"affirmative","conflated",,"no_motion","A","leaf","1","path_before_manner",51.4928650544437,15.6688186742463,TRUE,
"exp1","exp1_062","Neg P M B_1",0,"negative","path",,"manner","B","car","1","path_before_manner",51.4928650544437,15.6688186742463,TRUE,
"exp1","exp1_062","Neg M C C_1",0,"negative","manner",,"conflated","C","paper","1","path_before_manner",51.4928650544437,15.6688186742463,TRUE,
"exp1","exp1_062","Aff C P A_1",0,"affirmative","conflated",,"path","A","leaf","1","path_before_manner",51.4928650544437,15.6688186742463,TRUE,
"exp1","exp1_062","Neg M M C_1",0,"negative","manner",,"manner","C","paper","1","path_before_manner",51.4928650544437,15.6688186742463,TRUE,
"exp1","exp1_061","Aff M C A_1",69,"affirmative","manner",,"conflated","A","leaf","1","path_before_manner",21.4156201843138,15.6688186742463,TRUE,
"exp1","exp1_061","Neg M C E_1",59,"negative","manner",,"conflated","E","chair","1","path_before_manner",21.4156201843138,15.6688186742463,TRUE,
"exp1","exp1_061","Aff P C B_1",50,"affirmative","path",,"conflated","B","car","1","path_before_manner",21.4156201843138,15.6688186742463,TRUE,
"exp1","exp1_061","Aff C C B_1",36,"affirmative","conflated",,"conflated","B","car","1","path_before_manner",21.4156201843138,15.6688186742463,TRUE,
"exp1","exp1_061","Neg P 0 A_1",35,"negative","path",,"no_motion","A","leaf","1","path_before_manner",21.4156201843138,15.6688186742463,TRUE,
"exp1","exp1_061","Neg P M D_1",35,"negative","path",,"manner","D","plank","1","path_before_manner",21.4156201843138,15.6688186742463,TRUE,
"exp1","exp1_061","Neg M M E_1",34,"negative","manner",,"manner","E","chair","1","path_before_manner",21.4156201843138,15.6688186742463,TRUE,
"exp1","exp1_061","Aff P P D_1",34,"affirmative","path",,"path","D","plank","1","path_before_manner",21.4156201843138,15.6688186742463,TRUE,
"exp1","exp1_061","Aff M 0 D_1",23,"affirmative","manner",,"no_motion","D","plank","1","path_before_manner",21.4156201843138,15.6688186742463,TRUE,
"exp1","exp1_061","Neg C M B_1",8,"negative","conflated",,"manner","B","car","1","path_before_manner",21.4156201843138,15.6688186742463,TRUE,
"exp1","exp1_061","Aff C P C_1",2,"affirmative","conflated",,"path","C","paper","1","path_before_manner",21.4156201843138,15.6688186742463,TRUE,
"exp1","exp1_061","Aff C 0 C_1",0,"affirmative","conflated",,"no_motion","C","paper","1","path_before_manner",21.4156201843138,15.6688186742463,TRUE,
"exp1","exp1_060","Aff P 0 B_1",98,"affirmative","path",,"no_motion","B","car","1","path_before_manner",26.8745683545322,15.6688186742463,TRUE,
"exp1","exp1_060","Aff M P A_1",98,"affirmative","manner",,"path","A","leaf","1","path_before_manner",26.8745683545322,15.6688186742463,TRUE,
"exp1","exp1_060","Aff P M E_1",85,"affirmative","path",,"manner","E","chair","1","path_before_manner",26.8745683545322,15.6688186742463,TRUE,
"exp1","exp1_060","Aff M M C_1",80,"affirmative","manner",,"manner","C","paper","1","path_before_manner",26.8745683545322,15.6688186742463,TRUE,
"exp1","exp1_060","Aff C M B_1",71,"affirmative","conflated",,"manner","B","car","1","path_before_manner",26.8745683545322,15.6688186742463,TRUE,
"exp1","exp1_060","Neg P C C_1",50,"negative","path",,"conflated","C","paper","1","path_before_manner",26.8745683545322,15.6688186742463,TRUE,
"exp1","exp1_060","Neg P P C_1",50,"negative","path",,"path","C","paper","1","path_before_manner",26.8745683545322,15.6688186742463,TRUE,
"exp1","exp1_060","Neg M 0 E_1",47,"negative","manner",,"no_motion","E","chair","1","path_before_manner",26.8745683545322,15.6688186742463,TRUE,
"exp1","exp1_060","Neg C 0 A_1",33,"negative","conflated",,"no_motion","A","leaf","1","path_before_manner",26.8745683545322,15.6688186742463,TRUE,
"exp1","exp1_060","Neg M P A_1",33,"negative","manner",,"path","A","leaf","1","path_before_manner",26.8745683545322,15.6688186742463,TRUE,
"exp1","exp1_060","Neg C C D_1",29,"negative","conflated",,"conflated","D","plank","1","path_before_manner",26.8745683545322,15.6688186742463,TRUE,
"exp1","exp1_060","Neg C P D_1",26,"negative","conflated",,"path","D","plank","1","path_before_manner",26.8745683545322,15.6688186742463,TRUE,
"exp1","exp1_059","Neg M C C_1",29,"negative","manner",,"conflated","C","paper","1","path_before_manner",9.80221063502174,15.6688186742463,FALSE,"low_response_variability"
"exp1","exp1_059","Aff C C E_1",22,"affirmative","conflated",,"conflated","E","chair","1","path_before_manner",9.80221063502174,15.6688186742463,FALSE,"low_response_variability"
"exp1","exp1_059","Neg P M B_1",14,"negative","path",,"manner","B","car","1","path_before_manner",9.80221063502174,15.6688186742463,FALSE,"low_response_variability"
"exp1","exp1_059","Aff M C D_1",9,"affirmative","manner",,"conflated","D","plank","1","path_before_manner",9.80221063502174,15.6688186742463,FALSE,"low_response_variability"
"exp1","exp1_059","Neg M M C_1",9,"negative","manner",,"manner","C","paper","1","path_before_manner",9.80221063502174,15.6688186742463,FALSE,"low_response_variability"
"exp1","exp1_059","Aff P C E_1",8,"affirmative","path",,"conflated","E","chair","1","path_before_manner",9.80221063502174,15.6688186742463,FALSE,"low_response_variability"
"exp1","exp1_059","Neg P 0 D_1",0,"negative","path",,"no_motion","D","plank","1","path_before_manner",9.80221063502174,15.6688186742463,FALSE,"low_response_variability"
"exp1","exp1_059","Aff C 0 A_1",0,"affirmative","conflated",,"no_motion","A","leaf","1","path_before_manner",9.80221063502174,15.6688186742463,FALSE,"low_response_variability"
"exp1","exp1_059","Aff C P A_1",0,"affirmative","conflated",,"path","A","leaf","1","path_before_manner",9.80221063502174,15.6688186742463,FALSE,"low_response_variability"
"exp1","exp1_059","Aff P P B_1",0,"affirmative","path",,"path","B","car","1","path_before_manner",9.80221063502174,15.6688186742463,FALSE,"low_response_variability"
"exp1","exp1_059","Neg C M E_1",0,"negative","conflated",,"manner","E","chair","1","path_before_manner",9.80221063502174,15.6688186742463,FALSE,"low_response_variability"
"exp1","exp1_059","Aff M 0 B_1",0,"affirmative","manner",,"no_motion","B","car","1","path_before_manner",9.80221063502174,15.6688186742463,FALSE,"low_response_variability"
"exp1","exp1_058","Aff P P B_1",95,"affirmative","path",,"path","B","car","1","path_before_manner",34.1949624147396,15.6688186742463,TRUE,
"exp1","exp1_058","Aff C C E_1",81,"affirmative","conflated",,"conflated","E","chair","1","path_before_manner",34.1949624147396,15.6688186742463,TRUE,
"exp1","exp1_058","Neg P 0 D_1",80,"negative","path",,"no_motion","D","plank","1","path_before_manner",34.1949624147396,15.6688186742463,TRUE,
"exp1","exp1_058","Aff M C D_1",78,"affirmative","manner",,"conflated","D","plank","1","path_before_manner",34.1949624147396,15.6688186742463,TRUE,
"exp1","exp1_058","Neg P M B_1",67,"negative","path",,"manner","B","car","1","path_before_manner",34.1949624147396,15.6688186742463,TRUE,
"exp1","exp1_058","Aff P C E_1",61,"affirmative","path",,"conflated","E","chair","1","path_before_manner",34.1949624147396,15.6688186742463,TRUE,
"exp1","exp1_058","Neg M C C_1",25,"negative","manner",,"conflated","C","paper","1","path_before_manner",34.1949624147396,15.6688186742463,TRUE,
"exp1","exp1_058","Aff C P A_1",21,"affirmative","conflated",,"path","A","leaf","1","path_before_manner",34.1949624147396,15.6688186742463,TRUE,
"exp1","exp1_058","Neg M M C_1",18,"negative","manner",,"manner","C","paper","1","path_before_manner",34.1949624147396,15.6688186742463,TRUE,
"exp1","exp1_058","Neg C M E_1",17,"negative","conflated",,"manner","E","chair","1","path_before_manner",34.1949624147396,15.6688186742463,TRUE,
"exp1","exp1_058","Aff M 0 B_1",4,"affirmative","manner",,"no_motion","B","car","1","path_before_manner",34.1949624147396,15.6688186742463,TRUE,
"exp1","exp1_058","Aff C 0 A_1",2,"affirmative","conflated",,"no_motion","A","leaf","1","path_before_manner",34.1949624147396,15.6688186742463,TRUE,
"exp1","exp1_057","Aff M M D_1",97,"affirmative","manner",,"manner","D","plank","1","path_before_manner",33.8833784226622,15.6688186742463,TRUE,
"exp1","exp1_057","Aff M P B_1",94,"affirmative","manner",,"path","B","car","1","path_before_manner",33.8833784226622,15.6688186742463,TRUE,
"exp1","exp1_057","Aff P M A_1",69,"affirmative","path",,"manner","A","leaf","1","path_before_manner",33.8833784226622,15.6688186742463,TRUE,
"exp1","exp1_057","Aff C M C_1",65,"affirmative","conflated",,"manner","C","paper","1","path_before_manner",33.8833784226622,15.6688186742463,TRUE,
"exp1","exp1_057","Aff P 0 A_1_1",58,"affirmative","path",,"no_motion","A","leaf","1_1","path_before_manner",33.8833784226622,15.6688186742463,TRUE,
"exp1","exp1_057","Neg M 0 A_1",24,"negative","manner",,"no_motion","A","leaf","1","path_before_manner",33.8833784226622,15.6688186742463,TRUE,
"exp1","exp1_057","Neg P C D_1",22,"negative","path",,"conflated","D","plank","1","path_before_manner",33.8833784226622,15.6688186742463,TRUE,
"exp1","exp1_057","Neg C 0 B_1",18,"negative","conflated",,"no_motion","B","car","1","path_before_manner",33.8833784226622,15.6688186742463,TRUE,
"exp1","exp1_057","Neg C P E_1",13,"negative","conflated",,"path","E","chair","1","path_before_manner",33.8833784226622,15.6688186742463,TRUE,
"exp1","exp1_057","Neg M P B_1",10,"negative","manner",,"path","B","car","1","path_before_manner",33.8833784226622,15.6688186742463,TRUE,
"exp1","exp1_057","Neg C C E_1",9,"negative","conflated",,"conflated","E","chair","1","path_before_manner",33.8833784226622,15.6688186742463,TRUE,
"exp1","exp1_057","Neg P P D_1",8,"negative","path",,"path","D","plank","1","path_before_manner",33.8833784226622,15.6688186742463,TRUE,
"exp1","exp1_056","Neg P 0 D_1",100,"negative","path",,"no_motion","D","plank","1","path_before_manner",51.4928650544437,15.6688186742463,TRUE,
"exp1","exp1_056","Aff P C E_1",100,"affirmative","path",,"conflated","E","chair","1","path_before_manner",51.4928650544437,15.6688186742463,TRUE,
"exp1","exp1_056","Aff C C E_1",100,"affirmative","conflated",,"conflated","E","chair","1","path_before_manner",51.4928650544437,15.6688186742463,TRUE,
"exp1","exp1_056","Neg P M B_1",100,"negative","path",,"manner","B","car","1","path_before_manner",51.4928650544437,15.6688186742463,TRUE,
"exp1","exp1_056","Neg C M E_1",100,"negative","conflated",,"manner","E","chair","1","path_before_manner",51.4928650544437,15.6688186742463,TRUE,
"exp1","exp1_056","Aff P P B_1",100,"affirmative","path",,"path","B","car","1","path_before_manner",51.4928650544437,15.6688186742463,TRUE,
"exp1","exp1_056","Aff M C D_1",100,"affirmative","manner",,"conflated","D","plank","1","path_before_manner",51.4928650544437,15.6688186742463,TRUE,
"exp1","exp1_056","Aff C 0 A_1",0,"affirmative","conflated",,"no_motion","A","leaf","1","path_before_manner",51.4928650544437,15.6688186742463,TRUE,
"exp1","exp1_056","Aff M 0 B_1",0,"affirmative","manner",,"no_motion","B","car","1","path_before_manner",51.4928650544437,15.6688186742463,TRUE,
"exp1","exp1_056","Neg M C C_1",0,"negative","manner",,"conflated","C","paper","1","path_before_manner",51.4928650544437,15.6688186742463,TRUE,
"exp1","exp1_056","Neg M M C_1",0,"negative","manner",,"manner","C","paper","1","path_before_manner",51.4928650544437,15.6688186742463,TRUE,
"exp1","exp1_056","Aff C P A_1",0,"affirmative","conflated",,"path","A","leaf","1","path_before_manner",51.4928650544437,15.6688186742463,TRUE,
"exp1","exp1_055","Aff C C E_1",100,"affirmative","conflated",,"conflated","E","chair","1","path_before_manner",49.2365963917331,15.6688186742463,TRUE,
"exp1","exp1_055","Aff P P B_1",100,"affirmative","path",,"path","B","car","1","path_before_manner",49.2365963917331,15.6688186742463,TRUE,
"exp1","exp1_055","Aff M C D_1",100,"affirmative","manner",,"conflated","D","plank","1","path_before_manner",49.2365963917331,15.6688186742463,TRUE,
"exp1","exp1_055","Aff P C E_1",100,"affirmative","path",,"conflated","E","chair","1","path_before_manner",49.2365963917331,15.6688186742463,TRUE,
"exp1","exp1_055","Aff M 0 B_1",0,"affirmative","manner",,"no_motion","B","car","1","path_before_manner",49.2365963917331,15.6688186742463,TRUE,
"exp1","exp1_055","Neg C M E_1",0,"negative","conflated",,"manner","E","chair","1","path_before_manner",49.2365963917331,15.6688186742463,TRUE,
"exp1","exp1_055","Neg P M B_1",0,"negative","path",,"manner","B","car","1","path_before_manner",49.2365963917331,15.6688186742463,TRUE,
"exp1","exp1_055","Neg M C C_1",0,"negative","manner",,"conflated","C","paper","1","path_before_manner",49.2365963917331,15.6688186742463,TRUE,
"exp1","exp1_055","Neg P 0 D_1",0,"negative","path",,"no_motion","D","plank","1","path_before_manner",49.2365963917331,15.6688186742463,TRUE,
"exp1","exp1_055","Aff C 0 A_1",0,"affirmative","conflated",,"no_motion","A","leaf","1","path_before_manner",49.2365963917331,15.6688186742463,TRUE,
"exp1","exp1_055","Neg M M C_1",0,"negative","manner",,"manner","C","paper","1","path_before_manner",49.2365963917331,15.6688186742463,TRUE,
"exp1","exp1_055","Aff C P A_1",0,"affirmative","conflated",,"path","A","leaf","1","path_before_manner",49.2365963917331,15.6688186742463,TRUE,
"exp1","exp1_054","Aff M C B_1",91,"affirmative","manner",,"conflated","B","car","1","path_before_manner",27.638357184876,15.6688186742463,TRUE,
"exp1","exp1_054","Aff C C C_1",91,"affirmative","conflated",,"conflated","C","paper","1","path_before_manner",27.638357184876,15.6688186742463,TRUE,
"exp1","exp1_054","Aff P P E_1",89,"affirmative","path",,"path","E","chair","1","path_before_manner",27.638357184876,15.6688186742463,TRUE,
"exp1","exp1_054","Aff P C C_1",73,"affirmative","path",,"conflated","C","paper","1","path_before_manner",27.638357184876,15.6688186742463,TRUE,
"exp1","exp1_054","Aff C P D_1",60,"affirmative","conflated",,"path","D","plank","1","path_before_manner",27.638357184876,15.6688186742463,TRUE,
"exp1","exp1_054","Neg M M A_1",42,"negative","manner",,"manner","A","leaf","1","path_before_manner",27.638357184876,15.6688186742463,TRUE,
"exp1","exp1_054","Aff M 0 E_1",42,"affirmative","manner",,"no_motion","E","chair","1","path_before_manner",27.638357184876,15.6688186742463,TRUE,
"exp1","exp1_054","Neg P M E_1",40,"negative","path",,"manner","E","chair","1","path_before_manner",27.638357184876,15.6688186742463,TRUE,
"exp1","exp1_054","Neg M C A_1",38,"negative","manner",,"conflated","A","leaf","1","path_before_manner",27.638357184876,15.6688186742463,TRUE,
"exp1","exp1_054","Neg P 0 B_1",22,"negative","path",,"no_motion","B","car","1","path_before_manner",27.638357184876,15.6688186742463,TRUE,
"exp1","exp1_054","Neg C M D_1",20,"negative","conflated",,"manner","D","plank","1","path_before_manner",27.638357184876,15.6688186742463,TRUE,
"exp1","exp1_054","Aff C 0 D_1",20,"affirmative","conflated",,"no_motion","D","plank","1","path_before_manner",27.638357184876,15.6688186742463,TRUE,
"exp1","exp1_053","Aff P P C_1",100,"affirmative","path",,"path","C","paper","1","path_before_manner",43.8661877103815,15.6688186742463,TRUE,
"exp1","exp1_053","Aff M C E_1",100,"affirmative","manner",,"conflated","E","chair","1","path_before_manner",43.8661877103815,15.6688186742463,TRUE,
"exp1","exp1_053","Aff P C A_1",100,"affirmative","path",,"conflated","A","leaf","1","path_before_manner",43.8661877103815,15.6688186742463,TRUE,
"exp1","exp1_053","Aff C C A_1",20,"affirmative","conflated",,"conflated","A","leaf","1","path_before_manner",43.8661877103815,15.6688186742463,TRUE,
"exp1","exp1_053","Neg P M C_1",20,"negative","path",,"manner","C","paper","1","path_before_manner",43.8661877103815,15.6688186742463,TRUE,
"exp1","exp1_053","Aff C 0 B_1",0,"affirmative","conflated",,"no_motion","B","car","1","path_before_manner",43.8661877103815,15.6688186742463,TRUE,
"exp1","exp1_053","Aff M 0 C_1",0,"affirmative","manner",,"no_motion","C","paper","1","path_before_manner",43.8661877103815,15.6688186742463,TRUE,
"exp1","exp1_053","Neg M M D_1",0,"negative","manner",,"manner","D","plank","1","path_before_manner",43.8661877103815,15.6688186742463,TRUE,
"exp1","exp1_053","Neg P 0 E_1",0,"negative","path",,"no_motion","E","chair","1","path_before_manner",43.8661877103815,15.6688186742463,TRUE,
"exp1","exp1_053","Neg C M A_1",0,"negative","conflated",,"manner","A","leaf","1","path_before_manner",43.8661877103815,15.6688186742463,TRUE,
"exp1","exp1_053","Aff C P B_1",0,"affirmative","conflated",,"path","B","car","1","path_before_manner",43.8661877103815,15.6688186742463,TRUE,
"exp1","exp1_053","Neg M C D_1",0,"negative","manner",,"conflated","D","plank","1","path_before_manner",43.8661877103815,15.6688186742463,TRUE,
"exp1","exp1_052","Aff M M E_1",100,"affirmative","manner",,"manner","E","chair","1","path_before_manner",35.1476323613136,15.6688186742463,TRUE,
"exp1","exp1_052","Aff M P C_1",100,"affirmative","manner",,"path","C","paper","1","path_before_manner",35.1476323613136,15.6688186742463,TRUE,
"exp1","exp1_052","Aff P M B_1",89,"affirmative","path",,"manner","B","car","1","path_before_manner",35.1476323613136,15.6688186742463,TRUE,
"exp1","exp1_052","Neg C P A_1",86,"negative","conflated",,"path","A","leaf","1","path_before_manner",35.1476323613136,15.6688186742463,TRUE,
"exp1","exp1_052","Neg M P C_1",76,"negative","manner",,"path","C","paper","1","path_before_manner",35.1476323613136,15.6688186742463,TRUE,
"exp1","exp1_052","Neg C 0 C_1",50,"negative","conflated",,"no_motion","C","paper","1","path_before_manner",35.1476323613136,15.6688186742463,TRUE,
"exp1","exp1_052","Neg M 0 B_1",49,"negative","manner",,"no_motion","B","car","1","path_before_manner",35.1476323613136,15.6688186742463,TRUE,
"exp1","exp1_052","Aff P 0 D_1",48,"affirmative","path",,"no_motion","D","plank","1","path_before_manner",35.1476323613136,15.6688186742463,TRUE,
"exp1","exp1_052","Neg P C E_1",33,"negative","path",,"conflated","E","chair","1","path_before_manner",35.1476323613136,15.6688186742463,TRUE,
"exp1","exp1_052","Aff C M D_1",24,"affirmative","conflated",,"manner","D","plank","1","path_before_manner",35.1476323613136,15.6688186742463,TRUE,
"exp1","exp1_052","Neg P P E_1",6,"negative","path",,"path","E","chair","1","path_before_manner",35.1476323613136,15.6688186742463,TRUE,
"exp1","exp1_052","Neg C C A_1",0,"negative","conflated",,"conflated","A","leaf","1","path_before_manner",35.1476323613136,15.6688186742463,TRUE,
"exp1","exp1_051","Aff M M E_1",92,"affirmative","manner",,"manner","E","chair","1","path_before_manner",37.6764535421681,15.6688186742463,TRUE,
"exp1","exp1_051","Neg M P C_1",83,"negative","manner",,"path","C","paper","1","path_before_manner",37.6764535421681,15.6688186742463,TRUE,
"exp1","exp1_051","Aff P 0 D_1",78,"affirmative","path",,"no_motion","D","plank","1","path_before_manner",37.6764535421681,15.6688186742463,TRUE,
"exp1","exp1_051","Neg M 0 B_1",77,"negative","manner",,"no_motion","B","car","1","path_before_manner",37.6764535421681,15.6688186742463,TRUE,
"exp1","exp1_051","Aff M P C_1",76,"affirmative","manner",,"path","C","paper","1","path_before_manner",37.6764535421681,15.6688186742463,TRUE,
"exp1","exp1_051","Aff P M B_1",72,"affirmative","path",,"manner","B","car","1","path_before_manner",37.6764535421681,15.6688186742463,TRUE,
"exp1","exp1_051","Aff C M D_1",25,"affirmative","conflated",,"manner","D","plank","1","path_before_manner",37.6764535421681,15.6688186742463,TRUE,
"exp1","exp1_051","Neg P C E_1",10,"negative","path",,"conflated","E","chair","1","path_before_manner",37.6764535421681,15.6688186742463,TRUE,
"exp1","exp1_051","Neg C P A_1",9,"negative","conflated",,"path","A","leaf","1","path_before_manner",37.6764535421681,15.6688186742463,TRUE,
"exp1","exp1_051","Neg C 0 C_1",8,"negative","conflated",,"no_motion","C","paper","1","path_before_manner",37.6764535421681,15.6688186742463,TRUE,
"exp1","exp1_051","Neg C C A_1",2,"negative","conflated",,"conflated","A","leaf","1","path_before_manner",37.6764535421681,15.6688186742463,TRUE,
"exp1","exp1_051","Neg P P E_1",0,"negative","path",,"path","E","chair","1","path_before_manner",37.6764535421681,15.6688186742463,TRUE,
"exp1","exp1_050","Aff P P D_1",100,"affirmative","path",,"path","D","plank","1","path_before_manner",38.2300651161868,15.6688186742463,TRUE,
"exp1","exp1_050","Aff M C A_1",94,"affirmative","manner",,"conflated","A","leaf","1","path_before_manner",38.2300651161868,15.6688186742463,TRUE,
"exp1","exp1_050","Neg P M D_1",84,"negative","path",,"manner","D","plank","1","path_before_manner",38.2300651161868,15.6688186742463,TRUE,
"exp1","exp1_050","Aff P C B_1",67,"affirmative","path",,"conflated","B","car","1","path_before_manner",38.2300651161868,15.6688186742463,TRUE,
"exp1","exp1_050","Aff C C B_1",38,"affirmative","conflated",,"conflated","B","car","1","path_before_manner",38.2300651161868,15.6688186742463,TRUE,
"exp1","exp1_050","Aff C P C_1",35,"affirmative","conflated",,"path","C","paper","1","path_before_manner",38.2300651161868,15.6688186742463,TRUE,
"exp1","exp1_050","Neg P 0 A_1",25,"negative","path",,"no_motion","A","leaf","1","path_before_manner",38.2300651161868,15.6688186742463,TRUE,
"exp1","exp1_050","Neg C M B_1",24,"negative","conflated",,"manner","B","car","1","path_before_manner",38.2300651161868,15.6688186742463,TRUE,
"exp1","exp1_050","Aff C 0 C_1",0,"affirmative","conflated",,"no_motion","C","paper","1","path_before_manner",38.2300651161868,15.6688186742463,TRUE,
"exp1","exp1_050","Neg M C E_1",0,"negative","manner",,"conflated","E","chair","1","path_before_manner",38.2300651161868,15.6688186742463,TRUE,
"exp1","exp1_050","Aff M 0 D_1",0,"affirmative","manner",,"no_motion","D","plank","1","path_before_manner",38.2300651161868,15.6688186742463,TRUE,
"exp1","exp1_050","Neg M M E_1",0,"negative","manner",,"manner","E","chair","1","path_before_manner",38.2300651161868,15.6688186742463,TRUE,
"exp1","exp1_049","Aff M C C_1",100,"affirmative","manner",,"conflated","C","paper","1","path_before_manner",48.6816342695222,15.6688186742463,TRUE,
"exp1","exp1_049","Aff P C D_1",100,"affirmative","path",,"conflated","D","plank","1","path_before_manner",48.6816342695222,15.6688186742463,TRUE,
"exp1","exp1_049","Aff P P A_6",100,"affirmative","path",,"path","A","leaf","6","path_before_manner",48.6816342695222,15.6688186742463,TRUE,
"exp1","exp1_049","Neg P 0 C_1",100,"negative","path",,"no_motion","C","paper","1","path_before_manner",48.6816342695222,15.6688186742463,TRUE,
"exp1","exp1_049","Aff C C D_1",94,"affirmative","conflated",,"conflated","D","plank","1","path_before_manner",48.6816342695222,15.6688186742463,TRUE,
"exp1","exp1_049","Neg C M C_1",18,"negative","conflated",,"manner","C","paper","1","path_before_manner",48.6816342695222,15.6688186742463,TRUE,
"exp1","exp1_049","Aff C P E_1",15,"affirmative","conflated",,"path","E","chair","1","path_before_manner",48.6816342695222,15.6688186742463,TRUE,
"exp1","exp1_049","Aff M 0 A_1",2,"affirmative","manner",,"no_motion","A","leaf","1","path_before_manner",48.6816342695222,15.6688186742463,TRUE,
"exp1","exp1_049","Neg M M B_1",0,"negative","manner",,"manner","B","car","1","path_before_manner",48.6816342695222,15.6688186742463,TRUE,
"exp1","exp1_049","Aff C 0 E_1",0,"affirmative","conflated",,"no_motion","E","chair","1","path_before_manner",48.6816342695222,15.6688186742463,TRUE,
"exp1","exp1_049","Neg P M A_1",0,"negative","path",,"manner","A","leaf","1","path_before_manner",48.6816342695222,15.6688186742463,TRUE,
"exp1","exp1_049","Neg M C B_1",0,"negative","manner",,"conflated","B","car","1","path_before_manner",48.6816342695222,15.6688186742463,TRUE,
"exp1","exp1_048","Aff C M E_1",91,"affirmative","conflated",,"manner","E","chair","1","path_before_manner",29.4169349288137,15.6688186742463,TRUE,
"exp1","exp1_048","Aff M M A_1",88,"affirmative","manner",,"manner","A","leaf","1","path_before_manner",29.4169349288137,15.6688186742463,TRUE,
"exp1","exp1_048","Neg P C A_1",73,"negative","path",,"conflated","A","leaf","1","path_before_manner",29.4169349288137,15.6688186742463,TRUE,
"exp1","exp1_048","Neg M 0 C_1",60,"negative","manner",,"no_motion","C","paper","1","path_before_manner",29.4169349288137,15.6688186742463,TRUE,
"exp1","exp1_048","Neg M P D_1",60,"negative","manner",,"path","D","plank","1","path_before_manner",29.4169349288137,15.6688186742463,TRUE,
"exp1","exp1_048","Neg C 0 D_1",50,"negative","conflated",,"no_motion","D","plank","1","path_before_manner",29.4169349288137,15.6688186742463,TRUE,
"exp1","exp1_048","Aff P M C_1",45,"affirmative","path",,"manner","C","paper","1","path_before_manner",29.4169349288137,15.6688186742463,TRUE,
"exp1","exp1_048","Neg P P A_1",33,"negative","path",,"path","A","leaf","1","path_before_manner",29.4169349288137,15.6688186742463,TRUE,
"exp1","exp1_048","Aff M P D_1",26,"affirmative","manner",,"path","D","plank","1","path_before_manner",29.4169349288137,15.6688186742463,TRUE,
"exp1","exp1_048","Neg C P B_1",22,"negative","conflated",,"path","B","car","1","path_before_manner",29.4169349288137,15.6688186742463,TRUE,
"exp1","exp1_048","Neg C C B_1",6,"negative","conflated",,"conflated","B","car","1","path_before_manner",29.4169349288137,15.6688186742463,TRUE,
"exp1","exp1_048","Aff P 0 E_1",3,"affirmative","path",,"no_motion","E","chair","1","path_before_manner",29.4169349288137,15.6688186742463,TRUE,
"exp1","exp1_047","Aff M C B_1",100,"affirmative","manner",,"conflated","B","car","1","path_before_manner",49.2365963917331,15.6688186742463,TRUE,
"exp1","exp1_047","Aff P C C_1",100,"affirmative","path",,"conflated","C","paper","1","path_before_manner",49.2365963917331,15.6688186742463,TRUE,
"exp1","exp1_047","Aff C C C_1",100,"affirmative","conflated",,"conflated","C","paper","1","path_before_manner",49.2365963917331,15.6688186742463,TRUE,
"exp1","exp1_047","Aff P P E_1",100,"affirmative","path",,"path","E","chair","1","path_before_manner",49.2365963917331,15.6688186742463,TRUE,
"exp1","exp1_047","Aff C P D_1",0,"affirmative","conflated",,"path","D","plank","1","path_before_manner",49.2365963917331,15.6688186742463,TRUE,
"exp1","exp1_047","Neg M C A_1",0,"negative","manner",,"conflated","A","leaf","1","path_before_manner",49.2365963917331,15.6688186742463,TRUE,
"exp1","exp1_047","Neg P 0 B_1",0,"negative","path",,"no_motion","B","car","1","path_before_manner",49.2365963917331,15.6688186742463,TRUE,
"exp1","exp1_047","Neg P M E_1",0,"negative","path",,"manner","E","chair","1","path_before_manner",49.2365963917331,15.6688186742463,TRUE,
"exp1","exp1_047","Neg M M A_1",0,"negative","manner",,"manner","A","leaf","1","path_before_manner",49.2365963917331,15.6688186742463,TRUE,
"exp1","exp1_047","Aff C 0 D_1",0,"affirmative","conflated",,"no_motion","D","plank","1","path_before_manner",49.2365963917331,15.6688186742463,TRUE,
"exp1","exp1_047","Aff M 0 E_1",0,"affirmative","manner",,"no_motion","E","chair","1","path_before_manner",49.2365963917331,15.6688186742463,TRUE,
"exp1","exp1_047","Neg C M D_1",0,"negative","conflated",,"manner","D","plank","1","path_before_manner",49.2365963917331,15.6688186742463,TRUE,
"exp1","exp1_046","Aff M M B_1",91,"affirmative","manner",,"manner","B","car","1","path_before_manner",26.0609716323901,15.6688186742463,TRUE,
"exp1","exp1_046","Aff M P E_1",59,"affirmative","manner",,"path","E","chair","1","path_before_manner",26.0609716323901,15.6688186742463,TRUE,
"exp1","exp1_046","Neg M 0 D_1",37,"negative","manner",,"no_motion","D","plank","1","path_before_manner",26.0609716323901,15.6688186742463,TRUE,
"exp1","exp1_046","Aff C M A_1",25,"affirmative","conflated",,"manner","A","leaf","1","path_before_manner",26.0609716323901,15.6688186742463,TRUE,
"exp1","exp1_046","Aff P M D_1",25,"affirmative","path",,"manner","D","plank","1","path_before_manner",26.0609716323901,15.6688186742463,TRUE,
"exp1","exp1_046","Aff P 0 A_1",22,"affirmative","path",,"no_motion","A","leaf","1","path_before_manner",26.0609716323901,15.6688186742463,TRUE,
"exp1","exp1_046","Neg M P E_1",22,"negative","manner",,"path","E","chair","1","path_before_manner",26.0609716323901,15.6688186742463,TRUE,
"exp1","exp1_046","Neg P P B_1",17,"negative","path",,"path","B","car","1","path_before_manner",26.0609716323901,15.6688186742463,TRUE,
"exp1","exp1_046","Neg P C B_1",14,"negative","path",,"conflated","B","car","1","path_before_manner",26.0609716323901,15.6688186742463,TRUE,
"exp1","exp1_046","Neg C 0 E_1",3,"negative","conflated",,"no_motion","E","chair","1","path_before_manner",26.0609716323901,15.6688186742463,TRUE,
"exp1","exp1_046","Neg C P C_1",1,"negative","conflated",,"path","C","paper","1","path_before_manner",26.0609716323901,15.6688186742463,TRUE,
"exp1","exp1_046","Neg C C C_1",1,"negative","conflated",,"conflated","C","paper","1","path_before_manner",26.0609716323901,15.6688186742463,TRUE,
"exp1","exp1_045","Neg C P E_1",96,"negative","conflated",,"path","E","chair","1","path_before_manner",45.0383674821207,15.6688186742463,TRUE,
"exp1","exp1_045","Neg M 0 A_1",95,"negative","manner",,"no_motion","A","leaf","1","path_before_manner",45.0383674821207,15.6688186742463,TRUE,
"exp1","exp1_045","Aff P M A_1",95,"affirmative","path",,"manner","A","leaf","1","path_before_manner",45.0383674821207,15.6688186742463,TRUE,
"exp1","exp1_045","Neg M P B_1",95,"negative","manner",,"path","B","car","1","path_before_manner",45.0383674821207,15.6688186742463,TRUE,
"exp1","exp1_045","Neg C 0 B_1",90,"negative","conflated",,"no_motion","B","car","1","path_before_manner",45.0383674821207,15.6688186742463,TRUE,
"exp1","exp1_045","Aff M M D_1",90,"affirmative","manner",,"manner","D","plank","1","path_before_manner",45.0383674821207,15.6688186742463,TRUE,
"exp1","exp1_045","Aff C M C_1",15,"affirmative","conflated",,"manner","C","paper","1","path_before_manner",45.0383674821207,15.6688186742463,TRUE,
"exp1","exp1_045","Aff P 0 A_1_1",10,"affirmative","path",,"no_motion","A","leaf","1_1","path_before_manner",45.0383674821207,15.6688186742463,TRUE,
"exp1","exp1_045","Aff M P B_1",5,"affirmative","manner",,"path","B","car","1","path_before_manner",45.0383674821207,15.6688186742463,TRUE,
"exp1","exp1_045","Neg P C D_1",5,"negative","path",,"conflated","D","plank","1","path_before_manner",45.0383674821207,15.6688186742463,TRUE,
"exp1","exp1_045","Neg P P D_1",5,"negative","path",,"path","D","plank","1","path_before_manner",45.0383674821207,15.6688186742463,TRUE,
"exp1","exp1_045","Neg C C E_1",5,"negative","conflated",,"conflated","E","chair","1","path_before_manner",45.0383674821207,15.6688186742463,TRUE,
"exp1","exp1_044","Aff P C A_1",99,"affirmative","path",,"conflated","A","leaf","1","path_before_manner",24.5435605329863,15.6688186742463,TRUE,
"exp1","exp1_044","Aff P P C_1",86,"affirmative","path",,"path","C","paper","1","path_before_manner",24.5435605329863,15.6688186742463,TRUE,
"exp1","exp1_044","Aff M C E_1",81,"affirmative","manner",,"conflated","E","chair","1","path_before_manner",24.5435605329863,15.6688186742463,TRUE,
"exp1","exp1_044","Aff M 0 C_1",77,"affirmative","manner",,"no_motion","C","paper","1","path_before_manner",24.5435605329863,15.6688186742463,TRUE,
"exp1","exp1_044","Aff C C A_1",60,"affirmative","conflated",,"conflated","A","leaf","1","path_before_manner",24.5435605329863,15.6688186742463,TRUE,
"exp1","exp1_044","Neg C M A_1",40,"negative","conflated",,"manner","A","leaf","1","path_before_manner",24.5435605329863,15.6688186742463,TRUE,
"exp1","exp1_044","Aff C P B_1",39,"affirmative","conflated",,"path","B","car","1","path_before_manner",24.5435605329863,15.6688186742463,TRUE,
"exp1","exp1_044","Neg M M D_1",38,"negative","manner",,"manner","D","plank","1","path_before_manner",24.5435605329863,15.6688186742463,TRUE,
"exp1","exp1_044","Neg P M C_1",37,"negative","path",,"manner","C","paper","1","path_before_manner",24.5435605329863,15.6688186742463,TRUE,
"exp1","exp1_044","Aff C 0 B_1",36,"affirmative","conflated",,"no_motion","B","car","1","path_before_manner",24.5435605329863,15.6688186742463,TRUE,
"exp1","exp1_044","Neg P 0 E_1",36,"negative","path",,"no_motion","E","chair","1","path_before_manner",24.5435605329863,15.6688186742463,TRUE,
"exp1","exp1_044","Neg M C D_1",28,"negative","manner",,"conflated","D","plank","1","path_before_manner",24.5435605329863,15.6688186742463,TRUE,
"exp1","exp1_043","Aff M M C_1",100,"affirmative","manner",,"manner","C","paper","1","path_before_manner",33.8427737239921,15.6688186742463,TRUE,
"exp1","exp1_043","Aff M P A_1",96,"affirmative","manner",,"path","A","leaf","1","path_before_manner",33.8427737239921,15.6688186742463,TRUE,
"exp1","exp1_043","Aff C M B_1",75,"affirmative","conflated",,"manner","B","car","1","path_before_manner",33.8427737239921,15.6688186742463,TRUE,
"exp1","exp1_043","Neg M 0 E_1",73,"negative","manner",,"no_motion","E","chair","1","path_before_manner",33.8427737239921,15.6688186742463,TRUE,
"exp1","exp1_043","Aff P 0 B_1",64,"affirmative","path",,"no_motion","B","car","1","path_before_manner",33.8427737239921,15.6688186742463,TRUE,
"exp1","exp1_043","Neg P P C_1",63,"negative","path",,"path","C","paper","1","path_before_manner",33.8427737239921,15.6688186742463,TRUE,
"exp1","exp1_043","Aff P M E_1",62,"affirmative","path",,"manner","E","chair","1","path_before_manner",33.8427737239921,15.6688186742463,TRUE,
"exp1","exp1_043","Neg M P A_1",60,"negative","manner",,"path","A","leaf","1","path_before_manner",33.8427737239921,15.6688186742463,TRUE,
"exp1","exp1_043","Neg P C C_1",35,"negative","path",,"conflated","C","paper","1","path_before_manner",33.8427737239921,15.6688186742463,TRUE,
"exp1","exp1_043","Neg C P D_1",16,"negative","conflated",,"path","D","plank","1","path_before_manner",33.8427737239921,15.6688186742463,TRUE,
"exp1","exp1_043","Neg C C D_1",0,"negative","conflated",,"conflated","D","plank","1","path_before_manner",33.8427737239921,15.6688186742463,TRUE,
"exp1","exp1_043","Neg C 0 A_1",0,"negative","conflated",,"no_motion","A","leaf","1","path_before_manner",33.8427737239921,15.6688186742463,TRUE,
"exp1","exp1_042","Neg P M C_1",100,"negative","path",,"manner","C","paper","1","path_before_manner",51.4928650544437,15.6688186742463,TRUE,
"exp1","exp1_042","Aff P P C_1",100,"affirmative","path",,"path","C","paper","1","path_before_manner",51.4928650544437,15.6688186742463,TRUE,
"exp1","exp1_042","Aff C C A_1",100,"affirmative","conflated",,"conflated","A","leaf","1","path_before_manner",51.4928650544437,15.6688186742463,TRUE,
"exp1","exp1_042","Aff M C E_1",100,"affirmative","manner",,"conflated","E","chair","1","path_before_manner",51.4928650544437,15.6688186742463,TRUE,
"exp1","exp1_042","Aff P C A_1",100,"affirmative","path",,"conflated","A","leaf","1","path_before_manner",51.4928650544437,15.6688186742463,TRUE,
"exp1","exp1_042","Neg C M A_1",0,"negative","conflated",,"manner","A","leaf","1","path_before_manner",51.4928650544437,15.6688186742463,TRUE,
"exp1","exp1_042","Aff C P B_1",0,"affirmative","conflated",,"path","B","car","1","path_before_manner",51.4928650544437,15.6688186742463,TRUE,
"exp1","exp1_042","Neg M C D_1",0,"negative","manner",,"conflated","D","plank","1","path_before_manner",51.4928650544437,15.6688186742463,TRUE,
"exp1","exp1_042","Neg P 0 E_1",0,"negative","path",,"no_motion","E","chair","1","path_before_manner",51.4928650544437,15.6688186742463,TRUE,
"exp1","exp1_042","Neg M M D_1",0,"negative","manner",,"manner","D","plank","1","path_before_manner",51.4928650544437,15.6688186742463,TRUE,
"exp1","exp1_042","Aff M 0 C_1",0,"affirmative","manner",,"no_motion","C","paper","1","path_before_manner",51.4928650544437,15.6688186742463,TRUE,
"exp1","exp1_042","Aff C 0 B_1",0,"affirmative","conflated",,"no_motion","B","car","1","path_before_manner",51.4928650544437,15.6688186742463,TRUE,
"exp1","exp1_041","Aff M P D_1",9,"affirmative","manner",,"path","D","plank","1","path_before_manner",2.67847763183537,15.6688186742463,FALSE,"low_response_variability"
"exp1","exp1_041","Neg M 0 C_1",9,"negative","manner",,"no_motion","C","paper","1","path_before_manner",2.67847763183537,15.6688186742463,FALSE,"low_response_variability"
"exp1","exp1_041","Aff C M E_1",7,"affirmative","conflated",,"manner","E","chair","1","path_before_manner",2.67847763183537,15.6688186742463,FALSE,"low_response_variability"
"exp1","exp1_041","Aff P M C_1",7,"affirmative","path",,"manner","C","paper","1","path_before_manner",2.67847763183537,15.6688186742463,FALSE,"low_response_variability"
"exp1","exp1_041","Aff M M A_1",7,"affirmative","manner",,"manner","A","leaf","1","path_before_manner",2.67847763183537,15.6688186742463,FALSE,"low_response_variability"
"exp1","exp1_041","Aff P 0 E_1",6,"affirmative","path",,"no_motion","E","chair","1","path_before_manner",2.67847763183537,15.6688186742463,FALSE,"low_response_variability"
"exp1","exp1_041","Neg P P A_1",5,"negative","path",,"path","A","leaf","1","path_before_manner",2.67847763183537,15.6688186742463,FALSE,"low_response_variability"
"exp1","exp1_041","Neg C 0 D_1",5,"negative","conflated",,"no_motion","D","plank","1","path_before_manner",2.67847763183537,15.6688186742463,FALSE,"low_response_variability"
"exp1","exp1_041","Neg M P D_1",4,"negative","manner",,"path","D","plank","1","path_before_manner",2.67847763183537,15.6688186742463,FALSE,"low_response_variability"
"exp1","exp1_041","Neg P C A_1",4,"negative","path",,"conflated","A","leaf","1","path_before_manner",2.67847763183537,15.6688186742463,FALSE,"low_response_variability"
"exp1","exp1_041","Neg C C B_1",2,"negative","conflated",,"conflated","B","car","1","path_before_manner",2.67847763183537,15.6688186742463,FALSE,"low_response_variability"
"exp1","exp1_041","Neg C P B_1",0,"negative","conflated",,"path","B","car","1","path_before_manner",2.67847763183537,15.6688186742463,FALSE,"low_response_variability"
"exp1","exp1_040","Aff M M D_1",92,"affirmative","manner",,"manner","D","plank","1","path_before_manner",39.3342321417594,15.6688186742463,TRUE,
"exp1","exp1_040","Neg M 0 A_1",90,"negative","manner",,"no_motion","A","leaf","1","path_before_manner",39.3342321417594,15.6688186742463,TRUE,
"exp1","exp1_040","Neg M P B_1",90,"negative","manner",,"path","B","car","1","path_before_manner",39.3342321417594,15.6688186742463,TRUE,
"exp1","exp1_040","Neg C 0 B_1",79,"negative","conflated",,"no_motion","B","car","1","path_before_manner",39.3342321417594,15.6688186742463,TRUE,
"exp1","exp1_040","Aff C M C_1",70,"affirmative","conflated",,"manner","C","paper","1","path_before_manner",39.3342321417594,15.6688186742463,TRUE,
"exp1","exp1_040","Aff P M A_1",37,"affirmative","path",,"manner","A","leaf","1","path_before_manner",39.3342321417594,15.6688186742463,TRUE,
"exp1","exp1_040","Neg P C D_1",17,"negative","path",,"conflated","D","plank","1","path_before_manner",39.3342321417594,15.6688186742463,TRUE,
"exp1","exp1_040","Neg C C E_1",11,"negative","conflated",,"conflated","E","chair","1","path_before_manner",39.3342321417594,15.6688186742463,TRUE,
"exp1","exp1_040","Aff M P B_1",10,"affirmative","manner",,"path","B","car","1","path_before_manner",39.3342321417594,15.6688186742463,TRUE,
"exp1","exp1_040","Neg P P D_1",1,"negative","path",,"path","D","plank","1","path_before_manner",39.3342321417594,15.6688186742463,TRUE,
"exp1","exp1_040","Aff P 0 A_1_1",1,"affirmative","path",,"no_motion","A","leaf","1_1","path_before_manner",39.3342321417594,15.6688186742463,TRUE,
"exp1","exp1_040","Neg C P E_1",0,"negative","conflated",,"path","E","chair","1","path_before_manner",39.3342321417594,15.6688186742463,TRUE,
"exp1","exp1_039","Neg M P A_1",100,"negative","manner",,"path","A","leaf","1","path_before_manner",41.0461676504382,15.6688186742463,TRUE,
"exp1","exp1_039","Aff C M B_1",94,"affirmative","conflated",,"manner","B","car","1","path_before_manner",41.0461676504382,15.6688186742463,TRUE,
"exp1","exp1_039","Neg C P D_1",94,"negative","conflated",,"path","D","plank","1","path_before_manner",41.0461676504382,15.6688186742463,TRUE,
"exp1","exp1_039","Aff P 0 B_1",84,"affirmative","path",,"no_motion","B","car","1","path_before_manner",41.0461676504382,15.6688186742463,TRUE,
"exp1","exp1_039","Neg C 0 A_1",53,"negative","conflated",,"no_motion","A","leaf","1","path_before_manner",41.0461676504382,15.6688186742463,TRUE,
"exp1","exp1_039","Neg M 0 E_1",50,"negative","manner",,"no_motion","E","chair","1","path_before_manner",41.0461676504382,15.6688186742463,TRUE,
"exp1","exp1_039","Aff M M C_1",31,"affirmative","manner",,"manner","C","paper","1","path_before_manner",41.0461676504382,15.6688186742463,TRUE,
"exp1","exp1_039","Neg P P C_1",6,"negative","path",,"path","C","paper","1","path_before_manner",41.0461676504382,15.6688186742463,TRUE,
"exp1","exp1_039","Aff P M E_1",4,"affirmative","path",,"manner","E","chair","1","path_before_manner",41.0461676504382,15.6688186742463,TRUE,
"exp1","exp1_039","Neg C C D_1",4,"negative","conflated",,"conflated","D","plank","1","path_before_manner",41.0461676504382,15.6688186742463,TRUE,
"exp1","exp1_039","Neg P C C_1",0,"negative","path",,"conflated","C","paper","1","path_before_manner",41.0461676504382,15.6688186742463,TRUE,
"exp1","exp1_039","Aff M P A_1",0,"affirmative","manner",,"path","A","leaf","1","path_before_manner",41.0461676504382,15.6688186742463,TRUE,
"exp1","exp1_038","Neg M C C_1",100,"negative","manner",,"conflated","C","paper","1","path_before_manner",49.2365963917331,15.6688186742463,TRUE,
"exp1","exp1_038","Aff P P B_1",100,"affirmative","path",,"path","B","car","1","path_before_manner",49.2365963917331,15.6688186742463,TRUE,
"exp1","exp1_038","Aff C C E_1",100,"affirmative","conflated",,"conflated","E","chair","1","path_before_manner",49.2365963917331,15.6688186742463,TRUE,
"exp1","exp1_038","Neg C M E_1",100,"negative","conflated",,"manner","E","chair","1","path_before_manner",49.2365963917331,15.6688186742463,TRUE,
"exp1","exp1_038","Neg P 0 D_1",100,"negative","path",,"no_motion","D","plank","1","path_before_manner",49.2365963917331,15.6688186742463,TRUE,
"exp1","exp1_038","Aff P C E_1",100,"affirmative","path",,"conflated","E","chair","1","path_before_manner",49.2365963917331,15.6688186742463,TRUE,
"exp1","exp1_038","Aff M C D_1",100,"affirmative","manner",,"conflated","D","plank","1","path_before_manner",49.2365963917331,15.6688186742463,TRUE,
"exp1","exp1_038","Neg P M B_1",100,"negative","path",,"manner","B","car","1","path_before_manner",49.2365963917331,15.6688186742463,TRUE,
"exp1","exp1_038","Aff C 0 A_1",0,"affirmative","conflated",,"no_motion","A","leaf","1","path_before_manner",49.2365963917331,15.6688186742463,TRUE,
"exp1","exp1_038","Aff M 0 B_1",0,"affirmative","manner",,"no_motion","B","car","1","path_before_manner",49.2365963917331,15.6688186742463,TRUE,
"exp1","exp1_038","Neg M M C_1",0,"negative","manner",,"manner","C","paper","1","path_before_manner",49.2365963917331,15.6688186742463,TRUE,
"exp1","exp1_038","Aff C P A_1",0,"affirmative","conflated",,"path","A","leaf","1","path_before_manner",49.2365963917331,15.6688186742463,TRUE,
"exp1","exp1_037","Neg M 0 E_1",100,"negative","manner",,"no_motion","E","chair","1","path_before_manner",48.0532375221861,15.6688186742463,TRUE,
"exp1","exp1_037","Aff P M E_1",100,"affirmative","path",,"manner","E","chair","1","path_before_manner",48.0532375221861,15.6688186742463,TRUE,
"exp1","exp1_037","Neg C 0 A_1",100,"negative","conflated",,"no_motion","A","leaf","1","path_before_manner",48.0532375221861,15.6688186742463,TRUE,
"exp1","exp1_037","Neg C P D_1",99,"negative","conflated",,"path","D","plank","1","path_before_manner",48.0532375221861,15.6688186742463,TRUE,
"exp1","exp1_037","Neg C C D_1",95,"negative","conflated",,"conflated","D","plank","1","path_before_manner",48.0532375221861,15.6688186742463,TRUE,
"exp1","exp1_037","Aff M M C_1",80,"affirmative","manner",,"manner","C","paper","1","path_before_manner",48.0532375221861,15.6688186742463,TRUE,
"exp1","exp1_037","Aff C M B_1",21,"affirmative","conflated",,"manner","B","car","1","path_before_manner",48.0532375221861,15.6688186742463,TRUE,
"exp1","exp1_037","Neg M P A_1",5,"negative","manner",,"path","A","leaf","1","path_before_manner",48.0532375221861,15.6688186742463,TRUE,
"exp1","exp1_037","Neg P C C_1",3,"negative","path",,"conflated","C","paper","1","path_before_manner",48.0532375221861,15.6688186742463,TRUE,
"exp1","exp1_037","Aff M P A_1",0,"affirmative","manner",,"path","A","leaf","1","path_before_manner",48.0532375221861,15.6688186742463,TRUE,
"exp1","exp1_037","Neg P P C_1",0,"negative","path",,"path","C","paper","1","path_before_manner",48.0532375221861,15.6688186742463,TRUE,
"exp1","exp1_037","Aff P 0 B_1",0,"affirmative","path",,"no_motion","B","car","1","path_before_manner",48.0532375221861,15.6688186742463,TRUE,
"exp1","exp1_036","Neg M 0 A_1",100,"negative","manner",,"no_motion","A","leaf","1","path_before_manner",45.4832636551872,15.6688186742463,TRUE,
"exp1","exp1_036","Neg M P B_1",100,"negative","manner",,"path","B","car","1","path_before_manner",45.4832636551872,15.6688186742463,TRUE,
"exp1","exp1_036","Neg C P E_1",94,"negative","conflated",,"path","E","chair","1","path_before_manner",45.4832636551872,15.6688186742463,TRUE,
"exp1","exp1_036","Aff M M D_1",94,"affirmative","manner",,"manner","D","plank","1","path_before_manner",45.4832636551872,15.6688186742463,TRUE,
"exp1","exp1_036","Neg P P D_1",93,"negative","path",,"path","D","plank","1","path_before_manner",45.4832636551872,15.6688186742463,TRUE,
"exp1","exp1_036","Aff C M C_1",87,"affirmative","conflated",,"manner","C","paper","1","path_before_manner",45.4832636551872,15.6688186742463,TRUE,
"exp1","exp1_036","Aff P 0 A_1_1",32,"affirmative","path",,"no_motion","A","leaf","1_1","path_before_manner",45.4832636551872,15.6688186742463,TRUE,
"exp1","exp1_036","Neg C C E_1",13,"negative","conflated",,"conflated","E","chair","1","path_before_manner",45.4832636551872,15.6688186742463,TRUE,
"exp1","exp1_036","Aff M P B_1",11,"affirmative","manner",,"path","B","car","1","path_before_manner",45.4832636551872,15.6688186742463,TRUE,
"exp1","exp1_036","Aff P M A_1",0,"affirmative","path",,"manner","A","leaf","1","path_before_manner",45.4832636551872,15.6688186742463,TRUE,
"exp1","exp1_036","Neg P C D_1",0,"negative","path",,"conflated","D","plank","1","path_before_manner",45.4832636551872,15.6688186742463,TRUE,
"exp1","exp1_036","Neg C 0 B_1",0,"negative","conflated",,"no_motion","B","car","1","path_before_manner",45.4832636551872,15.6688186742463,TRUE,
"exp1","exp1_035","Neg P 0 D_1",100,"negative","path",,"no_motion","D","plank","1","path_before_manner",47.9143807096354,15.6688186742463,TRUE,
"exp1","exp1_035","Neg C M E_1",100,"negative","conflated",,"manner","E","chair","1","path_before_manner",47.9143807096354,15.6688186742463,TRUE,
"exp1","exp1_035","Aff P P B_1",100,"affirmative","path",,"path","B","car","1","path_before_manner",47.9143807096354,15.6688186742463,TRUE,
"exp1","exp1_035","Aff C C E_1",100,"affirmative","conflated",,"conflated","E","chair","1","path_before_manner",47.9143807096354,15.6688186742463,TRUE,
"exp1","exp1_035","Aff M C D_1",90,"affirmative","manner",,"conflated","D","plank","1","path_before_manner",47.9143807096354,15.6688186742463,TRUE,
"exp1","exp1_035","Aff P C E_1",83,"affirmative","path",,"conflated","E","chair","1","path_before_manner",47.9143807096354,15.6688186742463,TRUE,
"exp1","exp1_035","Neg P M B_1",41,"negative","path",,"manner","B","car","1","path_before_manner",47.9143807096354,15.6688186742463,TRUE,
"exp1","exp1_035","Neg M M C_1",0,"negative","manner",,"manner","C","paper","1","path_before_manner",47.9143807096354,15.6688186742463,TRUE,
"exp1","exp1_035","Aff C P A_1",0,"affirmative","conflated",,"path","A","leaf","1","path_before_manner",47.9143807096354,15.6688186742463,TRUE,
"exp1","exp1_035","Aff M 0 B_1",0,"affirmative","manner",,"no_motion","B","car","1","path_before_manner",47.9143807096354,15.6688186742463,TRUE,
"exp1","exp1_035","Aff C 0 A_1",0,"affirmative","conflated",,"no_motion","A","leaf","1","path_before_manner",47.9143807096354,15.6688186742463,TRUE,
"exp1","exp1_035","Neg M C C_1",0,"negative","manner",,"conflated","C","paper","1","path_before_manner",47.9143807096354,15.6688186742463,TRUE,
"exp1","exp1_034","Aff P C B_1",100,"affirmative","path",,"conflated","B","car","1","path_before_manner",47.1599470531998,15.6688186742463,TRUE,
"exp1","exp1_034","Aff M C A_1",100,"affirmative","manner",,"conflated","A","leaf","1","path_before_manner",47.1599470531998,15.6688186742463,TRUE,
"exp1","exp1_034","Aff C C B_1",100,"affirmative","conflated",,"conflated","B","car","1","path_before_manner",47.1599470531998,15.6688186742463,TRUE,
"exp1","exp1_034","Aff P P D_1",100,"affirmative","path",,"path","D","plank","1","path_before_manner",47.1599470531998,15.6688186742463,TRUE,
"exp1","exp1_034","Neg P 0 A_1",83,"negative","path",,"no_motion","A","leaf","1","path_before_manner",47.1599470531998,15.6688186742463,TRUE,
"exp1","exp1_034","Aff C P C_1",75,"affirmative","conflated",,"path","C","paper","1","path_before_manner",47.1599470531998,15.6688186742463,TRUE,
"exp1","exp1_034","Aff C 0 C_1",34,"affirmative","conflated",,"no_motion","C","paper","1","path_before_manner",47.1599470531998,15.6688186742463,TRUE,
"exp1","exp1_034","Neg M C E_1",0,"negative","manner",,"conflated","E","chair","1","path_before_manner",47.1599470531998,15.6688186742463,TRUE,
"exp1","exp1_034","Neg P M D_1",0,"negative","path",,"manner","D","plank","1","path_before_manner",47.1599470531998,15.6688186742463,TRUE,
"exp1","exp1_034","Neg C M B_1",0,"negative","conflated",,"manner","B","car","1","path_before_manner",47.1599470531998,15.6688186742463,TRUE,
"exp1","exp1_034","Aff M 0 D_1",0,"affirmative","manner",,"no_motion","D","plank","1","path_before_manner",47.1599470531998,15.6688186742463,TRUE,
"exp1","exp1_034","Neg M M E_1",0,"negative","manner",,"manner","E","chair","1","path_before_manner",47.1599470531998,15.6688186742463,TRUE,
"exp1","exp1_033","Neg M 0 C_1",65,"negative","manner",,"no_motion","C","paper","1","path_before_manner",24.820568205837,15.6688186742463,TRUE,
"exp1","exp1_033","Aff C M E_1",64,"affirmative","conflated",,"manner","E","chair","1","path_before_manner",24.820568205837,15.6688186742463,TRUE,
"exp1","exp1_033","Neg C P B_1",58,"negative","conflated",,"path","B","car","1","path_before_manner",24.820568205837,15.6688186742463,TRUE,
"exp1","exp1_033","Neg M P D_1",56,"negative","manner",,"path","D","plank","1","path_before_manner",24.820568205837,15.6688186742463,TRUE,
"exp1","exp1_033","Aff M M A_1",55,"affirmative","manner",,"manner","A","leaf","1","path_before_manner",24.820568205837,15.6688186742463,TRUE,
"exp1","exp1_033","Neg C C B_1",45,"negative","conflated",,"conflated","B","car","1","path_before_manner",24.820568205837,15.6688186742463,TRUE,
"exp1","exp1_033","Neg C 0 D_1",41,"negative","conflated",,"no_motion","D","plank","1","path_before_manner",24.820568205837,15.6688186742463,TRUE,
"exp1","exp1_033","Aff M P D_1",35,"affirmative","manner",,"path","D","plank","1","path_before_manner",24.820568205837,15.6688186742463,TRUE,
"exp1","exp1_033","Aff P M C_1",32,"affirmative","path",,"manner","C","paper","1","path_before_manner",24.820568205837,15.6688186742463,TRUE,
"exp1","exp1_033","Aff P 0 E_1",1,"affirmative","path",,"no_motion","E","chair","1","path_before_manner",24.820568205837,15.6688186742463,TRUE,
"exp1","exp1_033","Neg P C A_1",0,"negative","path",,"conflated","A","leaf","1","path_before_manner",24.820568205837,15.6688186742463,TRUE,
"exp1","exp1_033","Neg P P A_1",0,"negative","path",,"path","A","leaf","1","path_before_manner",24.820568205837,15.6688186742463,TRUE,
"exp1","exp1_032","Neg P 0 B_1",93,"negative","path",,"no_motion","B","car","1","path_before_manner",42.60459500044,15.6688186742463,TRUE,
"exp1","exp1_032","Aff M C B_1",91,"affirmative","manner",,"conflated","B","car","1","path_before_manner",42.60459500044,15.6688186742463,TRUE,
"exp1","exp1_032","Aff P P E_1",91,"affirmative","path",,"path","E","chair","1","path_before_manner",42.60459500044,15.6688186742463,TRUE,
"exp1","exp1_032","Aff P C C_1",89,"affirmative","path",,"conflated","C","paper","1","path_before_manner",42.60459500044,15.6688186742463,TRUE,
"exp1","exp1_032","Neg P M E_1",84,"negative","path",,"manner","E","chair","1","path_before_manner",42.60459500044,15.6688186742463,TRUE,
"exp1","exp1_032","Aff C C C_1",75,"affirmative","conflated",,"conflated","C","paper","1","path_before_manner",42.60459500044,15.6688186742463,TRUE,
"exp1","exp1_032","Neg C M D_1",9,"negative","conflated",,"manner","D","plank","1","path_before_manner",42.60459500044,15.6688186742463,TRUE,
"exp1","exp1_032","Aff M 0 E_1",9,"affirmative","manner",,"no_motion","E","chair","1","path_before_manner",42.60459500044,15.6688186742463,TRUE,
"exp1","exp1_032","Aff C P D_1",8,"affirmative","conflated",,"path","D","plank","1","path_before_manner",42.60459500044,15.6688186742463,TRUE,
"exp1","exp1_032","Neg M C A_1",6,"negative","manner",,"conflated","A","leaf","1","path_before_manner",42.60459500044,15.6688186742463,TRUE,
"exp1","exp1_032","Neg M M A_1",5,"negative","manner",,"manner","A","leaf","1","path_before_manner",42.60459500044,15.6688186742463,TRUE,
"exp1","exp1_032","Aff C 0 D_1",0,"affirmative","conflated",,"no_motion","D","plank","1","path_before_manner",42.60459500044,15.6688186742463,TRUE,
"exp1","exp1_031","Neg M P A_1",100,"negative","manner",,"path","A","leaf","1","path_before_manner",43.1855580517657,15.6688186742463,TRUE,
"exp1","exp1_031","Aff M M C_1",98,"affirmative","manner",,"manner","C","paper","1","path_before_manner",43.1855580517657,15.6688186742463,TRUE,
"exp1","exp1_031","Neg C 0 A_1",93,"negative","conflated",,"no_motion","A","leaf","1","path_before_manner",43.1855580517657,15.6688186742463,TRUE,
"exp1","exp1_031","Neg M 0 E_1",89,"negative","manner",,"no_motion","E","chair","1","path_before_manner",43.1855580517657,15.6688186742463,TRUE,
"exp1","exp1_031","Aff P M E_1",88,"affirmative","path",,"manner","E","chair","1","path_before_manner",43.1855580517657,15.6688186742463,TRUE,
"exp1","exp1_031","Neg C P D_1",87,"negative","conflated",,"path","D","plank","1","path_before_manner",43.1855580517657,15.6688186742463,TRUE,
"exp1","exp1_031","Aff P 0 B_1",74,"affirmative","path",,"no_motion","B","car","1","path_before_manner",43.1855580517657,15.6688186742463,TRUE,
"exp1","exp1_031","Aff C M B_1",44,"affirmative","conflated",,"manner","B","car","1","path_before_manner",43.1855580517657,15.6688186742463,TRUE,
"exp1","exp1_031","Neg C C D_1",6,"negative","conflated",,"conflated","D","plank","1","path_before_manner",43.1855580517657,15.6688186742463,TRUE,
"exp1","exp1_031","Neg P C C_1",0,"negative","path",,"conflated","C","paper","1","path_before_manner",43.1855580517657,15.6688186742463,TRUE,
"exp1","exp1_031","Neg P P C_1",0,"negative","path",,"path","C","paper","1","path_before_manner",43.1855580517657,15.6688186742463,TRUE,
"exp1","exp1_031","Aff M P A_1",0,"affirmative","manner",,"path","A","leaf","1","path_before_manner",43.1855580517657,15.6688186742463,TRUE,
"exp1","exp1_030","Aff P 0 E_1",77,"affirmative","path",,"no_motion","E","chair","1","path_before_manner",12.4568953766275,15.6688186742463,FALSE,"low_response_variability"
"exp1","exp1_030","Neg C 0 D_1",77,"negative","conflated",,"no_motion","D","plank","1","path_before_manner",12.4568953766275,15.6688186742463,FALSE,"low_response_variability"
"exp1","exp1_030","Neg C P B_1",75,"negative","conflated",,"path","B","car","1","path_before_manner",12.4568953766275,15.6688186742463,FALSE,"low_response_variability"
"exp1","exp1_030","Aff M P D_1",73,"affirmative","manner",,"path","D","plank","1","path_before_manner",12.4568953766275,15.6688186742463,FALSE,"low_response_variability"
"exp1","exp1_030","Neg P P A_1",73,"negative","path",,"path","A","leaf","1","path_before_manner",12.4568953766275,15.6688186742463,FALSE,"low_response_variability"
"exp1","exp1_030","Aff M M A_1",73,"affirmative","manner",,"manner","A","leaf","1","path_before_manner",12.4568953766275,15.6688186742463,FALSE,"low_response_variability"
"exp1","exp1_030","Neg C C B_1",71,"negative","conflated",,"conflated","B","car","1","path_before_manner",12.4568953766275,15.6688186742463,FALSE,"low_response_variability"
"exp1","exp1_030","Neg M P D_1",69,"negative","manner",,"path","D","plank","1","path_before_manner",12.4568953766275,15.6688186742463,FALSE,"low_response_variability"
"exp1","exp1_030","Neg P C A_1",68,"negative","path",,"conflated","A","leaf","1","path_before_manner",12.4568953766275,15.6688186742463,FALSE,"low_response_variability"
"exp1","exp1_030","Aff P M C_1",64,"affirmative","path",,"manner","C","paper","1","path_before_manner",12.4568953766275,15.6688186742463,FALSE,"low_response_variability"
"exp1","exp1_030","Aff C M E_1",43,"affirmative","conflated",,"manner","E","chair","1","path_before_manner",12.4568953766275,15.6688186742463,FALSE,"low_response_variability"
"exp1","exp1_030","Neg M 0 C_1",40,"negative","manner",,"no_motion","C","paper","1","path_before_manner",12.4568953766275,15.6688186742463,FALSE,"low_response_variability"
"exp1","exp1_029","Aff C M A_1",100,"affirmative","conflated",,"manner","A","leaf","1","path_before_manner",45.9960472610024,15.6688186742463,TRUE,
"exp1","exp1_029","Neg M P E_1",97,"negative","manner",,"path","E","chair","1","path_before_manner",45.9960472610024,15.6688186742463,TRUE,
"exp1","exp1_029","Aff M M B_1",97,"affirmative","manner",,"manner","B","car","1","path_before_manner",45.9960472610024,15.6688186742463,TRUE,
"exp1","exp1_029","Neg C 0 E_1",93,"negative","conflated",,"no_motion","E","chair","1","path_before_manner",45.9960472610024,15.6688186742463,TRUE,
"exp1","exp1_029","Neg C P C_1",91,"negative","conflated",,"path","C","paper","1","path_before_manner",45.9960472610024,15.6688186742463,TRUE,
"exp1","exp1_029","Aff P M D_1",85,"affirmative","path",,"manner","D","plank","1","path_before_manner",45.9960472610024,15.6688186742463,TRUE,
"exp1","exp1_029","Neg P C B_1",11,"negative","path",,"conflated","B","car","1","path_before_manner",45.9960472610024,15.6688186742463,TRUE,
"exp1","exp1_029","Aff P 0 A_1",8,"affirmative","path",,"no_motion","A","leaf","1","path_before_manner",45.9960472610024,15.6688186742463,TRUE,
"exp1","exp1_029","Neg M 0 D_1",8,"negative","manner",,"no_motion","D","plank","1","path_before_manner",45.9960472610024,15.6688186742463,TRUE,
"exp1","exp1_029","Neg P P B_1",5,"negative","path",,"path","B","car","1","path_before_manner",45.9960472610024,15.6688186742463,TRUE,
"exp1","exp1_029","Aff M P E_1",5,"affirmative","manner",,"path","E","chair","1","path_before_manner",45.9960472610024,15.6688186742463,TRUE,
"exp1","exp1_029","Neg C C C_1",0,"negative","conflated",,"conflated","C","paper","1","path_before_manner",45.9960472610024,15.6688186742463,TRUE,
"exp1","exp1_028","Aff P C B_1",100,"affirmative","path",,"conflated","B","car","1","path_before_manner",47.3122285429145,15.6688186742463,TRUE,
"exp1","exp1_028","Aff M C A_1",100,"affirmative","manner",,"conflated","A","leaf","1","path_before_manner",47.3122285429145,15.6688186742463,TRUE,
"exp1","exp1_028","Aff C C B_1",100,"affirmative","conflated",,"conflated","B","car","1","path_before_manner",47.3122285429145,15.6688186742463,TRUE,
"exp1","exp1_028","Aff P P D_1",85,"affirmative","path",,"path","D","plank","1","path_before_manner",47.3122285429145,15.6688186742463,TRUE,
"exp1","exp1_028","Aff C P C_1",75,"affirmative","conflated",,"path","C","paper","1","path_before_manner",47.3122285429145,15.6688186742463,TRUE,
"exp1","exp1_028","Neg P 0 A_1",75,"negative","path",,"no_motion","A","leaf","1","path_before_manner",47.3122285429145,15.6688186742463,TRUE,
"exp1","exp1_028","Neg P M D_1",0,"negative","path",,"manner","D","plank","1","path_before_manner",47.3122285429145,15.6688186742463,TRUE,
"exp1","exp1_028","Neg C M B_1",0,"negative","conflated",,"manner","B","car","1","path_before_manner",47.3122285429145,15.6688186742463,TRUE,
"exp1","exp1_028","Aff C 0 C_1",0,"affirmative","conflated",,"no_motion","C","paper","1","path_before_manner",47.3122285429145,15.6688186742463,TRUE,
"exp1","exp1_028","Neg M C E_1",0,"negative","manner",,"conflated","E","chair","1","path_before_manner",47.3122285429145,15.6688186742463,TRUE,
"exp1","exp1_028","Neg M M E_1",0,"negative","manner",,"manner","E","chair","1","path_before_manner",47.3122285429145,15.6688186742463,TRUE,
"exp1","exp1_028","Aff M 0 D_1",0,"affirmative","manner",,"no_motion","D","plank","1","path_before_manner",47.3122285429145,15.6688186742463,TRUE,
"exp1","exp1_027","Aff C C E_1",100,"affirmative","conflated",,"conflated","E","chair","1","path_before_manner",19.6021025464725,15.6688186742463,TRUE,
"exp1","exp1_027","Aff C P A_1",70,"affirmative","conflated",,"path","A","leaf","1","path_before_manner",19.6021025464725,15.6688186742463,TRUE,
"exp1","exp1_027","Aff P C E_1",66,"affirmative","path",,"conflated","E","chair","1","path_before_manner",19.6021025464725,15.6688186742463,TRUE,
"exp1","exp1_027","Aff C 0 A_1",60,"affirmative","conflated",,"no_motion","A","leaf","1","path_before_manner",19.6021025464725,15.6688186742463,TRUE,
"exp1","exp1_027","Neg P 0 D_1",47,"negative","path",,"no_motion","D","plank","1","path_before_manner",19.6021025464725,15.6688186742463,TRUE,
"exp1","exp1_027","Aff M C D_1",46,"affirmative","manner",,"conflated","D","plank","1","path_before_manner",19.6021025464725,15.6688186742463,TRUE,
"exp1","exp1_027","Neg M C C_1",46,"negative","manner",,"conflated","C","paper","1","path_before_manner",19.6021025464725,15.6688186742463,TRUE,
"exp1","exp1_027","Neg M M C_1",45,"negative","manner",,"manner","C","paper","1","path_before_manner",19.6021025464725,15.6688186742463,TRUE,
"exp1","exp1_027","Neg P M B_1",38,"negative","path",,"manner","B","car","1","path_before_manner",19.6021025464725,15.6688186742463,TRUE,
"exp1","exp1_027","Aff P P B_1",37,"affirmative","path",,"path","B","car","1","path_before_manner",19.6021025464725,15.6688186742463,TRUE,
"exp1","exp1_027","Aff M 0 B_1",35,"affirmative","manner",,"no_motion","B","car","1","path_before_manner",19.6021025464725,15.6688186742463,TRUE,
"exp1","exp1_027","Neg C M E_1",30,"negative","conflated",,"manner","E","chair","1","path_before_manner",19.6021025464725,15.6688186742463,TRUE,
"exp1","exp1_026","Aff M C D_1",100,"affirmative","manner",,"conflated","D","plank","1","path_before_manner",0,15.6688186742463,FALSE,"low_response_variability"
"exp1","exp1_026","Aff C 0 A_1",100,"affirmative","conflated",,"no_motion","A","leaf","1","path_before_manner",0,15.6688186742463,FALSE,"low_response_variability"
"exp1","exp1_026","Aff P C E_1",100,"affirmative","path",,"conflated","E","chair","1","path_before_manner",0,15.6688186742463,FALSE,"low_response_variability"
"exp1","exp1_026","Neg P 0 D_1",100,"negative","path",,"no_motion","D","plank","1","path_before_manner",0,15.6688186742463,FALSE,"low_response_variability"
"exp1","exp1_026","Aff M 0 B_1",100,"affirmative","manner",,"no_motion","B","car","1","path_before_manner",0,15.6688186742463,FALSE,"low_response_variability"
"exp1","exp1_026","Neg C M E_1",100,"negative","conflated",,"manner","E","chair","1","path_before_manner",0,15.6688186742463,FALSE,"low_response_variability"
"exp1","exp1_026","Neg P M B_1",100,"negative","path",,"manner","B","car","1","path_before_manner",0,15.6688186742463,FALSE,"low_response_variability"
"exp1","exp1_026","Aff P P B_1",100,"affirmative","path",,"path","B","car","1","path_before_manner",0,15.6688186742463,FALSE,"low_response_variability"
"exp1","exp1_026","Neg M M C_1",100,"negative","manner",,"manner","C","paper","1","path_before_manner",0,15.6688186742463,FALSE,"low_response_variability"
"exp1","exp1_026","Aff C P A_1",100,"affirmative","conflated",,"path","A","leaf","1","path_before_manner",0,15.6688186742463,FALSE,"low_response_variability"
"exp1","exp1_026","Aff C C E_1",100,"affirmative","conflated",,"conflated","E","chair","1","path_before_manner",0,15.6688186742463,FALSE,"low_response_variability"
"exp1","exp1_026","Neg M C C_1",100,"negative","manner",,"conflated","C","paper","1","path_before_manner",0,15.6688186742463,FALSE,"low_response_variability"
"exp1","exp1_025","Neg M 0 C_1",66,"negative","manner",,"no_motion","C","paper","1","path_before_manner",18.3705545024442,15.6688186742463,TRUE,
"exp1","exp1_025","Aff M M A_1",63,"affirmative","manner",,"manner","A","leaf","1","path_before_manner",18.3705545024442,15.6688186742463,TRUE,
"exp1","exp1_025","Aff C M E_1",59,"affirmative","conflated",,"manner","E","chair","1","path_before_manner",18.3705545024442,15.6688186742463,TRUE,
"exp1","exp1_025","Neg M P D_1",57,"negative","manner",,"path","D","plank","1","path_before_manner",18.3705545024442,15.6688186742463,TRUE,
"exp1","exp1_025","Aff P M C_1",55,"affirmative","path",,"manner","C","paper","1","path_before_manner",18.3705545024442,15.6688186742463,TRUE,
"exp1","exp1_025","Neg C 0 D_1",36,"negative","conflated",,"no_motion","D","plank","1","path_before_manner",18.3705545024442,15.6688186742463,TRUE,
"exp1","exp1_025","Neg C P B_1",33,"negative","conflated",,"path","B","car","1","path_before_manner",18.3705545024442,15.6688186742463,TRUE,
"exp1","exp1_025","Neg C C B_1",29,"negative","conflated",,"conflated","B","car","1","path_before_manner",18.3705545024442,15.6688186742463,TRUE,
"exp1","exp1_025","Neg P P A_1",26,"negative","path",,"path","A","leaf","1","path_before_manner",18.3705545024442,15.6688186742463,TRUE,
"exp1","exp1_025","Aff M P D_1",21,"affirmative","manner",,"path","D","plank","1","path_before_manner",18.3705545024442,15.6688186742463,TRUE,
"exp1","exp1_025","Neg P C A_1",21,"negative","path",,"conflated","A","leaf","1","path_before_manner",18.3705545024442,15.6688186742463,TRUE,
"exp1","exp1_025","Aff P 0 E_1",17,"affirmative","path",,"no_motion","E","chair","1","path_before_manner",18.3705545024442,15.6688186742463,TRUE,
"exp1","exp1_024","Neg M 0 C_1",100,"negative","manner",,"no_motion","C","paper","1","path_before_manner",35.0804270731752,15.6688186742463,TRUE,
"exp1","exp1_024","Aff C M E_1",88,"affirmative","conflated",,"manner","E","chair","1","path_before_manner",35.0804270731752,15.6688186742463,TRUE,
"exp1","exp1_024","Neg P C A_1",63,"negative","path",,"conflated","A","leaf","1","path_before_manner",35.0804270731752,15.6688186742463,TRUE,
"exp1","exp1_024","Aff M M A_1",62,"affirmative","manner",,"manner","A","leaf","1","path_before_manner",35.0804270731752,15.6688186742463,TRUE,
"exp1","exp1_024","Neg M P D_1",57,"negative","manner",,"path","D","plank","1","path_before_manner",35.0804270731752,15.6688186742463,TRUE,
"exp1","exp1_024","Aff P M C_1",50,"affirmative","path",,"manner","C","paper","1","path_before_manner",35.0804270731752,15.6688186742463,TRUE,
"exp1","exp1_024","Neg C P B_1",22,"negative","conflated",,"path","B","car","1","path_before_manner",35.0804270731752,15.6688186742463,TRUE,
"exp1","exp1_024","Neg C C B_1",19,"negative","conflated",,"conflated","B","car","1","path_before_manner",35.0804270731752,15.6688186742463,TRUE,
"exp1","exp1_024","Neg C 0 D_1",10,"negative","conflated",,"no_motion","D","plank","1","path_before_manner",35.0804270731752,15.6688186742463,TRUE,
"exp1","exp1_024","Neg P P A_1",3,"negative","path",,"path","A","leaf","1","path_before_manner",35.0804270731752,15.6688186742463,TRUE,
"exp1","exp1_024","Aff M P D_1",0,"affirmative","manner",,"path","D","plank","1","path_before_manner",35.0804270731752,15.6688186742463,TRUE,
"exp1","exp1_024","Aff P 0 E_1",0,"affirmative","path",,"no_motion","E","chair","1","path_before_manner",35.0804270731752,15.6688186742463,TRUE,
"exp1","exp1_023","Neg M 0 E_1",99,"negative","manner",,"no_motion","E","chair","1","path_before_manner",38.0934854845764,15.6688186742463,TRUE,
"exp1","exp1_023","Aff M M C_1",98,"affirmative","manner",,"manner","C","paper","1","path_before_manner",38.0934854845764,15.6688186742463,TRUE,
"exp1","exp1_023","Neg C 0 A_1",94,"negative","conflated",,"no_motion","A","leaf","1","path_before_manner",38.0934854845764,15.6688186742463,TRUE,
"exp1","exp1_023","Neg M P A_1",84,"negative","manner",,"path","A","leaf","1","path_before_manner",38.0934854845764,15.6688186742463,TRUE,
"exp1","exp1_023","Neg C P D_1",83,"negative","conflated",,"path","D","plank","1","path_before_manner",38.0934854845764,15.6688186742463,TRUE,
"exp1","exp1_023","Aff P 0 B_1",66,"affirmative","path",,"no_motion","B","car","1","path_before_manner",38.0934854845764,15.6688186742463,TRUE,
"exp1","exp1_023","Aff C M B_1",51,"affirmative","conflated",,"manner","B","car","1","path_before_manner",38.0934854845764,15.6688186742463,TRUE,
"exp1","exp1_023","Aff P M E_1",50,"affirmative","path",,"manner","E","chair","1","path_before_manner",38.0934854845764,15.6688186742463,TRUE,
"exp1","exp1_023","Neg P C C_1",12,"negative","path",,"conflated","C","paper","1","path_before_manner",38.0934854845764,15.6688186742463,TRUE,
"exp1","exp1_023","Neg P P C_1",9,"negative","path",,"path","C","paper","1","path_before_manner",38.0934854845764,15.6688186742463,TRUE,
"exp1","exp1_023","Aff M P A_1",7,"affirmative","manner",,"path","A","leaf","1","path_before_manner",38.0934854845764,15.6688186742463,TRUE,
"exp1","exp1_023","Neg C C D_1",4,"negative","conflated",,"conflated","D","plank","1","path_before_manner",38.0934854845764,15.6688186742463,TRUE,
"exp1","exp1_022","Aff P M E_1",100,"affirmative","path",,"manner","E","chair","1","path_before_manner",28.4204098663214,15.6688186742463,TRUE,
"exp1","exp1_022","Aff M P A_1",100,"affirmative","manner",,"path","A","leaf","1","path_before_manner",28.4204098663214,15.6688186742463,TRUE,
"exp1","exp1_022","Aff M M C_1",100,"affirmative","manner",,"manner","C","paper","1","path_before_manner",28.4204098663214,15.6688186742463,TRUE,
"exp1","exp1_022","Aff C M B_1",100,"affirmative","conflated",,"manner","B","car","1","path_before_manner",28.4204098663214,15.6688186742463,TRUE,
"exp1","exp1_022","Aff P 0 B_1",100,"affirmative","path",,"no_motion","B","car","1","path_before_manner",28.4204098663214,15.6688186742463,TRUE,
"exp1","exp1_022","Neg M 0 E_1",65,"negative","manner",,"no_motion","E","chair","1","path_before_manner",28.4204098663214,15.6688186742463,TRUE,
"exp1","exp1_022","Neg P C C_1",55,"negative","path",,"conflated","C","paper","1","path_before_manner",28.4204098663214,15.6688186742463,TRUE,
"exp1","exp1_022","Neg P P C_1",55,"negative","path",,"path","C","paper","1","path_before_manner",28.4204098663214,15.6688186742463,TRUE,
"exp1","exp1_022","Neg C 0 A_1",45,"negative","conflated",,"no_motion","A","leaf","1","path_before_manner",28.4204098663214,15.6688186742463,TRUE,
"exp1","exp1_022","Neg C P D_1",45,"negative","conflated",,"path","D","plank","1","path_before_manner",28.4204098663214,15.6688186742463,TRUE,
"exp1","exp1_022","Neg M P A_1",40,"negative","manner",,"path","A","leaf","1","path_before_manner",28.4204098663214,15.6688186742463,TRUE,
"exp1","exp1_022","Neg C C D_1",28,"negative","conflated",,"conflated","D","plank","1","path_before_manner",28.4204098663214,15.6688186742463,TRUE,
"exp1","exp1_021","Aff M C C_1",100,"affirmative","manner",,"conflated","C","paper","1","path_before_manner",37.9532208079495,15.6688186742463,TRUE,
"exp1","exp1_021","Aff P P A_6",90,"affirmative","path",,"path","A","leaf","6","path_before_manner",37.9532208079495,15.6688186742463,TRUE,
"exp1","exp1_021","Neg P M A_1",65,"negative","path",,"manner","A","leaf","1","path_before_manner",37.9532208079495,15.6688186742463,TRUE,
"exp1","exp1_021","Neg P 0 C_1",52,"negative","path",,"no_motion","C","paper","1","path_before_manner",37.9532208079495,15.6688186742463,TRUE,
"exp1","exp1_021","Neg C M C_1",25,"negative","conflated",,"manner","C","paper","1","path_before_manner",37.9532208079495,15.6688186742463,TRUE,
"exp1","exp1_021","Neg M M B_1",15,"negative","manner",,"manner","B","car","1","path_before_manner",37.9532208079495,15.6688186742463,TRUE,
"exp1","exp1_021","Aff C C D_1",0,"affirmative","conflated",,"conflated","D","plank","1","path_before_manner",37.9532208079495,15.6688186742463,TRUE,
"exp1","exp1_021","Aff C 0 E_1",0,"affirmative","conflated",,"no_motion","E","chair","1","path_before_manner",37.9532208079495,15.6688186742463,TRUE,
"exp1","exp1_021","Aff M 0 A_1",0,"affirmative","manner",,"no_motion","A","leaf","1","path_before_manner",37.9532208079495,15.6688186742463,TRUE,
"exp1","exp1_021","Neg M C B_1",0,"negative","manner",,"conflated","B","car","1","path_before_manner",37.9532208079495,15.6688186742463,TRUE,
"exp1","exp1_021","Aff C P E_1",0,"affirmative","conflated",,"path","E","chair","1","path_before_manner",37.9532208079495,15.6688186742463,TRUE,
"exp1","exp1_021","Aff P C D_1",0,"affirmative","path",,"conflated","D","plank","1","path_before_manner",37.9532208079495,15.6688186742463,TRUE,
"exp1","exp1_020","Aff P P A_6",100,"affirmative","path",,"path","A","leaf","6","path_before_manner",45.8484823449297,15.6688186742463,TRUE,
"exp1","exp1_020","Aff P C D_1",100,"affirmative","path",,"conflated","D","plank","1","path_before_manner",45.8484823449297,15.6688186742463,TRUE,
"exp1","exp1_020","Neg P 0 C_1",100,"negative","path",,"no_motion","C","paper","1","path_before_manner",45.8484823449297,15.6688186742463,TRUE,
"exp1","exp1_020","Aff M C C_1",100,"affirmative","manner",,"conflated","C","paper","1","path_before_manner",45.8484823449297,15.6688186742463,TRUE,
"exp1","exp1_020","Aff C C D_1",100,"affirmative","conflated",,"conflated","D","plank","1","path_before_manner",45.8484823449297,15.6688186742463,TRUE,
"exp1","exp1_020","Neg P M A_1",85,"negative","path",,"manner","A","leaf","1","path_before_manner",45.8484823449297,15.6688186742463,TRUE,
"exp1","exp1_020","Neg C M C_1",50,"negative","conflated",,"manner","C","paper","1","path_before_manner",45.8484823449297,15.6688186742463,TRUE,
"exp1","exp1_020","Aff C P E_1",50,"affirmative","conflated",,"path","E","chair","1","path_before_manner",45.8484823449297,15.6688186742463,TRUE,
"exp1","exp1_020","Aff C 0 E_1",0,"affirmative","conflated",,"no_motion","E","chair","1","path_before_manner",45.8484823449297,15.6688186742463,TRUE,
"exp1","exp1_020","Neg M C B_1",0,"negative","manner",,"conflated","B","car","1","path_before_manner",45.8484823449297,15.6688186742463,TRUE,
"exp1","exp1_020","Aff M 0 A_1",0,"affirmative","manner",,"no_motion","A","leaf","1","path_before_manner",45.8484823449297,15.6688186742463,TRUE,
"exp1","exp1_020","Neg M M B_1",0,"negative","manner",,"manner","B","car","1","path_before_manner",45.8484823449297,15.6688186742463,TRUE,
"exp1","exp1_019","Aff P M A_1",98,"affirmative","path",,"manner","A","leaf","1","path_before_manner",37.4824201217293,15.6688186742463,TRUE,
"exp1","exp1_019","Neg P P D_1",95,"negative","path",,"path","D","plank","1","path_before_manner",37.4824201217293,15.6688186742463,TRUE,
"exp1","exp1_019","Neg M P B_1",89,"negative","manner",,"path","B","car","1","path_before_manner",37.4824201217293,15.6688186742463,TRUE,
"exp1","exp1_019","Neg M 0 A_1",84,"negative","manner",,"no_motion","A","leaf","1","path_before_manner",37.4824201217293,15.6688186742463,TRUE,
"exp1","exp1_019","Aff C M C_1",80,"affirmative","conflated",,"manner","C","paper","1","path_before_manner",37.4824201217293,15.6688186742463,TRUE,
"exp1","exp1_019","Aff M M D_1",76,"affirmative","manner",,"manner","D","plank","1","path_before_manner",37.4824201217293,15.6688186742463,TRUE,
"exp1","exp1_019","Neg C 0 B_1",68,"negative","conflated",,"no_motion","B","car","1","path_before_manner",37.4824201217293,15.6688186742463,TRUE,
"exp1","exp1_019","Neg C C E_1",50,"negative","conflated",,"conflated","E","chair","1","path_before_manner",37.4824201217293,15.6688186742463,TRUE,
"exp1","exp1_019","Neg P C D_1",20,"negative","path",,"conflated","D","plank","1","path_before_manner",37.4824201217293,15.6688186742463,TRUE,
"exp1","exp1_019","Aff P 0 A_1_1",9,"affirmative","path",,"no_motion","A","leaf","1_1","path_before_manner",37.4824201217293,15.6688186742463,TRUE,
"exp1","exp1_019","Neg C P E_1",6,"negative","conflated",,"path","E","chair","1","path_before_manner",37.4824201217293,15.6688186742463,TRUE,
"exp1","exp1_019","Aff M P B_1",0,"affirmative","manner",,"path","B","car","1","path_before_manner",37.4824201217293,15.6688186742463,TRUE,
"exp1","exp1_018","Neg C P E_1",100,"negative","conflated",,"path","E","chair","1","path_before_manner",44.9190349069267,15.6688186742463,TRUE,
"exp1","exp1_018","Aff M M D_1",100,"affirmative","manner",,"manner","D","plank","1","path_before_manner",44.9190349069267,15.6688186742463,TRUE,
"exp1","exp1_018","Neg M 0 A_1",100,"negative","manner",,"no_motion","A","leaf","1","path_before_manner",44.9190349069267,15.6688186742463,TRUE,
"exp1","exp1_018","Neg C 0 B_1",100,"negative","conflated",,"no_motion","B","car","1","path_before_manner",44.9190349069267,15.6688186742463,TRUE,
"exp1","exp1_018","Aff P M A_1",100,"affirmative","path",,"manner","A","leaf","1","path_before_manner",44.9190349069267,15.6688186742463,TRUE,
"exp1","exp1_018","Neg M P B_1",100,"negative","manner",,"path","B","car","1","path_before_manner",44.9190349069267,15.6688186742463,TRUE,
"exp1","exp1_018","Aff C M C_1",100,"affirmative","conflated",,"manner","C","paper","1","path_before_manner",44.9190349069267,15.6688186742463,TRUE,
"exp1","exp1_018","Neg C C E_1",100,"negative","conflated",,"conflated","E","chair","1","path_before_manner",44.9190349069267,15.6688186742463,TRUE,
"exp1","exp1_018","Neg P C D_1",93,"negative","path",,"conflated","D","plank","1","path_before_manner",44.9190349069267,15.6688186742463,TRUE,
"exp1","exp1_018","Aff M P B_1",0,"affirmative","manner",,"path","B","car","1","path_before_manner",44.9190349069267,15.6688186742463,TRUE,
"exp1","exp1_018","Neg P P D_1",0,"negative","path",,"path","D","plank","1","path_before_manner",44.9190349069267,15.6688186742463,TRUE,
"exp1","exp1_018","Aff P 0 A_1_1",0,"affirmative","path",,"no_motion","A","leaf","1_1","path_before_manner",44.9190349069267,15.6688186742463,TRUE,
"exp1","exp1_017","Neg P C C_1",100,"negative","path",,"conflated","C","paper","1","path_before_manner",45.4949214614981,15.6688186742463,TRUE,
"exp1","exp1_017","Aff P 0 B_1",100,"affirmative","path",,"no_motion","B","car","1","path_before_manner",45.4949214614981,15.6688186742463,TRUE,
"exp1","exp1_017","Neg M 0 E_1",100,"negative","manner",,"no_motion","E","chair","1","path_before_manner",45.4949214614981,15.6688186742463,TRUE,
"exp1","exp1_017","Aff C M B_1",100,"affirmative","conflated",,"manner","B","car","1","path_before_manner",45.4949214614981,15.6688186742463,TRUE,
"exp1","exp1_017","Neg C C D_1",100,"negative","conflated",,"conflated","D","plank","1","path_before_manner",45.4949214614981,15.6688186742463,TRUE,
"exp1","exp1_017","Aff M M C_1",61,"affirmative","manner",,"manner","C","paper","1","path_before_manner",45.4949214614981,15.6688186742463,TRUE,
"exp1","exp1_017","Neg M P A_1",50,"negative","manner",,"path","A","leaf","1","path_before_manner",45.4949214614981,15.6688186742463,TRUE,
"exp1","exp1_017","Neg C 0 A_1",21,"negative","conflated",,"no_motion","A","leaf","1","path_before_manner",45.4949214614981,15.6688186742463,TRUE,
"exp1","exp1_017","Aff P M E_1",5,"affirmative","path",,"manner","E","chair","1","path_before_manner",45.4949214614981,15.6688186742463,TRUE,
"exp1","exp1_017","Neg P P C_1",1,"negative","path",,"path","C","paper","1","path_before_manner",45.4949214614981,15.6688186742463,TRUE,
"exp1","exp1_017","Aff M P A_1",0,"affirmative","manner",,"path","A","leaf","1","path_before_manner",45.4949214614981,15.6688186742463,TRUE,
"exp1","exp1_017","Neg C P D_1",0,"negative","conflated",,"path","D","plank","1","path_before_manner",45.4949214614981,15.6688186742463,TRUE,
"exp1","exp1_016","Aff P 0 E_1",100,"affirmative","path",,"no_motion","E","chair","1","path_before_manner",37.6692141804113,15.6688186742463,TRUE,
"exp1","exp1_016","Aff M M A_1",100,"affirmative","manner",,"manner","A","leaf","1","path_before_manner",37.6692141804113,15.6688186742463,TRUE,
"exp1","exp1_016","Aff M P D_1",100,"affirmative","manner",,"path","D","plank","1","path_before_manner",37.6692141804113,15.6688186742463,TRUE,
"exp1","exp1_016","Aff C M E_1",81,"affirmative","conflated",,"manner","E","chair","1","path_before_manner",37.6692141804113,15.6688186742463,TRUE,
"exp1","exp1_016","Aff P M C_1",79,"affirmative","path",,"manner","C","paper","1","path_before_manner",37.6692141804113,15.6688186742463,TRUE,
"exp1","exp1_016","Neg M P D_1",50,"negative","manner",,"path","D","plank","1","path_before_manner",37.6692141804113,15.6688186742463,TRUE,
"exp1","exp1_016","Neg C 0 D_1",24,"negative","conflated",,"no_motion","D","plank","1","path_before_manner",37.6692141804113,15.6688186742463,TRUE,
"exp1","exp1_016","Neg P C A_1",18,"negative","path",,"conflated","A","leaf","1","path_before_manner",37.6692141804113,15.6688186742463,TRUE,
"exp1","exp1_016","Neg C C B_1",17,"negative","conflated",,"conflated","B","car","1","path_before_manner",37.6692141804113,15.6688186742463,TRUE,
"exp1","exp1_016","Neg C P B_1",17,"negative","conflated",,"path","B","car","1","path_before_manner",37.6692141804113,15.6688186742463,TRUE,
"exp1","exp1_016","Neg M 0 C_1",15,"negative","manner",,"no_motion","C","paper","1","path_before_manner",37.6692141804113,15.6688186742463,TRUE,
"exp1","exp1_016","Neg P P A_1",15,"negative","path",,"path","A","leaf","1","path_before_manner",37.6692141804113,15.6688186742463,TRUE,
"exp1","exp1_015","Neg M 0 B_1",80,"negative","manner",,"no_motion","B","car","1","path_before_manner",27.9723889836843,15.6688186742463,TRUE,
"exp1","exp1_015","Neg C 0 C_1",74,"negative","conflated",,"no_motion","C","paper","1","path_before_manner",27.9723889836843,15.6688186742463,TRUE,
"exp1","exp1_015","Aff M P C_1",73,"affirmative","manner",,"path","C","paper","1","path_before_manner",27.9723889836843,15.6688186742463,TRUE,
"exp1","exp1_015","Neg C P A_1",72,"negative","conflated",,"path","A","leaf","1","path_before_manner",27.9723889836843,15.6688186742463,TRUE,
"exp1","exp1_015","Aff M M E_1",71,"affirmative","manner",,"manner","E","chair","1","path_before_manner",27.9723889836843,15.6688186742463,TRUE,
"exp1","exp1_015","Neg M P C_1",70,"negative","manner",,"path","C","paper","1","path_before_manner",27.9723889836843,15.6688186742463,TRUE,
"exp1","exp1_015","Aff C M D_1",65,"affirmative","conflated",,"manner","D","plank","1","path_before_manner",27.9723889836843,15.6688186742463,TRUE,
"exp1","exp1_015","Aff P M B_1",33,"affirmative","path",,"manner","B","car","1","path_before_manner",27.9723889836843,15.6688186742463,TRUE,
"exp1","exp1_015","Neg P C E_1",33,"negative","path",,"conflated","E","chair","1","path_before_manner",27.9723889836843,15.6688186742463,TRUE,
"exp1","exp1_015","Neg C C A_1",16,"negative","conflated",,"conflated","A","leaf","1","path_before_manner",27.9723889836843,15.6688186742463,TRUE,
"exp1","exp1_015","Aff P 0 D_1",14,"affirmative","path",,"no_motion","D","plank","1","path_before_manner",27.9723889836843,15.6688186742463,TRUE,
"exp1","exp1_015","Neg P P E_1",5,"negative","path",,"path","E","chair","1","path_before_manner",27.9723889836843,15.6688186742463,TRUE,
"exp1","exp1_014","Aff M M A_1",100,"affirmative","manner",,"manner","A","leaf","1","path_before_manner",37.3821380130169,15.6688186742463,TRUE,
"exp1","exp1_014","Neg M P D_1",79,"negative","manner",,"path","D","plank","1","path_before_manner",37.3821380130169,15.6688186742463,TRUE,
"exp1","exp1_014","Aff C M E_1",75,"affirmative","conflated",,"manner","E","chair","1","path_before_manner",37.3821380130169,15.6688186742463,TRUE,
"exp1","exp1_014","Neg M 0 C_1",74,"negative","manner",,"no_motion","C","paper","1","path_before_manner",37.3821380130169,15.6688186742463,TRUE,
"exp1","exp1_014","Neg C 0 D_1",62,"negative","conflated",,"no_motion","D","plank","1","path_before_manner",37.3821380130169,15.6688186742463,TRUE,
"exp1","exp1_014","Neg C P B_1",49,"negative","conflated",,"path","B","car","1","path_before_manner",37.3821380130169,15.6688186742463,TRUE,
"exp1","exp1_014","Aff P M C_1",32,"affirmative","path",,"manner","C","paper","1","path_before_manner",37.3821380130169,15.6688186742463,TRUE,
"exp1","exp1_014","Neg P C A_1",11,"negative","path",,"conflated","A","leaf","1","path_before_manner",37.3821380130169,15.6688186742463,TRUE,
"exp1","exp1_014","Aff M P D_1",0,"affirmative","manner",,"path","D","plank","1","path_before_manner",37.3821380130169,15.6688186742463,TRUE,
"exp1","exp1_014","Aff P 0 E_1",0,"affirmative","path",,"no_motion","E","chair","1","path_before_manner",37.3821380130169,15.6688186742463,TRUE,
"exp1","exp1_014","Neg C C B_1",0,"negative","conflated",,"conflated","B","car","1","path_before_manner",37.3821380130169,15.6688186742463,TRUE,
"exp1","exp1_014","Neg P P A_1",0,"negative","path",,"path","A","leaf","1","path_before_manner",37.3821380130169,15.6688186742463,TRUE,
"exp1","exp1_013","Neg C 0 D_1",100,"negative","conflated",,"no_motion","D","plank","1","path_before_manner",52.2232967867094,15.6688186742463,TRUE,
"exp1","exp1_013","Aff C M E_1",100,"affirmative","conflated",,"manner","E","chair","1","path_before_manner",52.2232967867094,15.6688186742463,TRUE,
"exp1","exp1_013","Neg C P B_1",100,"negative","conflated",,"path","B","car","1","path_before_manner",52.2232967867094,15.6688186742463,TRUE,
"exp1","exp1_013","Neg M P D_1",100,"negative","manner",,"path","D","plank","1","path_before_manner",52.2232967867094,15.6688186742463,TRUE,
"exp1","exp1_013","Neg M 0 C_1",100,"negative","manner",,"no_motion","C","paper","1","path_before_manner",52.2232967867094,15.6688186742463,TRUE,
"exp1","exp1_013","Aff M M A_1",100,"affirmative","manner",,"manner","A","leaf","1","path_before_manner",52.2232967867094,15.6688186742463,TRUE,
"exp1","exp1_013","Aff P M C_1",0,"affirmative","path",,"manner","C","paper","1","path_before_manner",52.2232967867094,15.6688186742463,TRUE,
"exp1","exp1_013","Aff P 0 E_1",0,"affirmative","path",,"no_motion","E","chair","1","path_before_manner",52.2232967867094,15.6688186742463,TRUE,
"exp1","exp1_013","Neg C C B_1",0,"negative","conflated",,"conflated","B","car","1","path_before_manner",52.2232967867094,15.6688186742463,TRUE,
"exp1","exp1_013","Aff M P D_1",0,"affirmative","manner",,"path","D","plank","1","path_before_manner",52.2232967867094,15.6688186742463,TRUE,
"exp1","exp1_013","Neg P C A_1",0,"negative","path",,"conflated","A","leaf","1","path_before_manner",52.2232967867094,15.6688186742463,TRUE,
"exp1","exp1_013","Neg P P A_1",0,"negative","path",,"path","A","leaf","1","path_before_manner",52.2232967867094,15.6688186742463,TRUE,
"exp1","exp1_012","Neg C C B_1",100,"negative","conflated",,"conflated","B","car","1","path_before_manner",42.4480966486238,15.6688186742463,TRUE,
"exp1","exp1_012","Neg M P D_1",100,"negative","manner",,"path","D","plank","1","path_before_manner",42.4480966486238,15.6688186742463,TRUE,
"exp1","exp1_012","Aff M M A_1",84,"affirmative","manner",,"manner","A","leaf","1","path_before_manner",42.4480966486238,15.6688186742463,TRUE,
"exp1","exp1_012","Aff C M E_1",55,"affirmative","conflated",,"manner","E","chair","1","path_before_manner",42.4480966486238,15.6688186742463,TRUE,
"exp1","exp1_012","Neg C 0 D_1",51,"negative","conflated",,"no_motion","D","plank","1","path_before_manner",42.4480966486238,15.6688186742463,TRUE,
"exp1","exp1_012","Aff P M C_1",3,"affirmative","path",,"manner","C","paper","1","path_before_manner",42.4480966486238,15.6688186742463,TRUE,
"exp1","exp1_012","Aff P 0 E_1",0,"affirmative","path",,"no_motion","E","chair","1","path_before_manner",42.4480966486238,15.6688186742463,TRUE,
"exp1","exp1_012","Aff M P D_1",0,"affirmative","manner",,"path","D","plank","1","path_before_manner",42.4480966486238,15.6688186742463,TRUE,
"exp1","exp1_012","Neg M 0 C_1",0,"negative","manner",,"no_motion","C","paper","1","path_before_manner",42.4480966486238,15.6688186742463,TRUE,
"exp1","exp1_012","Neg C P B_1",0,"negative","conflated",,"path","B","car","1","path_before_manner",42.4480966486238,15.6688186742463,TRUE,
"exp1","exp1_012","Neg P C A_1",0,"negative","path",,"conflated","A","leaf","1","path_before_manner",42.4480966486238,15.6688186742463,TRUE,
"exp1","exp1_012","Neg P P A_1",0,"negative","path",,"path","A","leaf","1","path_before_manner",42.4480966486238,15.6688186742463,TRUE,
"exp1","exp1_011","Neg P 0 E_1",100,"negative","path",,"no_motion","E","chair","1","path_before_manner",43.9452138256468,15.6688186742463,TRUE,
"exp1","exp1_011","Aff M C E_1",100,"affirmative","manner",,"conflated","E","chair","1","path_before_manner",43.9452138256468,15.6688186742463,TRUE,
"exp1","exp1_011","Aff P P C_1",95,"affirmative","path",,"path","C","paper","1","path_before_manner",43.9452138256468,15.6688186742463,TRUE,
"exp1","exp1_011","Aff C C A_1",90,"affirmative","conflated",,"conflated","A","leaf","1","path_before_manner",43.9452138256468,15.6688186742463,TRUE,
"exp1","exp1_011","Aff P C A_1",55,"affirmative","path",,"conflated","A","leaf","1","path_before_manner",43.9452138256468,15.6688186742463,TRUE,
"exp1","exp1_011","Neg P M C_1",25,"negative","path",,"manner","C","paper","1","path_before_manner",43.9452138256468,15.6688186742463,TRUE,
"exp1","exp1_011","Neg C M A_1",10,"negative","conflated",,"manner","A","leaf","1","path_before_manner",43.9452138256468,15.6688186742463,TRUE,
"exp1","exp1_011","Neg M M D_1",5,"negative","manner",,"manner","D","plank","1","path_before_manner",43.9452138256468,15.6688186742463,TRUE,
"exp1","exp1_011","Neg M C D_1",5,"negative","manner",,"conflated","D","plank","1","path_before_manner",43.9452138256468,15.6688186742463,TRUE,
"exp1","exp1_011","Aff C P B_1",1,"affirmative","conflated",,"path","B","car","1","path_before_manner",43.9452138256468,15.6688186742463,TRUE,
"exp1","exp1_011","Aff C 0 B_1",0,"affirmative","conflated",,"no_motion","B","car","1","path_before_manner",43.9452138256468,15.6688186742463,TRUE,
"exp1","exp1_011","Aff M 0 C_1",0,"affirmative","manner",,"no_motion","C","paper","1","path_before_manner",43.9452138256468,15.6688186742463,TRUE,
"exp1","exp1_010","Aff P C A_1",100,"affirmative","path",,"conflated","A","leaf","1","path_before_manner",46.4825643427596,15.6688186742463,TRUE,
"exp1","exp1_010","Aff P P C_1",100,"affirmative","path",,"path","C","paper","1","path_before_manner",46.4825643427596,15.6688186742463,TRUE,
"exp1","exp1_010","Aff C C A_1",100,"affirmative","conflated",,"conflated","A","leaf","1","path_before_manner",46.4825643427596,15.6688186742463,TRUE,
"exp1","exp1_010","Aff M C E_1",84,"affirmative","manner",,"conflated","E","chair","1","path_before_manner",46.4825643427596,15.6688186742463,TRUE,
"exp1","exp1_010","Aff M 0 C_1",66,"affirmative","manner",,"no_motion","C","paper","1","path_before_manner",46.4825643427596,15.6688186742463,TRUE,
"exp1","exp1_010","Aff C P B_1",7,"affirmative","conflated",,"path","B","car","1","path_before_manner",46.4825643427596,15.6688186742463,TRUE,
"exp1","exp1_010","Neg M M D_1",4,"negative","manner",,"manner","D","plank","1","path_before_manner",46.4825643427596,15.6688186742463,TRUE,
"exp1","exp1_010","Neg M C D_1",0,"negative","manner",,"conflated","D","plank","1","path_before_manner",46.4825643427596,15.6688186742463,TRUE,
"exp1","exp1_010","Neg P 0 E_1",0,"negative","path",,"no_motion","E","chair","1","path_before_manner",46.4825643427596,15.6688186742463,TRUE,
"exp1","exp1_010","Neg P M C_1",0,"negative","path",,"manner","C","paper","1","path_before_manner",46.4825643427596,15.6688186742463,TRUE,
"exp1","exp1_010","Aff C 0 B_1",0,"affirmative","conflated",,"no_motion","B","car","1","path_before_manner",46.4825643427596,15.6688186742463,TRUE,
"exp1","exp1_010","Neg C M A_1",0,"negative","conflated",,"manner","A","leaf","1","path_before_manner",46.4825643427596,15.6688186742463,TRUE,
"exp1","exp1_009","Neg C 0 E_1",100,"negative","conflated",,"no_motion","E","chair","1","path_before_manner",45.635578889788,15.6688186742463,TRUE,
"exp1","exp1_009","Neg M 0 D_1",100,"negative","manner",,"no_motion","D","plank","1","path_before_manner",45.635578889788,15.6688186742463,TRUE,
"exp1","exp1_009","Neg M P E_1",100,"negative","manner",,"path","E","chair","1","path_before_manner",45.635578889788,15.6688186742463,TRUE,
"exp1","exp1_009","Aff C M A_1",93,"affirmative","conflated",,"manner","A","leaf","1","path_before_manner",45.635578889788,15.6688186742463,TRUE,
"exp1","exp1_009","Aff M M B_1",90,"affirmative","manner",,"manner","B","car","1","path_before_manner",45.635578889788,15.6688186742463,TRUE,
"exp1","exp1_009","Aff P 0 A_1",86,"affirmative","path",,"no_motion","A","leaf","1","path_before_manner",45.635578889788,15.6688186742463,TRUE,
"exp1","exp1_009","Neg P C B_1",85,"negative","path",,"conflated","B","car","1","path_before_manner",45.635578889788,15.6688186742463,TRUE,
"exp1","exp1_009","Aff P M D_1",38,"affirmative","path",,"manner","D","plank","1","path_before_manner",45.635578889788,15.6688186742463,TRUE,
"exp1","exp1_009","Neg P P B_1",0,"negative","path",,"path","B","car","1","path_before_manner",45.635578889788,15.6688186742463,TRUE,
"exp1","exp1_009","Neg C P C_1",0,"negative","conflated",,"path","C","paper","1","path_before_manner",45.635578889788,15.6688186742463,TRUE,
"exp1","exp1_009","Neg C C C_1",0,"negative","conflated",,"conflated","C","paper","1","path_before_manner",45.635578889788,15.6688186742463,TRUE,
"exp1","exp1_009","Aff M P E_1",0,"affirmative","manner",,"path","E","chair","1","path_before_manner",45.635578889788,15.6688186742463,TRUE,
"exp1","exp1_008","Aff P P D_1",94,"affirmative","path",,"path","D","plank","1","path_before_manner",33.5464399953801,15.6688186742463,TRUE,
"exp1","exp1_008","Aff M C A_1",80,"affirmative","manner",,"conflated","A","leaf","1","path_before_manner",33.5464399953801,15.6688186742463,TRUE,
"exp1","exp1_008","Aff P C B_1",78,"affirmative","path",,"conflated","B","car","1","path_before_manner",33.5464399953801,15.6688186742463,TRUE,
"exp1","exp1_008","Aff C C B_1",75,"affirmative","conflated",,"conflated","B","car","1","path_before_manner",33.5464399953801,15.6688186742463,TRUE,
"exp1","exp1_008","Neg P 0 A_1",54,"negative","path",,"no_motion","A","leaf","1","path_before_manner",33.5464399953801,15.6688186742463,TRUE,
"exp1","exp1_008","Aff C P C_1",34,"affirmative","conflated",,"path","C","paper","1","path_before_manner",33.5464399953801,15.6688186742463,TRUE,
"exp1","exp1_008","Neg P M D_1",29,"negative","path",,"manner","D","plank","1","path_before_manner",33.5464399953801,15.6688186742463,TRUE,
"exp1","exp1_008","Neg C M B_1",24,"negative","conflated",,"manner","B","car","1","path_before_manner",33.5464399953801,15.6688186742463,TRUE,
"exp1","exp1_008","Neg M M E_1",24,"negative","manner",,"manner","E","chair","1","path_before_manner",33.5464399953801,15.6688186742463,TRUE,
"exp1","exp1_008","Neg M C E_1",6,"negative","manner",,"conflated","E","chair","1","path_before_manner",33.5464399953801,15.6688186742463,TRUE,
"exp1","exp1_008","Aff C 0 C_1",0,"affirmative","conflated",,"no_motion","C","paper","1","path_before_manner",33.5464399953801,15.6688186742463,TRUE,
"exp1","exp1_008","Aff M 0 D_1",0,"affirmative","manner",,"no_motion","D","plank","1","path_before_manner",33.5464399953801,15.6688186742463,TRUE,
"exp1","exp1_007","Aff P P E_1",100,"affirmative","path",,"path","E","chair","1","path_before_manner",45.7088115634771,15.6688186742463,TRUE,
"exp1","exp1_007","Aff P C C_1",100,"affirmative","path",,"conflated","C","paper","1","path_before_manner",45.7088115634771,15.6688186742463,TRUE,
"exp1","exp1_007","Aff C C C_1",100,"affirmative","conflated",,"conflated","C","paper","1","path_before_manner",45.7088115634771,15.6688186742463,TRUE,
"exp1","exp1_007","Aff M C B_1",98,"affirmative","manner",,"conflated","B","car","1","path_before_manner",45.7088115634771,15.6688186742463,TRUE,
"exp1","exp1_007","Neg P 0 B_1",60,"negative","path",,"no_motion","B","car","1","path_before_manner",45.7088115634771,15.6688186742463,TRUE,
"exp1","exp1_007","Neg P M E_1",44,"negative","path",,"manner","E","chair","1","path_before_manner",45.7088115634771,15.6688186742463,TRUE,
"exp1","exp1_007","Neg M C A_1",17,"negative","manner",,"conflated","A","leaf","1","path_before_manner",45.7088115634771,15.6688186742463,TRUE,
"exp1","exp1_007","Neg M M A_1",0,"negative","manner",,"manner","A","leaf","1","path_before_manner",45.7088115634771,15.6688186742463,TRUE,
"exp1","exp1_007","Aff C P D_1",0,"affirmative","conflated",,"path","D","plank","1","path_before_manner",45.7088115634771,15.6688186742463,TRUE,
"exp1","exp1_007","Neg C M D_1",0,"negative","conflated",,"manner","D","plank","1","path_before_manner",45.7088115634771,15.6688186742463,TRUE,
"exp1","exp1_007","Aff M 0 E_1",0,"affirmative","manner",,"no_motion","E","chair","1","path_before_manner",45.7088115634771,15.6688186742463,TRUE,
"exp1","exp1_007","Aff C 0 D_1",0,"affirmative","conflated",,"no_motion","D","plank","1","path_before_manner",45.7088115634771,15.6688186742463,TRUE,
"exp1","exp1_006","Aff M P C_1",96,"affirmative","manner",,"path","C","paper","1","path_before_manner",42.3158219567904,15.6688186742463,TRUE,
"exp1","exp1_006","Aff M M E_1",95,"affirmative","manner",,"manner","E","chair","1","path_before_manner",42.3158219567904,15.6688186742463,TRUE,
"exp1","exp1_006","Neg M P C_1",93,"negative","manner",,"path","C","paper","1","path_before_manner",42.3158219567904,15.6688186742463,TRUE,
"exp1","exp1_006","Neg M 0 B_1",92,"negative","manner",,"no_motion","B","car","1","path_before_manner",42.3158219567904,15.6688186742463,TRUE,
"exp1","exp1_006","Aff P M B_1",92,"affirmative","path",,"manner","B","car","1","path_before_manner",42.3158219567904,15.6688186742463,TRUE,
"exp1","exp1_006","Aff C M D_1",78,"affirmative","conflated",,"manner","D","plank","1","path_before_manner",42.3158219567904,15.6688186742463,TRUE,
"exp1","exp1_006","Neg C 0 C_1",50,"negative","conflated",,"no_motion","C","paper","1","path_before_manner",42.3158219567904,15.6688186742463,TRUE,
"exp1","exp1_006","Neg C C A_1",20,"negative","conflated",,"conflated","A","leaf","1","path_before_manner",42.3158219567904,15.6688186742463,TRUE,
"exp1","exp1_006","Neg P C E_1",5,"negative","path",,"conflated","E","chair","1","path_before_manner",42.3158219567904,15.6688186742463,TRUE,
"exp1","exp1_006","Neg P P E_1",5,"negative","path",,"path","E","chair","1","path_before_manner",42.3158219567904,15.6688186742463,TRUE,
"exp1","exp1_006","Neg C P A_1",5,"negative","conflated",,"path","A","leaf","1","path_before_manner",42.3158219567904,15.6688186742463,TRUE,
"exp1","exp1_006","Aff P 0 D_1",0,"affirmative","path",,"no_motion","D","plank","1","path_before_manner",42.3158219567904,15.6688186742463,TRUE,
"exp1","exp1_005","Aff C P E_1",90,"affirmative","conflated",,"path","E","chair","1","path_before_manner",23.6891165395471,15.6688186742463,TRUE,
"exp1","exp1_005","Aff M 0 A_1",85,"affirmative","manner",,"no_motion","A","leaf","1","path_before_manner",23.6891165395471,15.6688186742463,TRUE,
"exp1","exp1_005","Neg M C B_1",80,"negative","manner",,"conflated","B","car","1","path_before_manner",23.6891165395471,15.6688186742463,TRUE,
"exp1","exp1_005","Aff M C C_1",80,"affirmative","manner",,"conflated","C","paper","1","path_before_manner",23.6891165395471,15.6688186742463,TRUE,
"exp1","exp1_005","Aff P P A_6",80,"affirmative","path",,"path","A","leaf","6","path_before_manner",23.6891165395471,15.6688186742463,TRUE,
"exp1","exp1_005","Aff C 0 E_1",75,"affirmative","conflated",,"no_motion","E","chair","1","path_before_manner",23.6891165395471,15.6688186742463,TRUE,
"exp1","exp1_005","Neg M M B_1",75,"negative","manner",,"manner","B","car","1","path_before_manner",23.6891165395471,15.6688186742463,TRUE,
"exp1","exp1_005","Neg P M A_1",70,"negative","path",,"manner","A","leaf","1","path_before_manner",23.6891165395471,15.6688186742463,TRUE,
"exp1","exp1_005","Neg P 0 C_1",65,"negative","path",,"no_motion","C","paper","1","path_before_manner",23.6891165395471,15.6688186742463,TRUE,
"exp1","exp1_005","Aff P C D_1",40,"affirmative","path",,"conflated","D","plank","1","path_before_manner",23.6891165395471,15.6688186742463,TRUE,
"exp1","exp1_005","Aff C C D_1",25,"affirmative","conflated",,"conflated","D","plank","1","path_before_manner",23.6891165395471,15.6688186742463,TRUE,
"exp1","exp1_005","Neg C M C_1",20,"negative","conflated",,"manner","C","paper","1","path_before_manner",23.6891165395471,15.6688186742463,TRUE,
"exp1","exp1_004","Aff C C A_1",71,"affirmative","conflated",,"conflated","A","leaf","1","path_before_manner",29.9418628598014,15.6688186742463,TRUE,
"exp1","exp1_004","Aff P P C_1",61,"affirmative","path",,"path","C","paper","1","path_before_manner",29.9418628598014,15.6688186742463,TRUE,
"exp1","exp1_004","Aff P C A_1",54,"affirmative","path",,"conflated","A","leaf","1","path_before_manner",29.9418628598014,15.6688186742463,TRUE,
"exp1","exp1_004","Aff M C E_1",50,"affirmative","manner",,"conflated","E","chair","1","path_before_manner",29.9418628598014,15.6688186742463,TRUE,
"exp1","exp1_004","Aff C 0 B_1",50,"affirmative","conflated",,"no_motion","B","car","1","path_before_manner",29.9418628598014,15.6688186742463,TRUE,
"exp1","exp1_004","Neg M C D_1",0,"negative","manner",,"conflated","D","plank","1","path_before_manner",29.9418628598014,15.6688186742463,TRUE,
"exp1","exp1_004","Neg C M A_1",0,"negative","conflated",,"manner","A","leaf","1","path_before_manner",29.9418628598014,15.6688186742463,TRUE,
"exp1","exp1_004","Aff C P B_1",0,"affirmative","conflated",,"path","B","car","1","path_before_manner",29.9418628598014,15.6688186742463,TRUE,
"exp1","exp1_004","Aff M 0 C_1",0,"affirmative","manner",,"no_motion","C","paper","1","path_before_manner",29.9418628598014,15.6688186742463,TRUE,
"exp1","exp1_004","Neg M M D_1",0,"negative","manner",,"manner","D","plank","1","path_before_manner",29.9418628598014,15.6688186742463,TRUE,
"exp1","exp1_004","Neg P M C_1",0,"negative","path",,"manner","C","paper","1","path_before_manner",29.9418628598014,15.6688186742463,TRUE,
"exp1","exp1_004","Neg P 0 E_1",0,"negative","path",,"no_motion","E","chair","1","path_before_manner",29.9418628598014,15.6688186742463,TRUE,
"exp1","exp1_003","Neg C 0 B_1",98,"negative","conflated",,"no_motion","B","car","1","path_before_manner",39.9161052026053,15.6688186742463,TRUE,
"exp1","exp1_003","Neg M 0 A_1",96,"negative","manner",,"no_motion","A","leaf","1","path_before_manner",39.9161052026053,15.6688186742463,TRUE,
"exp1","exp1_003","Aff M M D_1",87,"affirmative","manner",,"manner","D","plank","1","path_before_manner",39.9161052026053,15.6688186742463,TRUE,
"exp1","exp1_003","Neg C P E_1",74,"negative","conflated",,"path","E","chair","1","path_before_manner",39.9161052026053,15.6688186742463,TRUE,
"exp1","exp1_003","Aff M P B_1",70,"affirmative","manner",,"path","B","car","1","path_before_manner",39.9161052026053,15.6688186742463,TRUE,
"exp1","exp1_003","Neg M P B_1",39,"negative","manner",,"path","B","car","1","path_before_manner",39.9161052026053,15.6688186742463,TRUE,
"exp1","exp1_003","Aff P M A_1",27,"affirmative","path",,"manner","A","leaf","1","path_before_manner",39.9161052026053,15.6688186742463,TRUE,
"exp1","exp1_003","Aff C M C_1",21,"affirmative","conflated",,"manner","C","paper","1","path_before_manner",39.9161052026053,15.6688186742463,TRUE,
"exp1","exp1_003","Neg P P D_1",1,"negative","path",,"path","D","plank","1","path_before_manner",39.9161052026053,15.6688186742463,TRUE,
"exp1","exp1_003","Neg C C E_1",0,"negative","conflated",,"conflated","E","chair","1","path_before_manner",39.9161052026053,15.6688186742463,TRUE,
"exp1","exp1_003","Aff P 0 A_1_1",0,"affirmative","path",,"no_motion","A","leaf","1_1","path_before_manner",39.9161052026053,15.6688186742463,TRUE,
"exp1","exp1_003","Neg P C D_1",0,"negative","path",,"conflated","D","plank","1","path_before_manner",39.9161052026053,15.6688186742463,TRUE,
"exp1","exp1_002","Aff M C A_1",91,"affirmative","manner",,"conflated","A","leaf","1","path_before_manner",34.9808389108822,15.6688186742463,TRUE,
"exp1","exp1_002","Aff P C B_1",75,"affirmative","path",,"conflated","B","car","1","path_before_manner",34.9808389108822,15.6688186742463,TRUE,
"exp1","exp1_002","Aff C C B_1",73,"affirmative","conflated",,"conflated","B","car","1","path_before_manner",34.9808389108822,15.6688186742463,TRUE,
"exp1","exp1_002","Aff P P D_1",59,"affirmative","path",,"path","D","plank","1","path_before_manner",34.9808389108822,15.6688186742463,TRUE,
"exp1","exp1_002","Neg P 0 A_1",35,"negative","path",,"no_motion","A","leaf","1","path_before_manner",34.9808389108822,15.6688186742463,TRUE,
"exp1","exp1_002","Neg P M D_1",20,"negative","path",,"manner","D","plank","1","path_before_manner",34.9808389108822,15.6688186742463,TRUE,
"exp1","exp1_002","Aff C P C_1",10,"affirmative","conflated",,"path","C","paper","1","path_before_manner",34.9808389108822,15.6688186742463,TRUE,
"exp1","exp1_002","Neg M C E_1",0,"negative","manner",,"conflated","E","chair","1","path_before_manner",34.9808389108822,15.6688186742463,TRUE,
"exp1","exp1_002","Aff M 0 D_1",0,"affirmative","manner",,"no_motion","D","plank","1","path_before_manner",34.9808389108822,15.6688186742463,TRUE,
"exp1","exp1_002","Neg M M E_1",0,"negative","manner",,"manner","E","chair","1","path_before_manner",34.9808389108822,15.6688186742463,TRUE,
"exp1","exp1_002","Aff C 0 C_1",0,"affirmative","conflated",,"no_motion","C","paper","1","path_before_manner",34.9808389108822,15.6688186742463,TRUE,
"exp1","exp1_002","Neg C M B_1",0,"negative","conflated",,"manner","B","car","1","path_before_manner",34.9808389108822,15.6688186742463,TRUE,
"exp1","exp1_001","Aff M M A_1",80,"affirmative","manner",,"manner","A","leaf","1","path_before_manner",14.7914799390689,15.6688186742463,FALSE,"low_response_variability"
"exp1","exp1_001","Aff M P D_1",68,"affirmative","manner",,"path","D","plank","1","path_before_manner",14.7914799390689,15.6688186742463,FALSE,"low_response_variability"
"exp1","exp1_001","Aff P 0 E_1",60,"affirmative","path",,"no_motion","E","chair","1","path_before_manner",14.7914799390689,15.6688186742463,FALSE,"low_response_variability"
"exp1","exp1_001","Aff C M E_1",54,"affirmative","conflated",,"manner","E","chair","1","path_before_manner",14.7914799390689,15.6688186742463,FALSE,"low_response_variability"
"exp1","exp1_001","Aff P M C_1",45,"affirmative","path",,"manner","C","paper","1","path_before_manner",14.7914799390689,15.6688186742463,FALSE,"low_response_variability"
"exp1","exp1_001","Neg C C B_1",41,"negative","conflated",,"conflated","B","car","1","path_before_manner",14.7914799390689,15.6688186742463,FALSE,"low_response_variability"
"exp1","exp1_001","Neg P C A_1",41,"negative","path",,"conflated","A","leaf","1","path_before_manner",14.7914799390689,15.6688186742463,FALSE,"low_response_variability"
"exp1","exp1_001","Neg M P D_1",40,"negative","manner",,"path","D","plank","1","path_before_manner",14.7914799390689,15.6688186742463,FALSE,"low_response_variability"
"exp1","exp1_001","Neg M 0 C_1",40,"negative","manner",,"no_motion","C","paper","1","path_before_manner",14.7914799390689,15.6688186742463,FALSE,"low_response_variability"
"exp1","exp1_001","Neg P P A_1",36,"negative","path",,"path","A","leaf","1","path_before_manner",14.7914799390689,15.6688186742463,FALSE,"low_response_variability"
"exp1","exp1_001","Neg C P B_1",35,"negative","conflated",,"path","B","car","1","path_before_manner",14.7914799390689,15.6688186742463,FALSE,"low_response_variability"
"exp1","exp1_001","Neg C 0 D_1",32,"negative","conflated",,"no_motion","D","plank","1","path_before_manner",14.7914799390689,15.6688186742463,FALSE,"low_response_variability"
