"study_id","participant_id","trial","rating","polarity","sentence_type","gesture_type","event_type","scenario_code","scenario","scenario_suffix","modifier_order","participant_sd","exclusion_threshold","included","exclusion_reason"
"exp2","exp2_001","Aff C 0 B_1",100,"affirmative","conflated",,"no_motion","B","car","1","manner_before_path",29.7049888678041,15.5714333424194,TRUE,
"exp2","exp2_001","Aff C C A_1",90,"affirmative","conflated",,"conflated","A","leaf","1","manner_before_path",29.7049888678041,15.5714333424194,TRUE,
"exp2","exp2_001","Aff C P B_1",100,"affirmative","conflated",,"path","B","car","1","manner_before_path",29.7049888678041,15.5714333424194,TRUE,
"exp2","exp2_001","Aff M 0 C_1",35,"affirmative","manner",,"no_motion","C","paper","1","manner_before_path",29.7049888678041,15.5714333424194,TRUE,
"exp2","exp2_001","Aff M C E_1",100,"affirmative","manner",,"conflated","E","chair","1","manner_before_path",29.7049888678041,15.5714333424194,TRUE,
"exp2","exp2_001","Aff P C A_1",100,"affirmative","path",,"conflated","A","leaf","1","manner_before_path",29.7049888678041,15.5714333424194,TRUE,
"exp2","exp2_001","Aff P P C_1",100,"affirmative","path",,"path","C","paper","1","manner_before_path",29.7049888678041,15.5714333424194,TRUE,
"exp2","exp2_001","Neg C M A_1",40,"negative","conflated",,"manner","A","leaf","1","manner_before_path",29.7049888678041,15.5714333424194,TRUE,
"exp2","exp2_001","Neg M C D_1",100,"negative","manner",,"conflated","D","plank","1","manner_before_path",29.7049888678041,15.5714333424194,TRUE,
"exp2","exp2_001","Neg M M D_1",40,"negative","manner",,"manner","D","plank","1","manner_before_path",29.7049888678041,15.5714333424194,TRUE,
"exp2","exp2_001","Neg P 0 E_1",100,"negative","path",,"no_motion","E","chair","1","manner_before_path",29.7049888678041,15.5714333424194,TRUE,
"exp2","exp2_001","Neg P M C_1",40,"negative","path",,"manner","C","paper","1","manner_before_path",29.7049888678041,15.5714333424194,TRUE,
"exp2","exp2_002","Aff C 0 A_1",0,"affirmative","conflated",,"no_motion","A","leaf","1","manner_before_path",31.83325400593,15.5714333424194,TRUE,
"exp2","exp2_002","Aff C C E_1",27,"affirmative","conflated",,"conflated","E","chair","1","manner_before_path",31.83325400593,15.5714333424194,TRUE,
"exp2","exp2_002","Aff C P A_1",28,"affirmative","conflated",,"path","A","leaf","1","manner_before_path",31.83325400593,15.5714333424194,TRUE,
"exp2","exp2_002","Aff M 0 B_1",0,"affirmative","manner",,"no_motion","B","car","1","manner_before_path",31.83325400593,15.5714333424194,TRUE,
"exp2","exp2_002","Aff M C D_1",69,"affirmative","manner",,"conflated","D","plank","1","manner_before_path",31.83325400593,15.5714333424194,TRUE,
"exp2","exp2_002","Aff P C E_1",80,"affirmative","path",,"conflated","E","chair","1","manner_before_path",31.83325400593,15.5714333424194,TRUE,
"exp2","exp2_002","Aff P P B_1",66,"affirmative","path",,"path","B","car","1","manner_before_path",31.83325400593,15.5714333424194,TRUE,
"exp2","exp2_002","Neg C M E_1",0,"negative","conflated",,"manner","E","chair","1","manner_before_path",31.83325400593,15.5714333424194,TRUE,
"exp2","exp2_002","Neg M C C_1",7,"negative","manner",,"conflated","C","paper","1","manner_before_path",31.83325400593,15.5714333424194,TRUE,
"exp2","exp2_002","Neg M M C_1",61,"negative","manner",,"manner","C","paper","1","manner_before_path",31.83325400593,15.5714333424194,TRUE,
"exp2","exp2_002","Neg P 0 D_1",0,"negative","path",,"no_motion","D","plank","1","manner_before_path",31.83325400593,15.5714333424194,TRUE,
"exp2","exp2_002","Neg P M B_1",59,"negative","path",,"manner","B","car","1","manner_before_path",31.83325400593,15.5714333424194,TRUE,
"exp2","exp2_003","Aff C 0 E_1",13,"affirmative","conflated",,"no_motion","E","chair","1","manner_before_path",33.057800619796,15.5714333424194,TRUE,
"exp2","exp2_003","Aff C C D_1",95,"affirmative","conflated",,"conflated","D","plank","1","manner_before_path",33.057800619796,15.5714333424194,TRUE,
"exp2","exp2_003","Aff C P E_1",80,"affirmative","conflated",,"path","E","chair","1","manner_before_path",33.057800619796,15.5714333424194,TRUE,
"exp2","exp2_003","Aff M 0 A_1",21,"affirmative","manner",,"no_motion","A","leaf","1","manner_before_path",33.057800619796,15.5714333424194,TRUE,
"exp2","exp2_003","Aff M C C_1",90,"affirmative","manner",,"conflated","C","paper","1","manner_before_path",33.057800619796,15.5714333424194,TRUE,
"exp2","exp2_003","Aff P C D_1",30,"affirmative","path",,"conflated","D","plank","1","manner_before_path",33.057800619796,15.5714333424194,TRUE,
"exp2","exp2_003","Aff P P A_6",80,"affirmative","path",,"path","A","leaf","6","manner_before_path",33.057800619796,15.5714333424194,TRUE,
"exp2","exp2_003","Neg C M C_1",10,"negative","conflated",,"manner","C","paper","1","manner_before_path",33.057800619796,15.5714333424194,TRUE,
"exp2","exp2_003","Neg M C B_1",90,"negative","manner",,"conflated","B","car","1","manner_before_path",33.057800619796,15.5714333424194,TRUE,
"exp2","exp2_003","Neg M M B_1",31,"negative","manner",,"manner","B","car","1","manner_before_path",33.057800619796,15.5714333424194,TRUE,
"exp2","exp2_003","Neg P 0 C_1",60,"negative","path",,"no_motion","C","paper","1","manner_before_path",33.057800619796,15.5714333424194,TRUE,
"exp2","exp2_003","Neg P M A_1",30,"negative","path",,"manner","A","leaf","1","manner_before_path",33.057800619796,15.5714333424194,TRUE,
"exp2","exp2_004","Aff C M D_1",70,"affirmative","conflated",,"manner","D","plank","1","manner_before_path",43.8208301098365,15.5714333424194,TRUE,
"exp2","exp2_004","Aff M M E_1",100,"affirmative","manner",,"manner","E","chair","1","manner_before_path",43.8208301098365,15.5714333424194,TRUE,
"exp2","exp2_004","Aff M P C_1",100,"affirmative","manner",,"path","C","paper","1","manner_before_path",43.8208301098365,15.5714333424194,TRUE,
"exp2","exp2_004","Aff P 0 D_1",0,"affirmative","path",,"no_motion","D","plank","1","manner_before_path",43.8208301098365,15.5714333424194,TRUE,
"exp2","exp2_004","Aff P M B_1",50,"affirmative","path",,"manner","B","car","1","manner_before_path",43.8208301098365,15.5714333424194,TRUE,
"exp2","exp2_004","Neg C 0 C_1",100,"negative","conflated",,"no_motion","C","paper","1","manner_before_path",43.8208301098365,15.5714333424194,TRUE,
"exp2","exp2_004","Neg C C A_1",0,"negative","conflated",,"conflated","A","leaf","1","manner_before_path",43.8208301098365,15.5714333424194,TRUE,
"exp2","exp2_004","Neg C P A_1",100,"negative","conflated",,"path","A","leaf","1","manner_before_path",43.8208301098365,15.5714333424194,TRUE,
"exp2","exp2_004","Neg M 0 B_1",100,"negative","manner",,"no_motion","B","car","1","manner_before_path",43.8208301098365,15.5714333424194,TRUE,
"exp2","exp2_004","Neg M P C_1",100,"negative","manner",,"path","C","paper","1","manner_before_path",43.8208301098365,15.5714333424194,TRUE,
"exp2","exp2_004","Neg P C E_1",35,"negative","path",,"conflated","E","chair","1","manner_before_path",43.8208301098365,15.5714333424194,TRUE,
"exp2","exp2_004","Neg P P E_1",0,"negative","path",,"path","E","chair","1","manner_before_path",43.8208301098365,15.5714333424194,TRUE,
"exp2","exp2_005","Aff C M D_1",100,"affirmative","conflated",,"manner","D","plank","1","manner_before_path",39.6125171524294,15.5714333424194,TRUE,
"exp2","exp2_005","Aff M M E_1",100,"affirmative","manner",,"manner","E","chair","1","manner_before_path",39.6125171524294,15.5714333424194,TRUE,
"exp2","exp2_005","Aff M P C_1",59,"affirmative","manner",,"path","C","paper","1","manner_before_path",39.6125171524294,15.5714333424194,TRUE,
"exp2","exp2_005","Aff P 0 D_1",0,"affirmative","path",,"no_motion","D","plank","1","manner_before_path",39.6125171524294,15.5714333424194,TRUE,
"exp2","exp2_005","Aff P M B_1",21,"affirmative","path",,"manner","B","car","1","manner_before_path",39.6125171524294,15.5714333424194,TRUE,
"exp2","exp2_005","Neg C 0 C_1",0,"negative","conflated",,"no_motion","C","paper","1","manner_before_path",39.6125171524294,15.5714333424194,TRUE,
"exp2","exp2_005","Neg C C A_1",8,"negative","conflated",,"conflated","A","leaf","1","manner_before_path",39.6125171524294,15.5714333424194,TRUE,
"exp2","exp2_005","Neg C P A_1",0,"negative","conflated",,"path","A","leaf","1","manner_before_path",39.6125171524294,15.5714333424194,TRUE,
"exp2","exp2_005","Neg M 0 B_1",0,"negative","manner",,"no_motion","B","car","1","manner_before_path",39.6125171524294,15.5714333424194,TRUE,
"exp2","exp2_005","Neg M P C_1",56,"negative","manner",,"path","C","paper","1","manner_before_path",39.6125171524294,15.5714333424194,TRUE,
"exp2","exp2_005","Neg P C E_1",0,"negative","path",,"conflated","E","chair","1","manner_before_path",39.6125171524294,15.5714333424194,TRUE,
"exp2","exp2_005","Neg P P E_1",0,"negative","path",,"path","E","chair","1","manner_before_path",39.6125171524294,15.5714333424194,TRUE,
"exp2","exp2_006","Aff C M C_1",45,"affirmative","conflated",,"manner","C","paper","1","manner_before_path",20.1920701506729,15.5714333424194,TRUE,
"exp2","exp2_006","Aff M M D_1",59,"affirmative","manner",,"manner","D","plank","1","manner_before_path",20.1920701506729,15.5714333424194,TRUE,
"exp2","exp2_006","Aff M P B_1",17,"affirmative","manner",,"path","B","car","1","manner_before_path",20.1920701506729,15.5714333424194,TRUE,
"exp2","exp2_006","Aff P 0 C_1",4,"affirmative","path",,"no_motion","C","paper","1","manner_before_path",20.1920701506729,15.5714333424194,TRUE,
"exp2","exp2_006","Aff P M A_1",9,"affirmative","path",,"manner","A","leaf","1","manner_before_path",20.1920701506729,15.5714333424194,TRUE,
"exp2","exp2_006","Neg C 0 B_1",0,"negative","conflated",,"no_motion","B","car","1","manner_before_path",20.1920701506729,15.5714333424194,TRUE,
"exp2","exp2_006","Neg C C E_1",0,"negative","conflated",,"conflated","E","chair","1","manner_before_path",20.1920701506729,15.5714333424194,TRUE,
"exp2","exp2_006","Neg C P E_1",0,"negative","conflated",,"path","E","chair","1","manner_before_path",20.1920701506729,15.5714333424194,TRUE,
"exp2","exp2_006","Neg M 0 A_1",38,"negative","manner",,"no_motion","A","leaf","1","manner_before_path",20.1920701506729,15.5714333424194,TRUE,
"exp2","exp2_006","Neg M P B_1",7,"negative","manner",,"path","B","car","1","manner_before_path",20.1920701506729,15.5714333424194,TRUE,
"exp2","exp2_006","Neg P C D_1",0,"negative","path",,"conflated","D","plank","1","manner_before_path",20.1920701506729,15.5714333424194,TRUE,
"exp2","exp2_006","Neg P P D_1",20,"negative","path",,"path","D","plank","1","manner_before_path",20.1920701506729,15.5714333424194,TRUE,
"exp2","exp2_007","Aff C M D_1",87,"affirmative","conflated",,"manner","D","plank","1","manner_before_path",8.11097273992946,15.5714333424194,FALSE,"low_response_variability"
"exp2","exp2_007","Aff M M E_1",100,"affirmative","manner",,"manner","E","chair","1","manner_before_path",8.11097273992946,15.5714333424194,FALSE,"low_response_variability"
"exp2","exp2_007","Aff M P C_1",91,"affirmative","manner",,"path","C","paper","1","manner_before_path",8.11097273992946,15.5714333424194,FALSE,"low_response_variability"
"exp2","exp2_007","Aff P 0 D_1",100,"affirmative","path",,"no_motion","D","plank","1","manner_before_path",8.11097273992946,15.5714333424194,FALSE,"low_response_variability"
"exp2","exp2_007","Aff P M B_1",100,"affirmative","path",,"manner","B","car","1","manner_before_path",8.11097273992946,15.5714333424194,FALSE,"low_response_variability"
"exp2","exp2_007","Neg C 0 C_1",78,"negative","conflated",,"no_motion","C","paper","1","manner_before_path",8.11097273992946,15.5714333424194,FALSE,"low_response_variability"
"exp2","exp2_007","Neg C C A_1",80,"negative","conflated",,"conflated","A","leaf","1","manner_before_path",8.11097273992946,15.5714333424194,FALSE,"low_response_variability"
"exp2","exp2_007","Neg C P A_1",94,"negative","conflated",,"path","A","leaf","1","manner_before_path",8.11097273992946,15.5714333424194,FALSE,"low_response_variability"
"exp2","exp2_007","Neg M 0 B_1",100,"negative","manner",,"no_motion","B","car","1","manner_before_path",8.11097273992946,15.5714333424194,FALSE,"low_response_variability"
"exp2","exp2_007","Neg M P C_1",100,"negative","manner",,"path","C","paper","1","manner_before_path",8.11097273992946,15.5714333424194,FALSE,"low_response_variability"
"exp2","exp2_007","Neg P C E_1",99,"negative","path",,"conflated","E","chair","1","manner_before_path",8.11097273992946,15.5714333424194,FALSE,"low_response_variability"
"exp2","exp2_007","Neg P P E_1",97,"negative","path",,"path","E","chair","1","manner_before_path",8.11097273992946,15.5714333424194,FALSE,"low_response_variability"
"exp2","exp2_008","Aff C M B_1",55,"affirmative","conflated",,"manner","B","car","1","manner_before_path",29.1748906154632,15.5714333424194,TRUE,
"exp2","exp2_008","Aff M M C_1",68,"affirmative","manner",,"manner","C","paper","1","manner_before_path",29.1748906154632,15.5714333424194,TRUE,
"exp2","exp2_008","Aff M P A_1",0,"affirmative","manner",,"path","A","leaf","1","manner_before_path",29.1748906154632,15.5714333424194,TRUE,
"exp2","exp2_008","Aff P 0 B_1",21,"affirmative","path",,"no_motion","B","car","1","manner_before_path",29.1748906154632,15.5714333424194,TRUE,
"exp2","exp2_008","Aff P M E_1",11,"affirmative","path",,"manner","E","chair","1","manner_before_path",29.1748906154632,15.5714333424194,TRUE,
"exp2","exp2_008","Neg C 0 A_1",75,"negative","conflated",,"no_motion","A","leaf","1","manner_before_path",29.1748906154632,15.5714333424194,TRUE,
"exp2","exp2_008","Neg C C D_1",12,"negative","conflated",,"conflated","D","plank","1","manner_before_path",29.1748906154632,15.5714333424194,TRUE,
"exp2","exp2_008","Neg C P D_1",60,"negative","conflated",,"path","D","plank","1","manner_before_path",29.1748906154632,15.5714333424194,TRUE,
"exp2","exp2_008","Neg M 0 E_1",64,"negative","manner",,"no_motion","E","chair","1","manner_before_path",29.1748906154632,15.5714333424194,TRUE,
"exp2","exp2_008","Neg M P A_1",70,"negative","manner",,"path","A","leaf","1","manner_before_path",29.1748906154632,15.5714333424194,TRUE,
"exp2","exp2_008","Neg P C C_1",31,"negative","path",,"conflated","C","paper","1","manner_before_path",29.1748906154632,15.5714333424194,TRUE,
"exp2","exp2_008","Neg P P C_1",0,"negative","path",,"path","C","paper","1","manner_before_path",29.1748906154632,15.5714333424194,TRUE,
"exp2","exp2_009","Aff C M E_1",95,"affirmative","conflated",,"manner","E","chair","1","manner_before_path",51.3897761321169,15.5714333424194,TRUE,
"exp2","exp2_009","Aff M M A_1",100,"affirmative","manner",,"manner","A","leaf","1","manner_before_path",51.3897761321169,15.5714333424194,TRUE,
"exp2","exp2_009","Aff M P D_1",0,"affirmative","manner",,"path","D","plank","1","manner_before_path",51.3897761321169,15.5714333424194,TRUE,
"exp2","exp2_009","Aff P 0 E_1",0,"affirmative","path",,"no_motion","E","chair","1","manner_before_path",51.3897761321169,15.5714333424194,TRUE,
"exp2","exp2_009","Aff P M C_1",5,"affirmative","path",,"manner","C","paper","1","manner_before_path",51.3897761321169,15.5714333424194,TRUE,
"exp2","exp2_009","Neg C 0 D_1",100,"negative","conflated",,"no_motion","D","plank","1","manner_before_path",51.3897761321169,15.5714333424194,TRUE,
"exp2","exp2_009","Neg C C B_1",0,"negative","conflated",,"conflated","B","car","1","manner_before_path",51.3897761321169,15.5714333424194,TRUE,
"exp2","exp2_009","Neg C P B_1",100,"negative","conflated",,"path","B","car","1","manner_before_path",51.3897761321169,15.5714333424194,TRUE,
"exp2","exp2_009","Neg M 0 C_1",100,"negative","manner",,"no_motion","C","paper","1","manner_before_path",51.3897761321169,15.5714333424194,TRUE,
"exp2","exp2_009","Neg M P D_1",100,"negative","manner",,"path","D","plank","1","manner_before_path",51.3897761321169,15.5714333424194,TRUE,
"exp2","exp2_009","Neg P C A_1",0,"negative","path",,"conflated","A","leaf","1","manner_before_path",51.3897761321169,15.5714333424194,TRUE,
"exp2","exp2_009","Neg P P A_1",0,"negative","path",,"path","A","leaf","1","manner_before_path",51.3897761321169,15.5714333424194,TRUE,
"exp2","exp2_010","Aff C M A_1",90,"affirmative","conflated",,"manner","A","leaf","1","manner_before_path",40.3247235989701,15.5714333424194,TRUE,
"exp2","exp2_010","Aff M M B_1",100,"affirmative","manner",,"manner","B","car","1","manner_before_path",40.3247235989701,15.5714333424194,TRUE,
"exp2","exp2_010","Aff M P E_1",0,"affirmative","manner",,"path","E","chair","1","manner_before_path",40.3247235989701,15.5714333424194,TRUE,
"exp2","exp2_010","Aff P 0 A_1",51,"affirmative","path",,"no_motion","A","leaf","1","manner_before_path",40.3247235989701,15.5714333424194,TRUE,
"exp2","exp2_010","Aff P M D_1",69,"affirmative","path",,"manner","D","plank","1","manner_before_path",40.3247235989701,15.5714333424194,TRUE,
"exp2","exp2_010","Neg C 0 E_1",63,"negative","conflated",,"no_motion","E","chair","1","manner_before_path",40.3247235989701,15.5714333424194,TRUE,
"exp2","exp2_010","Neg C C C_1",0,"negative","conflated",,"conflated","C","paper","1","manner_before_path",40.3247235989701,15.5714333424194,TRUE,
"exp2","exp2_010","Neg C P C_1",54,"negative","conflated",,"path","C","paper","1","manner_before_path",40.3247235989701,15.5714333424194,TRUE,
"exp2","exp2_010","Neg M 0 D_1",99,"negative","manner",,"no_motion","D","plank","1","manner_before_path",40.3247235989701,15.5714333424194,TRUE,
"exp2","exp2_010","Neg M P E_1",79,"negative","manner",,"path","E","chair","1","manner_before_path",40.3247235989701,15.5714333424194,TRUE,
"exp2","exp2_010","Neg P C B_1",0,"negative","path",,"conflated","B","car","1","manner_before_path",40.3247235989701,15.5714333424194,TRUE,
"exp2","exp2_010","Neg P P B_1",0,"negative","path",,"path","B","car","1","manner_before_path",40.3247235989701,15.5714333424194,TRUE,
"exp2","exp2_011","Aff C 0 E_1",0,"affirmative","conflated",,"no_motion","E","chair","1","manner_before_path",34.9322938198331,15.5714333424194,TRUE,
"exp2","exp2_011","Aff C C D_1",75,"affirmative","conflated",,"conflated","D","plank","1","manner_before_path",34.9322938198331,15.5714333424194,TRUE,
"exp2","exp2_011","Aff C P E_1",0,"affirmative","conflated",,"path","E","chair","1","manner_before_path",34.9322938198331,15.5714333424194,TRUE,
"exp2","exp2_011","Aff M 0 A_1",0,"affirmative","manner",,"no_motion","A","leaf","1","manner_before_path",34.9322938198331,15.5714333424194,TRUE,
"exp2","exp2_011","Aff M C C_1",40,"affirmative","manner",,"conflated","C","paper","1","manner_before_path",34.9322938198331,15.5714333424194,TRUE,
"exp2","exp2_011","Aff P C D_1",55,"affirmative","path",,"conflated","D","plank","1","manner_before_path",34.9322938198331,15.5714333424194,TRUE,
"exp2","exp2_011","Aff P P A_6",100,"affirmative","path",,"path","A","leaf","6","manner_before_path",34.9322938198331,15.5714333424194,TRUE,
"exp2","exp2_011","Neg C M C_1",20,"negative","conflated",,"manner","C","paper","1","manner_before_path",34.9322938198331,15.5714333424194,TRUE,
"exp2","exp2_011","Neg M C B_1",0,"negative","manner",,"conflated","B","car","1","manner_before_path",34.9322938198331,15.5714333424194,TRUE,
"exp2","exp2_011","Neg M M B_1",0,"negative","manner",,"manner","B","car","1","manner_before_path",34.9322938198331,15.5714333424194,TRUE,
"exp2","exp2_011","Neg P 0 C_1",65,"negative","path",,"no_motion","C","paper","1","manner_before_path",34.9322938198331,15.5714333424194,TRUE,
"exp2","exp2_011","Neg P M A_1",30,"negative","path",,"manner","A","leaf","1","manner_before_path",34.9322938198331,15.5714333424194,TRUE,
"exp2","exp2_012","Aff C M D_1",66,"affirmative","conflated",,"manner","D","plank","1","manner_before_path",43.7655600035489,15.5714333424194,TRUE,
"exp2","exp2_012","Aff M M E_1",100,"affirmative","manner",,"manner","E","chair","1","manner_before_path",43.7655600035489,15.5714333424194,TRUE,
"exp2","exp2_012","Aff M P C_1",90,"affirmative","manner",,"path","C","paper","1","manner_before_path",43.7655600035489,15.5714333424194,TRUE,
"exp2","exp2_012","Aff P 0 D_1",3,"affirmative","path",,"no_motion","D","plank","1","manner_before_path",43.7655600035489,15.5714333424194,TRUE,
"exp2","exp2_012","Aff P M B_1",15,"affirmative","path",,"manner","B","car","1","manner_before_path",43.7655600035489,15.5714333424194,TRUE,
"exp2","exp2_012","Neg C 0 C_1",95,"negative","conflated",,"no_motion","C","paper","1","manner_before_path",43.7655600035489,15.5714333424194,TRUE,
"exp2","exp2_012","Neg C C A_1",0,"negative","conflated",,"conflated","A","leaf","1","manner_before_path",43.7655600035489,15.5714333424194,TRUE,
"exp2","exp2_012","Neg C P A_1",95,"negative","conflated",,"path","A","leaf","1","manner_before_path",43.7655600035489,15.5714333424194,TRUE,
"exp2","exp2_012","Neg M 0 B_1",100,"negative","manner",,"no_motion","B","car","1","manner_before_path",43.7655600035489,15.5714333424194,TRUE,
"exp2","exp2_012","Neg M P C_1",16,"negative","manner",,"path","C","paper","1","manner_before_path",43.7655600035489,15.5714333424194,TRUE,
"exp2","exp2_012","Neg P C E_1",15,"negative","path",,"conflated","E","chair","1","manner_before_path",43.7655600035489,15.5714333424194,TRUE,
"exp2","exp2_012","Neg P P E_1",7,"negative","path",,"path","E","chair","1","manner_before_path",43.7655600035489,15.5714333424194,TRUE,
"exp2","exp2_013","Aff C 0 D_1",0,"affirmative","conflated",,"no_motion","D","plank","1","manner_before_path",44.4672163884061,15.5714333424194,TRUE,
"exp2","exp2_013","Aff C C C_1",100,"affirmative","conflated",,"conflated","C","paper","1","manner_before_path",44.4672163884061,15.5714333424194,TRUE,
"exp2","exp2_013","Aff C P D_1",8,"affirmative","conflated",,"path","D","plank","1","manner_before_path",44.4672163884061,15.5714333424194,TRUE,
"exp2","exp2_013","Aff M 0 E_1",0,"affirmative","manner",,"no_motion","E","chair","1","manner_before_path",44.4672163884061,15.5714333424194,TRUE,
"exp2","exp2_013","Aff M C B_1",100,"affirmative","manner",,"conflated","B","car","1","manner_before_path",44.4672163884061,15.5714333424194,TRUE,
"exp2","exp2_013","Aff P C C_1",100,"affirmative","path",,"conflated","C","paper","1","manner_before_path",44.4672163884061,15.5714333424194,TRUE,
"exp2","exp2_013","Aff P P E_1",100,"affirmative","path",,"path","E","chair","1","manner_before_path",44.4672163884061,15.5714333424194,TRUE,
"exp2","exp2_013","Neg C M D_1",50,"negative","conflated",,"manner","D","plank","1","manner_before_path",44.4672163884061,15.5714333424194,TRUE,
"exp2","exp2_013","Neg M C A_1",0,"negative","manner",,"conflated","A","leaf","1","manner_before_path",44.4672163884061,15.5714333424194,TRUE,
"exp2","exp2_013","Neg M M A_1",28,"negative","manner",,"manner","A","leaf","1","manner_before_path",44.4672163884061,15.5714333424194,TRUE,
"exp2","exp2_013","Neg P 0 B_1",40,"negative","path",,"no_motion","B","car","1","manner_before_path",44.4672163884061,15.5714333424194,TRUE,
"exp2","exp2_013","Neg P M E_1",94,"negative","path",,"manner","E","chair","1","manner_before_path",44.4672163884061,15.5714333424194,TRUE,
"exp2","exp2_014","Aff C 0 A_1",15,"affirmative","conflated",,"no_motion","A","leaf","1","manner_before_path",36.7080001188743,15.5714333424194,TRUE,
"exp2","exp2_014","Aff C C E_1",92,"affirmative","conflated",,"conflated","E","chair","1","manner_before_path",36.7080001188743,15.5714333424194,TRUE,
"exp2","exp2_014","Aff C P A_1",6,"affirmative","conflated",,"path","A","leaf","1","manner_before_path",36.7080001188743,15.5714333424194,TRUE,
"exp2","exp2_014","Aff M 0 B_1",13,"affirmative","manner",,"no_motion","B","car","1","manner_before_path",36.7080001188743,15.5714333424194,TRUE,
"exp2","exp2_014","Aff M C D_1",92,"affirmative","manner",,"conflated","D","plank","1","manner_before_path",36.7080001188743,15.5714333424194,TRUE,
"exp2","exp2_014","Aff P C E_1",25,"affirmative","path",,"conflated","E","chair","1","manner_before_path",36.7080001188743,15.5714333424194,TRUE,
"exp2","exp2_014","Aff P P B_1",93,"affirmative","path",,"path","B","car","1","manner_before_path",36.7080001188743,15.5714333424194,TRUE,
"exp2","exp2_014","Neg C M E_1",15,"negative","conflated",,"manner","E","chair","1","manner_before_path",36.7080001188743,15.5714333424194,TRUE,
"exp2","exp2_014","Neg M C C_1",31,"negative","manner",,"conflated","C","paper","1","manner_before_path",36.7080001188743,15.5714333424194,TRUE,
"exp2","exp2_014","Neg M M C_1",17,"negative","manner",,"manner","C","paper","1","manner_before_path",36.7080001188743,15.5714333424194,TRUE,
"exp2","exp2_014","Neg P 0 D_1",9,"negative","path",,"no_motion","D","plank","1","manner_before_path",36.7080001188743,15.5714333424194,TRUE,
"exp2","exp2_014","Neg P M B_1",81,"negative","path",,"manner","B","car","1","manner_before_path",36.7080001188743,15.5714333424194,TRUE,
"exp2","exp2_015","Aff C 0 C_1",0,"affirmative","conflated",,"no_motion","C","paper","1","manner_before_path",42.1303892335414,15.5714333424194,TRUE,
"exp2","exp2_015","Aff C C B_1",100,"affirmative","conflated",,"conflated","B","car","1","manner_before_path",42.1303892335414,15.5714333424194,TRUE,
"exp2","exp2_015","Aff C P C_1",50,"affirmative","conflated",,"path","C","paper","1","manner_before_path",42.1303892335414,15.5714333424194,TRUE,
"exp2","exp2_015","Aff M 0 D_1",0,"affirmative","manner",,"no_motion","D","plank","1","manner_before_path",42.1303892335414,15.5714333424194,TRUE,
"exp2","exp2_015","Aff M C A_1",95,"affirmative","manner",,"conflated","A","leaf","1","manner_before_path",42.1303892335414,15.5714333424194,TRUE,
"exp2","exp2_015","Aff P C B_1",100,"affirmative","path",,"conflated","B","car","1","manner_before_path",42.1303892335414,15.5714333424194,TRUE,
"exp2","exp2_015","Aff P P D_1",50,"affirmative","path",,"path","D","plank","1","manner_before_path",42.1303892335414,15.5714333424194,TRUE,
"exp2","exp2_015","Neg C M B_1",100,"negative","conflated",,"manner","B","car","1","manner_before_path",42.1303892335414,15.5714333424194,TRUE,
"exp2","exp2_015","Neg M C E_1",0,"negative","manner",,"conflated","E","chair","1","manner_before_path",42.1303892335414,15.5714333424194,TRUE,
"exp2","exp2_015","Neg M M E_1",0,"negative","manner",,"manner","E","chair","1","manner_before_path",42.1303892335414,15.5714333424194,TRUE,
"exp2","exp2_015","Neg P 0 A_1",50,"negative","path",,"no_motion","A","leaf","1","manner_before_path",42.1303892335414,15.5714333424194,TRUE,
"exp2","exp2_015","Neg P M D_1",51,"negative","path",,"manner","D","plank","1","manner_before_path",42.1303892335414,15.5714333424194,TRUE,
"exp2","exp2_016","Aff C M C_1",94,"affirmative","conflated",,"manner","C","paper","1","manner_before_path",40.9999076126084,15.5714333424194,TRUE,
"exp2","exp2_016","Aff M M D_1",95,"affirmative","manner",,"manner","D","plank","1","manner_before_path",40.9999076126084,15.5714333424194,TRUE,
"exp2","exp2_016","Aff M P B_1",9,"affirmative","manner",,"path","B","car","1","manner_before_path",40.9999076126084,15.5714333424194,TRUE,
"exp2","exp2_016","Aff P 0 C_1",13,"affirmative","path",,"no_motion","C","paper","1","manner_before_path",40.9999076126084,15.5714333424194,TRUE,
"exp2","exp2_016","Aff P M A_1",95,"affirmative","path",,"manner","A","leaf","1","manner_before_path",40.9999076126084,15.5714333424194,TRUE,
"exp2","exp2_016","Neg C 0 B_1",99,"negative","conflated",,"no_motion","B","car","1","manner_before_path",40.9999076126084,15.5714333424194,TRUE,
"exp2","exp2_016","Neg C C E_1",15,"negative","conflated",,"conflated","E","chair","1","manner_before_path",40.9999076126084,15.5714333424194,TRUE,
"exp2","exp2_016","Neg C P E_1",90,"negative","conflated",,"path","E","chair","1","manner_before_path",40.9999076126084,15.5714333424194,TRUE,
"exp2","exp2_016","Neg M 0 A_1",8,"negative","manner",,"no_motion","A","leaf","1","manner_before_path",40.9999076126084,15.5714333424194,TRUE,
"exp2","exp2_016","Neg M P B_1",99,"negative","manner",,"path","B","car","1","manner_before_path",40.9999076126084,15.5714333424194,TRUE,
"exp2","exp2_016","Neg P C D_1",97,"negative","path",,"conflated","D","plank","1","manner_before_path",40.9999076126084,15.5714333424194,TRUE,
"exp2","exp2_016","Neg P P D_1",83,"negative","path",,"path","D","plank","1","manner_before_path",40.9999076126084,15.5714333424194,TRUE,
"exp2","exp2_017","Aff C M E_1",58,"affirmative","conflated",,"manner","E","chair","1","manner_before_path",15.9038302990763,15.5714333424194,TRUE,
"exp2","exp2_017","Aff M M A_1",25,"affirmative","manner",,"manner","A","leaf","1","manner_before_path",15.9038302990763,15.5714333424194,TRUE,
"exp2","exp2_017","Aff M P D_1",20,"affirmative","manner",,"path","D","plank","1","manner_before_path",15.9038302990763,15.5714333424194,TRUE,
"exp2","exp2_017","Aff P 0 E_1",63,"affirmative","path",,"no_motion","E","chair","1","manner_before_path",15.9038302990763,15.5714333424194,TRUE,
"exp2","exp2_017","Aff P M C_1",35,"affirmative","path",,"manner","C","paper","1","manner_before_path",15.9038302990763,15.5714333424194,TRUE,
"exp2","exp2_017","Neg C 0 D_1",40,"negative","conflated",,"no_motion","D","plank","1","manner_before_path",15.9038302990763,15.5714333424194,TRUE,
"exp2","exp2_017","Neg C C B_1",27,"negative","conflated",,"conflated","B","car","1","manner_before_path",15.9038302990763,15.5714333424194,TRUE,
"exp2","exp2_017","Neg C P B_1",30,"negative","conflated",,"path","B","car","1","manner_before_path",15.9038302990763,15.5714333424194,TRUE,
"exp2","exp2_017","Neg M 0 C_1",42,"negative","manner",,"no_motion","C","paper","1","manner_before_path",15.9038302990763,15.5714333424194,TRUE,
"exp2","exp2_017","Neg M P D_1",40,"negative","manner",,"path","D","plank","1","manner_before_path",15.9038302990763,15.5714333424194,TRUE,
"exp2","exp2_017","Neg P C A_1",65,"negative","path",,"conflated","A","leaf","1","manner_before_path",15.9038302990763,15.5714333424194,TRUE,
"exp2","exp2_017","Neg P P A_1",20,"negative","path",,"path","A","leaf","1","manner_before_path",15.9038302990763,15.5714333424194,TRUE,
"exp2","exp2_018","Aff C 0 A_1",35,"affirmative","conflated",,"no_motion","A","leaf","1","manner_before_path",34.6327048095329,15.5714333424194,TRUE,
"exp2","exp2_018","Aff C C E_1",51,"affirmative","conflated",,"conflated","E","chair","1","manner_before_path",34.6327048095329,15.5714333424194,TRUE,
"exp2","exp2_018","Aff C P A_1",0,"affirmative","conflated",,"path","A","leaf","1","manner_before_path",34.6327048095329,15.5714333424194,TRUE,
"exp2","exp2_018","Aff M 0 B_1",61,"affirmative","manner",,"no_motion","B","car","1","manner_before_path",34.6327048095329,15.5714333424194,TRUE,
"exp2","exp2_018","Aff M C D_1",25,"affirmative","manner",,"conflated","D","plank","1","manner_before_path",34.6327048095329,15.5714333424194,TRUE,
"exp2","exp2_018","Aff P C E_1",88,"affirmative","path",,"conflated","E","chair","1","manner_before_path",34.6327048095329,15.5714333424194,TRUE,
"exp2","exp2_018","Aff P P B_1",74,"affirmative","path",,"path","B","car","1","manner_before_path",34.6327048095329,15.5714333424194,TRUE,
"exp2","exp2_018","Neg C M E_1",20,"negative","conflated",,"manner","E","chair","1","manner_before_path",34.6327048095329,15.5714333424194,TRUE,
"exp2","exp2_018","Neg M C C_1",100,"negative","manner",,"conflated","C","paper","1","manner_before_path",34.6327048095329,15.5714333424194,TRUE,
"exp2","exp2_018","Neg M M C_1",0,"negative","manner",,"manner","C","paper","1","manner_before_path",34.6327048095329,15.5714333424194,TRUE,
"exp2","exp2_018","Neg P 0 D_1",77,"negative","path",,"no_motion","D","plank","1","manner_before_path",34.6327048095329,15.5714333424194,TRUE,
"exp2","exp2_018","Neg P M B_1",83,"negative","path",,"manner","B","car","1","manner_before_path",34.6327048095329,15.5714333424194,TRUE,
"exp2","exp2_019","Aff C M E_1",60,"affirmative","conflated",,"manner","E","chair","1","manner_before_path",38.158759270853,15.5714333424194,TRUE,
"exp2","exp2_019","Aff M M A_1",95,"affirmative","manner",,"manner","A","leaf","1","manner_before_path",38.158759270853,15.5714333424194,TRUE,
"exp2","exp2_019","Aff M P D_1",10,"affirmative","manner",,"path","D","plank","1","manner_before_path",38.158759270853,15.5714333424194,TRUE,
"exp2","exp2_019","Aff P 0 E_1",10,"affirmative","path",,"no_motion","E","chair","1","manner_before_path",38.158759270853,15.5714333424194,TRUE,
"exp2","exp2_019","Aff P M C_1",35,"affirmative","path",,"manner","C","paper","1","manner_before_path",38.158759270853,15.5714333424194,TRUE,
"exp2","exp2_019","Neg C 0 D_1",65,"negative","conflated",,"no_motion","D","plank","1","manner_before_path",38.158759270853,15.5714333424194,TRUE,
"exp2","exp2_019","Neg C C B_1",8,"negative","conflated",,"conflated","B","car","1","manner_before_path",38.158759270853,15.5714333424194,TRUE,
"exp2","exp2_019","Neg C P B_1",80,"negative","conflated",,"path","B","car","1","manner_before_path",38.158759270853,15.5714333424194,TRUE,
"exp2","exp2_019","Neg M 0 C_1",90,"negative","manner",,"no_motion","C","paper","1","manner_before_path",38.158759270853,15.5714333424194,TRUE,
"exp2","exp2_019","Neg M P D_1",95,"negative","manner",,"path","D","plank","1","manner_before_path",38.158759270853,15.5714333424194,TRUE,
"exp2","exp2_019","Neg P C A_1",10,"negative","path",,"conflated","A","leaf","1","manner_before_path",38.158759270853,15.5714333424194,TRUE,
"exp2","exp2_019","Neg P P A_1",0,"negative","path",,"path","A","leaf","1","manner_before_path",38.158759270853,15.5714333424194,TRUE,
"exp2","exp2_020","Aff C 0 D_1",17,"affirmative","conflated",,"no_motion","D","plank","1","manner_before_path",26.2187765241676,15.5714333424194,TRUE,
"exp2","exp2_020","Aff C C C_1",30,"affirmative","conflated",,"conflated","C","paper","1","manner_before_path",26.2187765241676,15.5714333424194,TRUE,
"exp2","exp2_020","Aff C P D_1",27,"affirmative","conflated",,"path","D","plank","1","manner_before_path",26.2187765241676,15.5714333424194,TRUE,
"exp2","exp2_020","Aff M 0 E_1",14,"affirmative","manner",,"no_motion","E","chair","1","manner_before_path",26.2187765241676,15.5714333424194,TRUE,
"exp2","exp2_020","Aff M C B_1",75,"affirmative","manner",,"conflated","B","car","1","manner_before_path",26.2187765241676,15.5714333424194,TRUE,
"exp2","exp2_020","Aff P C C_1",79,"affirmative","path",,"conflated","C","paper","1","manner_before_path",26.2187765241676,15.5714333424194,TRUE,
"exp2","exp2_020","Aff P P E_1",80,"affirmative","path",,"path","E","chair","1","manner_before_path",26.2187765241676,15.5714333424194,TRUE,
"exp2","exp2_020","Neg C M D_1",23,"negative","conflated",,"manner","D","plank","1","manner_before_path",26.2187765241676,15.5714333424194,TRUE,
"exp2","exp2_020","Neg M C A_1",38,"negative","manner",,"conflated","A","leaf","1","manner_before_path",26.2187765241676,15.5714333424194,TRUE,
"exp2","exp2_020","Neg M M A_1",20,"negative","manner",,"manner","A","leaf","1","manner_before_path",26.2187765241676,15.5714333424194,TRUE,
"exp2","exp2_020","Neg P 0 B_1",72,"negative","path",,"no_motion","B","car","1","manner_before_path",26.2187765241676,15.5714333424194,TRUE,
"exp2","exp2_020","Neg P M E_1",31,"negative","path",,"manner","E","chair","1","manner_before_path",26.2187765241676,15.5714333424194,TRUE,
"exp2","exp2_021","Aff C 0 C_1",9,"affirmative","conflated",,"no_motion","C","paper","1","manner_before_path",27.100262774081,15.5714333424194,TRUE,
"exp2","exp2_021","Aff C C B_1",83,"affirmative","conflated",,"conflated","B","car","1","manner_before_path",27.100262774081,15.5714333424194,TRUE,
"exp2","exp2_021","Aff C P C_1",42,"affirmative","conflated",,"path","C","paper","1","manner_before_path",27.100262774081,15.5714333424194,TRUE,
"exp2","exp2_021","Aff M 0 D_1",13,"affirmative","manner",,"no_motion","D","plank","1","manner_before_path",27.100262774081,15.5714333424194,TRUE,
"exp2","exp2_021","Aff M C A_1",87,"affirmative","manner",,"conflated","A","leaf","1","manner_before_path",27.100262774081,15.5714333424194,TRUE,
"exp2","exp2_021","Aff P C B_1",64,"affirmative","path",,"conflated","B","car","1","manner_before_path",27.100262774081,15.5714333424194,TRUE,
"exp2","exp2_021","Aff P P D_1",51,"affirmative","path",,"path","D","plank","1","manner_before_path",27.100262774081,15.5714333424194,TRUE,
"exp2","exp2_021","Neg C M B_1",45,"negative","conflated",,"manner","B","car","1","manner_before_path",27.100262774081,15.5714333424194,TRUE,
"exp2","exp2_021","Neg M C E_1",15,"negative","manner",,"conflated","E","chair","1","manner_before_path",27.100262774081,15.5714333424194,TRUE,
"exp2","exp2_021","Neg M M E_1",23,"negative","manner",,"manner","E","chair","1","manner_before_path",27.100262774081,15.5714333424194,TRUE,
"exp2","exp2_021","Neg P 0 A_1",70,"negative","path",,"no_motion","A","leaf","1","manner_before_path",27.100262774081,15.5714333424194,TRUE,
"exp2","exp2_021","Neg P M D_1",58,"negative","path",,"manner","D","plank","1","manner_before_path",27.100262774081,15.5714333424194,TRUE,
"exp2","exp2_022","Aff C 0 E_1",0,"affirmative","conflated",,"no_motion","E","chair","1","manner_before_path",41.9526247959854,15.5714333424194,TRUE,
"exp2","exp2_022","Aff C C D_1",49,"affirmative","conflated",,"conflated","D","plank","1","manner_before_path",41.9526247959854,15.5714333424194,TRUE,
"exp2","exp2_022","Aff C P E_1",0,"affirmative","conflated",,"path","E","chair","1","manner_before_path",41.9526247959854,15.5714333424194,TRUE,
"exp2","exp2_022","Aff M 0 A_1",0,"affirmative","manner",,"no_motion","A","leaf","1","manner_before_path",41.9526247959854,15.5714333424194,TRUE,
"exp2","exp2_022","Aff M C C_1",100,"affirmative","manner",,"conflated","C","paper","1","manner_before_path",41.9526247959854,15.5714333424194,TRUE,
"exp2","exp2_022","Aff P C D_1",8,"affirmative","path",,"conflated","D","plank","1","manner_before_path",41.9526247959854,15.5714333424194,TRUE,
"exp2","exp2_022","Aff P P A_6",95,"affirmative","path",,"path","A","leaf","6","manner_before_path",41.9526247959854,15.5714333424194,TRUE,
"exp2","exp2_022","Neg C M C_1",10,"negative","conflated",,"manner","C","paper","1","manner_before_path",41.9526247959854,15.5714333424194,TRUE,
"exp2","exp2_022","Neg M C B_1",23,"negative","manner",,"conflated","B","car","1","manner_before_path",41.9526247959854,15.5714333424194,TRUE,
"exp2","exp2_022","Neg M M B_1",2,"negative","manner",,"manner","B","car","1","manner_before_path",41.9526247959854,15.5714333424194,TRUE,
"exp2","exp2_022","Neg P 0 C_1",85,"negative","path",,"no_motion","C","paper","1","manner_before_path",41.9526247959854,15.5714333424194,TRUE,
"exp2","exp2_022","Neg P M A_1",87,"negative","path",,"manner","A","leaf","1","manner_before_path",41.9526247959854,15.5714333424194,TRUE,
"exp2","exp2_023","Aff C 0 A_1",0,"affirmative","conflated",,"no_motion","A","leaf","1","manner_before_path",48.6760316850713,15.5714333424194,TRUE,
"exp2","exp2_023","Aff C C E_1",98,"affirmative","conflated",,"conflated","E","chair","1","manner_before_path",48.6760316850713,15.5714333424194,TRUE,
"exp2","exp2_023","Aff C P A_1",0,"affirmative","conflated",,"path","A","leaf","1","manner_before_path",48.6760316850713,15.5714333424194,TRUE,
"exp2","exp2_023","Aff M 0 B_1",0,"affirmative","manner",,"no_motion","B","car","1","manner_before_path",48.6760316850713,15.5714333424194,TRUE,
"exp2","exp2_023","Aff M C D_1",100,"affirmative","manner",,"conflated","D","plank","1","manner_before_path",48.6760316850713,15.5714333424194,TRUE,
"exp2","exp2_023","Aff P C E_1",98,"affirmative","path",,"conflated","E","chair","1","manner_before_path",48.6760316850713,15.5714333424194,TRUE,
"exp2","exp2_023","Aff P P B_1",100,"affirmative","path",,"path","B","car","1","manner_before_path",48.6760316850713,15.5714333424194,TRUE,
"exp2","exp2_023","Neg C M E_1",95,"negative","conflated",,"manner","E","chair","1","manner_before_path",48.6760316850713,15.5714333424194,TRUE,
"exp2","exp2_023","Neg M C C_1",5,"negative","manner",,"conflated","C","paper","1","manner_before_path",48.6760316850713,15.5714333424194,TRUE,
"exp2","exp2_023","Neg M M C_1",0,"negative","manner",,"manner","C","paper","1","manner_before_path",48.6760316850713,15.5714333424194,TRUE,
"exp2","exp2_023","Neg P 0 D_1",90,"negative","path",,"no_motion","D","plank","1","manner_before_path",48.6760316850713,15.5714333424194,TRUE,
"exp2","exp2_023","Neg P M B_1",85,"negative","path",,"manner","B","car","1","manner_before_path",48.6760316850713,15.5714333424194,TRUE,
"exp2","exp2_024","Aff C M D_1",83,"affirmative","conflated",,"manner","D","plank","1","manner_before_path",50.4659351053818,15.5714333424194,TRUE,
"exp2","exp2_024","Aff M M E_1",100,"affirmative","manner",,"manner","E","chair","1","manner_before_path",50.4659351053818,15.5714333424194,TRUE,
"exp2","exp2_024","Aff M P C_1",100,"affirmative","manner",,"path","C","paper","1","manner_before_path",50.4659351053818,15.5714333424194,TRUE,
"exp2","exp2_024","Aff P 0 D_1",0,"affirmative","path",,"no_motion","D","plank","1","manner_before_path",50.4659351053818,15.5714333424194,TRUE,
"exp2","exp2_024","Aff P M B_1",100,"affirmative","path",,"manner","B","car","1","manner_before_path",50.4659351053818,15.5714333424194,TRUE,
"exp2","exp2_024","Neg C 0 C_1",0,"negative","conflated",,"no_motion","C","paper","1","manner_before_path",50.4659351053818,15.5714333424194,TRUE,
"exp2","exp2_024","Neg C C A_1",0,"negative","conflated",,"conflated","A","leaf","1","manner_before_path",50.4659351053818,15.5714333424194,TRUE,
"exp2","exp2_024","Neg C P A_1",100,"negative","conflated",,"path","A","leaf","1","manner_before_path",50.4659351053818,15.5714333424194,TRUE,
"exp2","exp2_024","Neg M 0 B_1",100,"negative","manner",,"no_motion","B","car","1","manner_before_path",50.4659351053818,15.5714333424194,TRUE,
"exp2","exp2_024","Neg M P C_1",100,"negative","manner",,"path","C","paper","1","manner_before_path",50.4659351053818,15.5714333424194,TRUE,
"exp2","exp2_024","Neg P C E_1",0,"negative","path",,"conflated","E","chair","1","manner_before_path",50.4659351053818,15.5714333424194,TRUE,
"exp2","exp2_024","Neg P P E_1",0,"negative","path",,"path","E","chair","1","manner_before_path",50.4659351053818,15.5714333424194,TRUE,
"exp2","exp2_025","Aff C M B_1",80,"affirmative","conflated",,"manner","B","car","1","manner_before_path",42.611262560146,15.5714333424194,TRUE,
"exp2","exp2_025","Aff M M C_1",95,"affirmative","manner",,"manner","C","paper","1","manner_before_path",42.611262560146,15.5714333424194,TRUE,
"exp2","exp2_025","Aff M P A_1",5,"affirmative","manner",,"path","A","leaf","1","manner_before_path",42.611262560146,15.5714333424194,TRUE,
"exp2","exp2_025","Aff P 0 B_1",90,"affirmative","path",,"no_motion","B","car","1","manner_before_path",42.611262560146,15.5714333424194,TRUE,
"exp2","exp2_025","Aff P M E_1",15,"affirmative","path",,"manner","E","chair","1","manner_before_path",42.611262560146,15.5714333424194,TRUE,
"exp2","exp2_025","Neg C 0 A_1",80,"negative","conflated",,"no_motion","A","leaf","1","manner_before_path",42.611262560146,15.5714333424194,TRUE,
"exp2","exp2_025","Neg C C D_1",10,"negative","conflated",,"conflated","D","plank","1","manner_before_path",42.611262560146,15.5714333424194,TRUE,
"exp2","exp2_025","Neg C P D_1",5,"negative","conflated",,"path","D","plank","1","manner_before_path",42.611262560146,15.5714333424194,TRUE,
"exp2","exp2_025","Neg M 0 E_1",95,"negative","manner",,"no_motion","E","chair","1","manner_before_path",42.611262560146,15.5714333424194,TRUE,
"exp2","exp2_025","Neg M P A_1",90,"negative","manner",,"path","A","leaf","1","manner_before_path",42.611262560146,15.5714333424194,TRUE,
"exp2","exp2_025","Neg P C C_1",10,"negative","path",,"conflated","C","paper","1","manner_before_path",42.611262560146,15.5714333424194,TRUE,
"exp2","exp2_025","Neg P P C_1",0,"negative","path",,"path","C","paper","1","manner_before_path",42.611262560146,15.5714333424194,TRUE,
"exp2","exp2_026","Aff C M C_1",19,"affirmative","conflated",,"manner","C","paper","1","manner_before_path",47.3177524505306,15.5714333424194,TRUE,
"exp2","exp2_026","Aff M M D_1",100,"affirmative","manner",,"manner","D","plank","1","manner_before_path",47.3177524505306,15.5714333424194,TRUE,
"exp2","exp2_026","Aff M P B_1",0,"affirmative","manner",,"path","B","car","1","manner_before_path",47.3177524505306,15.5714333424194,TRUE,
"exp2","exp2_026","Aff P 0 C_1",75,"affirmative","path",,"no_motion","C","paper","1","manner_before_path",47.3177524505306,15.5714333424194,TRUE,
"exp2","exp2_026","Aff P M A_1",82,"affirmative","path",,"manner","A","leaf","1","manner_before_path",47.3177524505306,15.5714333424194,TRUE,
"exp2","exp2_026","Neg C 0 B_1",100,"negative","conflated",,"no_motion","B","car","1","manner_before_path",47.3177524505306,15.5714333424194,TRUE,
"exp2","exp2_026","Neg C C E_1",100,"negative","conflated",,"conflated","E","chair","1","manner_before_path",47.3177524505306,15.5714333424194,TRUE,
"exp2","exp2_026","Neg C P E_1",0,"negative","conflated",,"path","E","chair","1","manner_before_path",47.3177524505306,15.5714333424194,TRUE,
"exp2","exp2_026","Neg M 0 A_1",0,"negative","manner",,"no_motion","A","leaf","1","manner_before_path",47.3177524505306,15.5714333424194,TRUE,
"exp2","exp2_026","Neg M P B_1",100,"negative","manner",,"path","B","car","1","manner_before_path",47.3177524505306,15.5714333424194,TRUE,
"exp2","exp2_026","Neg P C D_1",100,"negative","path",,"conflated","D","plank","1","manner_before_path",47.3177524505306,15.5714333424194,TRUE,
"exp2","exp2_026","Neg P P D_1",0,"negative","path",,"path","D","plank","1","manner_before_path",47.3177524505306,15.5714333424194,TRUE,
"exp2","exp2_027","Aff C 0 A_1",12,"affirmative","conflated",,"no_motion","A","leaf","1","manner_before_path",32.023074067417,15.5714333424194,TRUE,
"exp2","exp2_027","Aff C C E_1",40,"affirmative","conflated",,"conflated","E","chair","1","manner_before_path",32.023074067417,15.5714333424194,TRUE,
"exp2","exp2_027","Aff C P A_1",35,"affirmative","conflated",,"path","A","leaf","1","manner_before_path",32.023074067417,15.5714333424194,TRUE,
"exp2","exp2_027","Aff M 0 B_1",100,"affirmative","manner",,"no_motion","B","car","1","manner_before_path",32.023074067417,15.5714333424194,TRUE,
"exp2","exp2_027","Aff M C D_1",56,"affirmative","manner",,"conflated","D","plank","1","manner_before_path",32.023074067417,15.5714333424194,TRUE,
"exp2","exp2_027","Aff P C E_1",8,"affirmative","path",,"conflated","E","chair","1","manner_before_path",32.023074067417,15.5714333424194,TRUE,
"exp2","exp2_027","Aff P P B_1",15,"affirmative","path",,"path","B","car","1","manner_before_path",32.023074067417,15.5714333424194,TRUE,
"exp2","exp2_027","Neg C M E_1",62,"negative","conflated",,"manner","E","chair","1","manner_before_path",32.023074067417,15.5714333424194,TRUE,
"exp2","exp2_027","Neg M C C_1",0,"negative","manner",,"conflated","C","paper","1","manner_before_path",32.023074067417,15.5714333424194,TRUE,
"exp2","exp2_027","Neg M M C_1",0,"negative","manner",,"manner","C","paper","1","manner_before_path",32.023074067417,15.5714333424194,TRUE,
"exp2","exp2_027","Neg P 0 D_1",42,"negative","path",,"no_motion","D","plank","1","manner_before_path",32.023074067417,15.5714333424194,TRUE,
"exp2","exp2_027","Neg P M B_1",77,"negative","path",,"manner","B","car","1","manner_before_path",32.023074067417,15.5714333424194,TRUE,
"exp2","exp2_028","Aff C M A_1",60,"affirmative","conflated",,"manner","A","leaf","1","manner_before_path",28.6303504990241,15.5714333424194,TRUE,
"exp2","exp2_028","Aff M M B_1",100,"affirmative","manner",,"manner","B","car","1","manner_before_path",28.6303504990241,15.5714333424194,TRUE,
"exp2","exp2_028","Aff M P E_1",10,"affirmative","manner",,"path","E","chair","1","manner_before_path",28.6303504990241,15.5714333424194,TRUE,
"exp2","exp2_028","Aff P 0 A_1",55,"affirmative","path",,"no_motion","A","leaf","1","manner_before_path",28.6303504990241,15.5714333424194,TRUE,
"exp2","exp2_028","Aff P M D_1",20,"affirmative","path",,"manner","D","plank","1","manner_before_path",28.6303504990241,15.5714333424194,TRUE,
"exp2","exp2_028","Neg C 0 E_1",10,"negative","conflated",,"no_motion","E","chair","1","manner_before_path",28.6303504990241,15.5714333424194,TRUE,
"exp2","exp2_028","Neg C C C_1",25,"negative","conflated",,"conflated","C","paper","1","manner_before_path",28.6303504990241,15.5714333424194,TRUE,
"exp2","exp2_028","Neg C P C_1",20,"negative","conflated",,"path","C","paper","1","manner_before_path",28.6303504990241,15.5714333424194,TRUE,
"exp2","exp2_028","Neg M 0 D_1",5,"negative","manner",,"no_motion","D","plank","1","manner_before_path",28.6303504990241,15.5714333424194,TRUE,
"exp2","exp2_028","Neg M P E_1",5,"negative","manner",,"path","E","chair","1","manner_before_path",28.6303504990241,15.5714333424194,TRUE,
"exp2","exp2_028","Neg P C B_1",45,"negative","path",,"conflated","B","car","1","manner_before_path",28.6303504990241,15.5714333424194,TRUE,
"exp2","exp2_028","Neg P P B_1",45,"negative","path",,"path","B","car","1","manner_before_path",28.6303504990241,15.5714333424194,TRUE,
"exp2","exp2_029","Aff C 0 B_1",20,"affirmative","conflated",,"no_motion","B","car","1","manner_before_path",25.8402727727417,15.5714333424194,TRUE,
"exp2","exp2_029","Aff C C A_1",4,"affirmative","conflated",,"conflated","A","leaf","1","manner_before_path",25.8402727727417,15.5714333424194,TRUE,
"exp2","exp2_029","Aff C P B_1",39,"affirmative","conflated",,"path","B","car","1","manner_before_path",25.8402727727417,15.5714333424194,TRUE,
"exp2","exp2_029","Aff M 0 C_1",50,"affirmative","manner",,"no_motion","C","paper","1","manner_before_path",25.8402727727417,15.5714333424194,TRUE,
"exp2","exp2_029","Aff M C E_1",65,"affirmative","manner",,"conflated","E","chair","1","manner_before_path",25.8402727727417,15.5714333424194,TRUE,
"exp2","exp2_029","Aff P C A_1",51,"affirmative","path",,"conflated","A","leaf","1","manner_before_path",25.8402727727417,15.5714333424194,TRUE,
"exp2","exp2_029","Aff P P C_1",14,"affirmative","path",,"path","C","paper","1","manner_before_path",25.8402727727417,15.5714333424194,TRUE,
"exp2","exp2_029","Neg C M A_1",4,"negative","conflated",,"manner","A","leaf","1","manner_before_path",25.8402727727417,15.5714333424194,TRUE,
"exp2","exp2_029","Neg M C D_1",3,"negative","manner",,"conflated","D","plank","1","manner_before_path",25.8402727727417,15.5714333424194,TRUE,
"exp2","exp2_029","Neg M M D_1",64,"negative","manner",,"manner","D","plank","1","manner_before_path",25.8402727727417,15.5714333424194,TRUE,
"exp2","exp2_029","Neg P 0 E_1",65,"negative","path",,"no_motion","E","chair","1","manner_before_path",25.8402727727417,15.5714333424194,TRUE,
"exp2","exp2_029","Neg P M C_1",60,"negative","path",,"manner","C","paper","1","manner_before_path",25.8402727727417,15.5714333424194,TRUE,
"exp2","exp2_030","Aff C M E_1",20,"affirmative","conflated",,"manner","E","chair","1","manner_before_path",13.0824888745038,15.5714333424194,FALSE,"low_response_variability"
"exp2","exp2_030","Aff M M A_1",44,"affirmative","manner",,"manner","A","leaf","1","manner_before_path",13.0824888745038,15.5714333424194,FALSE,"low_response_variability"
"exp2","exp2_030","Aff M P D_1",11,"affirmative","manner",,"path","D","plank","1","manner_before_path",13.0824888745038,15.5714333424194,FALSE,"low_response_variability"
"exp2","exp2_030","Aff P 0 E_1",25,"affirmative","path",,"no_motion","E","chair","1","manner_before_path",13.0824888745038,15.5714333424194,FALSE,"low_response_variability"
"exp2","exp2_030","Aff P M C_1",33,"affirmative","path",,"manner","C","paper","1","manner_before_path",13.0824888745038,15.5714333424194,FALSE,"low_response_variability"
"exp2","exp2_030","Neg C 0 D_1",0,"negative","conflated",,"no_motion","D","plank","1","manner_before_path",13.0824888745038,15.5714333424194,FALSE,"low_response_variability"
"exp2","exp2_030","Neg C C B_1",13,"negative","conflated",,"conflated","B","car","1","manner_before_path",13.0824888745038,15.5714333424194,FALSE,"low_response_variability"
"exp2","exp2_030","Neg C P B_1",7,"negative","conflated",,"path","B","car","1","manner_before_path",13.0824888745038,15.5714333424194,FALSE,"low_response_variability"
"exp2","exp2_030","Neg M 0 C_1",33,"negative","manner",,"no_motion","C","paper","1","manner_before_path",13.0824888745038,15.5714333424194,FALSE,"low_response_variability"
"exp2","exp2_030","Neg M P D_1",24,"negative","manner",,"path","D","plank","1","manner_before_path",13.0824888745038,15.5714333424194,FALSE,"low_response_variability"
"exp2","exp2_030","Neg P C A_1",25,"negative","path",,"conflated","A","leaf","1","manner_before_path",13.0824888745038,15.5714333424194,FALSE,"low_response_variability"
"exp2","exp2_030","Neg P P A_1",37,"negative","path",,"path","A","leaf","1","manner_before_path",13.0824888745038,15.5714333424194,FALSE,"low_response_variability"
"exp2","exp2_031","Aff C 0 A_1",27,"affirmative","conflated",,"no_motion","A","leaf","1","manner_before_path",33.5246404179301,15.5714333424194,TRUE,
"exp2","exp2_031","Aff C C E_1",75,"affirmative","conflated",,"conflated","E","chair","1","manner_before_path",33.5246404179301,15.5714333424194,TRUE,
"exp2","exp2_031","Aff C P A_1",0,"affirmative","conflated",,"path","A","leaf","1","manner_before_path",33.5246404179301,15.5714333424194,TRUE,
"exp2","exp2_031","Aff M 0 B_1",0,"affirmative","manner",,"no_motion","B","car","1","manner_before_path",33.5246404179301,15.5714333424194,TRUE,
"exp2","exp2_031","Aff M C D_1",68,"affirmative","manner",,"conflated","D","plank","1","manner_before_path",33.5246404179301,15.5714333424194,TRUE,
"exp2","exp2_031","Aff P C E_1",5,"affirmative","path",,"conflated","E","chair","1","manner_before_path",33.5246404179301,15.5714333424194,TRUE,
"exp2","exp2_031","Aff P P B_1",68,"affirmative","path",,"path","B","car","1","manner_before_path",33.5246404179301,15.5714333424194,TRUE,
"exp2","exp2_031","Neg C M E_1",0,"negative","conflated",,"manner","E","chair","1","manner_before_path",33.5246404179301,15.5714333424194,TRUE,
"exp2","exp2_031","Neg M C C_1",0,"negative","manner",,"conflated","C","paper","1","manner_before_path",33.5246404179301,15.5714333424194,TRUE,
"exp2","exp2_031","Neg M M C_1",0,"negative","manner",,"manner","C","paper","1","manner_before_path",33.5246404179301,15.5714333424194,TRUE,
"exp2","exp2_031","Neg P 0 D_1",0,"negative","path",,"no_motion","D","plank","1","manner_before_path",33.5246404179301,15.5714333424194,TRUE,
"exp2","exp2_031","Neg P M B_1",70,"negative","path",,"manner","B","car","1","manner_before_path",33.5246404179301,15.5714333424194,TRUE,
"exp2","exp2_032","Aff C M C_1",0,"affirmative","conflated",,"manner","C","paper","1","manner_before_path",47.9471773745006,15.5714333424194,TRUE,
"exp2","exp2_032","Aff M M D_1",89,"affirmative","manner",,"manner","D","plank","1","manner_before_path",47.9471773745006,15.5714333424194,TRUE,
"exp2","exp2_032","Aff M P B_1",6,"affirmative","manner",,"path","B","car","1","manner_before_path",47.9471773745006,15.5714333424194,TRUE,
"exp2","exp2_032","Aff P 0 C_1",0,"affirmative","path",,"no_motion","C","paper","1","manner_before_path",47.9471773745006,15.5714333424194,TRUE,
"exp2","exp2_032","Aff P M A_1",0,"affirmative","path",,"manner","A","leaf","1","manner_before_path",47.9471773745006,15.5714333424194,TRUE,
"exp2","exp2_032","Neg C 0 B_1",100,"negative","conflated",,"no_motion","B","car","1","manner_before_path",47.9471773745006,15.5714333424194,TRUE,
"exp2","exp2_032","Neg C C E_1",100,"negative","conflated",,"conflated","E","chair","1","manner_before_path",47.9471773745006,15.5714333424194,TRUE,
"exp2","exp2_032","Neg C P E_1",100,"negative","conflated",,"path","E","chair","1","manner_before_path",47.9471773745006,15.5714333424194,TRUE,
"exp2","exp2_032","Neg M 0 A_1",100,"negative","manner",,"no_motion","A","leaf","1","manner_before_path",47.9471773745006,15.5714333424194,TRUE,
"exp2","exp2_032","Neg M P B_1",100,"negative","manner",,"path","B","car","1","manner_before_path",47.9471773745006,15.5714333424194,TRUE,
"exp2","exp2_032","Neg P C D_1",100,"negative","path",,"conflated","D","plank","1","manner_before_path",47.9471773745006,15.5714333424194,TRUE,
"exp2","exp2_032","Neg P P D_1",100,"negative","path",,"path","D","plank","1","manner_before_path",47.9471773745006,15.5714333424194,TRUE,
"exp2","exp2_033","Aff C M A_1",30,"affirmative","conflated",,"manner","A","leaf","1","manner_before_path",39.4434770118949,15.5714333424194,TRUE,
"exp2","exp2_033","Aff M M B_1",90,"affirmative","manner",,"manner","B","car","1","manner_before_path",39.4434770118949,15.5714333424194,TRUE,
"exp2","exp2_033","Aff M P E_1",0,"affirmative","manner",,"path","E","chair","1","manner_before_path",39.4434770118949,15.5714333424194,TRUE,
"exp2","exp2_033","Aff P 0 A_1",0,"affirmative","path",,"no_motion","A","leaf","1","manner_before_path",39.4434770118949,15.5714333424194,TRUE,
"exp2","exp2_033","Aff P M D_1",50,"affirmative","path",,"manner","D","plank","1","manner_before_path",39.4434770118949,15.5714333424194,TRUE,
"exp2","exp2_033","Neg C 0 E_1",100,"negative","conflated",,"no_motion","E","chair","1","manner_before_path",39.4434770118949,15.5714333424194,TRUE,
"exp2","exp2_033","Neg C C C_1",0,"negative","conflated",,"conflated","C","paper","1","manner_before_path",39.4434770118949,15.5714333424194,TRUE,
"exp2","exp2_033","Neg C P C_1",87,"negative","conflated",,"path","C","paper","1","manner_before_path",39.4434770118949,15.5714333424194,TRUE,
"exp2","exp2_033","Neg M 0 D_1",100,"negative","manner",,"no_motion","D","plank","1","manner_before_path",39.4434770118949,15.5714333424194,TRUE,
"exp2","exp2_033","Neg M P E_1",30,"negative","manner",,"path","E","chair","1","manner_before_path",39.4434770118949,15.5714333424194,TRUE,
"exp2","exp2_033","Neg P C B_1",35,"negative","path",,"conflated","B","car","1","manner_before_path",39.4434770118949,15.5714333424194,TRUE,
"exp2","exp2_033","Neg P P B_1",20,"negative","path",,"path","B","car","1","manner_before_path",39.4434770118949,15.5714333424194,TRUE,
"exp2","exp2_034","Aff C 0 D_1",0,"affirmative","conflated",,"no_motion","D","plank","1","manner_before_path",35.4592168639701,15.5714333424194,TRUE,
"exp2","exp2_034","Aff C C C_1",0,"affirmative","conflated",,"conflated","C","paper","1","manner_before_path",35.4592168639701,15.5714333424194,TRUE,
"exp2","exp2_034","Aff C P D_1",0,"affirmative","conflated",,"path","D","plank","1","manner_before_path",35.4592168639701,15.5714333424194,TRUE,
"exp2","exp2_034","Aff M 0 E_1",0,"affirmative","manner",,"no_motion","E","chair","1","manner_before_path",35.4592168639701,15.5714333424194,TRUE,
"exp2","exp2_034","Aff M C B_1",0,"affirmative","manner",,"conflated","B","car","1","manner_before_path",35.4592168639701,15.5714333424194,TRUE,
"exp2","exp2_034","Aff P C C_1",81,"affirmative","path",,"conflated","C","paper","1","manner_before_path",35.4592168639701,15.5714333424194,TRUE,
"exp2","exp2_034","Aff P P E_1",0,"affirmative","path",,"path","E","chair","1","manner_before_path",35.4592168639701,15.5714333424194,TRUE,
"exp2","exp2_034","Neg C M D_1",0,"negative","conflated",,"manner","D","plank","1","manner_before_path",35.4592168639701,15.5714333424194,TRUE,
"exp2","exp2_034","Neg M C A_1",0,"negative","manner",,"conflated","A","leaf","1","manner_before_path",35.4592168639701,15.5714333424194,TRUE,
"exp2","exp2_034","Neg M M A_1",0,"negative","manner",,"manner","A","leaf","1","manner_before_path",35.4592168639701,15.5714333424194,TRUE,
"exp2","exp2_034","Neg P 0 B_1",0,"negative","path",,"no_motion","B","car","1","manner_before_path",35.4592168639701,15.5714333424194,TRUE,
"exp2","exp2_034","Neg P M E_1",100,"negative","path",,"manner","E","chair","1","manner_before_path",35.4592168639701,15.5714333424194,TRUE,
"exp2","exp2_035","Aff C M E_1",33,"affirmative","conflated",,"manner","E","chair","1","manner_before_path",11.8510324316901,15.5714333424194,FALSE,"low_response_variability"
"exp2","exp2_035","Aff M M A_1",26,"affirmative","manner",,"manner","A","leaf","1","manner_before_path",11.8510324316901,15.5714333424194,FALSE,"low_response_variability"
"exp2","exp2_035","Aff M P D_1",6,"affirmative","manner",,"path","D","plank","1","manner_before_path",11.8510324316901,15.5714333424194,FALSE,"low_response_variability"
"exp2","exp2_035","Aff P 0 E_1",0,"affirmative","path",,"no_motion","E","chair","1","manner_before_path",11.8510324316901,15.5714333424194,FALSE,"low_response_variability"
"exp2","exp2_035","Aff P M C_1",3,"affirmative","path",,"manner","C","paper","1","manner_before_path",11.8510324316901,15.5714333424194,FALSE,"low_response_variability"
"exp2","exp2_035","Neg C 0 D_1",7,"negative","conflated",,"no_motion","D","plank","1","manner_before_path",11.8510324316901,15.5714333424194,FALSE,"low_response_variability"
"exp2","exp2_035","Neg C C B_1",0,"negative","conflated",,"conflated","B","car","1","manner_before_path",11.8510324316901,15.5714333424194,FALSE,"low_response_variability"
"exp2","exp2_035","Neg C P B_1",22,"negative","conflated",,"path","B","car","1","manner_before_path",11.8510324316901,15.5714333424194,FALSE,"low_response_variability"
"exp2","exp2_035","Neg M 0 C_1",12,"negative","manner",,"no_motion","C","paper","1","manner_before_path",11.8510324316901,15.5714333424194,FALSE,"low_response_variability"
"exp2","exp2_035","Neg M P D_1",22,"negative","manner",,"path","D","plank","1","manner_before_path",11.8510324316901,15.5714333424194,FALSE,"low_response_variability"
"exp2","exp2_035","Neg P C A_1",24,"negative","path",,"conflated","A","leaf","1","manner_before_path",11.8510324316901,15.5714333424194,FALSE,"low_response_variability"
"exp2","exp2_035","Neg P P A_1",0,"negative","path",,"path","A","leaf","1","manner_before_path",11.8510324316901,15.5714333424194,FALSE,"low_response_variability"
"exp2","exp2_036","Aff C 0 C_1",0,"affirmative","conflated",,"no_motion","C","paper","1","manner_before_path",47.1036092035419,15.5714333424194,TRUE,
"exp2","exp2_036","Aff C C B_1",20,"affirmative","conflated",,"conflated","B","car","1","manner_before_path",47.1036092035419,15.5714333424194,TRUE,
"exp2","exp2_036","Aff C P C_1",0,"affirmative","conflated",,"path","C","paper","1","manner_before_path",47.1036092035419,15.5714333424194,TRUE,
"exp2","exp2_036","Aff M 0 D_1",0,"affirmative","manner",,"no_motion","D","plank","1","manner_before_path",47.1036092035419,15.5714333424194,TRUE,
"exp2","exp2_036","Aff M C A_1",94,"affirmative","manner",,"conflated","A","leaf","1","manner_before_path",47.1036092035419,15.5714333424194,TRUE,
"exp2","exp2_036","Aff P C B_1",100,"affirmative","path",,"conflated","B","car","1","manner_before_path",47.1036092035419,15.5714333424194,TRUE,
"exp2","exp2_036","Aff P P D_1",100,"affirmative","path",,"path","D","plank","1","manner_before_path",47.1036092035419,15.5714333424194,TRUE,
"exp2","exp2_036","Neg C M B_1",0,"negative","conflated",,"manner","B","car","1","manner_before_path",47.1036092035419,15.5714333424194,TRUE,
"exp2","exp2_036","Neg M C E_1",0,"negative","manner",,"conflated","E","chair","1","manner_before_path",47.1036092035419,15.5714333424194,TRUE,
"exp2","exp2_036","Neg M M E_1",0,"negative","manner",,"manner","E","chair","1","manner_before_path",47.1036092035419,15.5714333424194,TRUE,
"exp2","exp2_036","Neg P 0 A_1",100,"negative","path",,"no_motion","A","leaf","1","manner_before_path",47.1036092035419,15.5714333424194,TRUE,
"exp2","exp2_036","Neg P M D_1",9,"negative","path",,"manner","D","plank","1","manner_before_path",47.1036092035419,15.5714333424194,TRUE,
"exp2","exp2_037","Aff C M C_1",87,"affirmative","conflated",,"manner","C","paper","1","manner_before_path",24.720253014298,15.5714333424194,TRUE,
"exp2","exp2_037","Aff M M D_1",27,"affirmative","manner",,"manner","D","plank","1","manner_before_path",24.720253014298,15.5714333424194,TRUE,
"exp2","exp2_037","Aff M P B_1",34,"affirmative","manner",,"path","B","car","1","manner_before_path",24.720253014298,15.5714333424194,TRUE,
"exp2","exp2_037","Aff P 0 C_1",42,"affirmative","path",,"no_motion","C","paper","1","manner_before_path",24.720253014298,15.5714333424194,TRUE,
"exp2","exp2_037","Aff P M A_1",41,"affirmative","path",,"manner","A","leaf","1","manner_before_path",24.720253014298,15.5714333424194,TRUE,
"exp2","exp2_037","Neg C 0 B_1",98,"negative","conflated",,"no_motion","B","car","1","manner_before_path",24.720253014298,15.5714333424194,TRUE,
"exp2","exp2_037","Neg C C E_1",45,"negative","conflated",,"conflated","E","chair","1","manner_before_path",24.720253014298,15.5714333424194,TRUE,
"exp2","exp2_037","Neg C P E_1",65,"negative","conflated",,"path","E","chair","1","manner_before_path",24.720253014298,15.5714333424194,TRUE,
"exp2","exp2_037","Neg M 0 A_1",96,"negative","manner",,"no_motion","A","leaf","1","manner_before_path",24.720253014298,15.5714333424194,TRUE,
"exp2","exp2_037","Neg M P B_1",60,"negative","manner",,"path","B","car","1","manner_before_path",24.720253014298,15.5714333424194,TRUE,
"exp2","exp2_037","Neg P C D_1",36,"negative","path",,"conflated","D","plank","1","manner_before_path",24.720253014298,15.5714333424194,TRUE,
"exp2","exp2_037","Neg P P D_1",65,"negative","path",,"path","D","plank","1","manner_before_path",24.720253014298,15.5714333424194,TRUE,
"exp2","exp2_038","Aff C M D_1",67,"affirmative","conflated",,"manner","D","plank","1","manner_before_path",31.813257194656,15.5714333424194,TRUE,
"exp2","exp2_038","Aff M M E_1",84,"affirmative","manner",,"manner","E","chair","1","manner_before_path",31.813257194656,15.5714333424194,TRUE,
"exp2","exp2_038","Aff M P C_1",88,"affirmative","manner",,"path","C","paper","1","manner_before_path",31.813257194656,15.5714333424194,TRUE,
"exp2","exp2_038","Aff P 0 D_1",0,"affirmative","path",,"no_motion","D","plank","1","manner_before_path",31.813257194656,15.5714333424194,TRUE,
"exp2","exp2_038","Aff P M B_1",63,"affirmative","path",,"manner","B","car","1","manner_before_path",31.813257194656,15.5714333424194,TRUE,
"exp2","exp2_038","Neg C 0 C_1",96,"negative","conflated",,"no_motion","C","paper","1","manner_before_path",31.813257194656,15.5714333424194,TRUE,
"exp2","exp2_038","Neg C C A_1",77,"negative","conflated",,"conflated","A","leaf","1","manner_before_path",31.813257194656,15.5714333424194,TRUE,
"exp2","exp2_038","Neg C P A_1",93,"negative","conflated",,"path","A","leaf","1","manner_before_path",31.813257194656,15.5714333424194,TRUE,
"exp2","exp2_038","Neg M 0 B_1",50,"negative","manner",,"no_motion","B","car","1","manner_before_path",31.813257194656,15.5714333424194,TRUE,
"exp2","exp2_038","Neg M P C_1",85,"negative","manner",,"path","C","paper","1","manner_before_path",31.813257194656,15.5714333424194,TRUE,
"exp2","exp2_038","Neg P C E_1",60,"negative","path",,"conflated","E","chair","1","manner_before_path",31.813257194656,15.5714333424194,TRUE,
"exp2","exp2_038","Neg P P E_1",6,"negative","path",,"path","E","chair","1","manner_before_path",31.813257194656,15.5714333424194,TRUE,
"exp2","exp2_039","Aff C 0 B_1",0,"affirmative","conflated",,"no_motion","B","car","1","manner_before_path",37.0208786301116,15.5714333424194,TRUE,
"exp2","exp2_039","Aff C C A_1",83,"affirmative","conflated",,"conflated","A","leaf","1","manner_before_path",37.0208786301116,15.5714333424194,TRUE,
"exp2","exp2_039","Aff C P B_1",29,"affirmative","conflated",,"path","B","car","1","manner_before_path",37.0208786301116,15.5714333424194,TRUE,
"exp2","exp2_039","Aff M 0 C_1",21,"affirmative","manner",,"no_motion","C","paper","1","manner_before_path",37.0208786301116,15.5714333424194,TRUE,
"exp2","exp2_039","Aff M C E_1",98,"affirmative","manner",,"conflated","E","chair","1","manner_before_path",37.0208786301116,15.5714333424194,TRUE,
"exp2","exp2_039","Aff P C A_1",83,"affirmative","path",,"conflated","A","leaf","1","manner_before_path",37.0208786301116,15.5714333424194,TRUE,
"exp2","exp2_039","Aff P P C_1",85,"affirmative","path",,"path","C","paper","1","manner_before_path",37.0208786301116,15.5714333424194,TRUE,
"exp2","exp2_039","Neg C M A_1",97,"negative","conflated",,"manner","A","leaf","1","manner_before_path",37.0208786301116,15.5714333424194,TRUE,
"exp2","exp2_039","Neg M C D_1",29,"negative","manner",,"conflated","D","plank","1","manner_before_path",37.0208786301116,15.5714333424194,TRUE,
"exp2","exp2_039","Neg M M D_1",28,"negative","manner",,"manner","D","plank","1","manner_before_path",37.0208786301116,15.5714333424194,TRUE,
"exp2","exp2_039","Neg P 0 E_1",100,"negative","path",,"no_motion","E","chair","1","manner_before_path",37.0208786301116,15.5714333424194,TRUE,
"exp2","exp2_039","Neg P M C_1",91,"negative","path",,"manner","C","paper","1","manner_before_path",37.0208786301116,15.5714333424194,TRUE,
"exp2","exp2_040","Aff C 0 D_1",0,"affirmative","conflated",,"no_motion","D","plank","1","manner_before_path",47.9490733629299,15.5714333424194,TRUE,
"exp2","exp2_040","Aff C C C_1",100,"affirmative","conflated",,"conflated","C","paper","1","manner_before_path",47.9490733629299,15.5714333424194,TRUE,
"exp2","exp2_040","Aff C P D_1",4,"affirmative","conflated",,"path","D","plank","1","manner_before_path",47.9490733629299,15.5714333424194,TRUE,
"exp2","exp2_040","Aff M 0 E_1",0,"affirmative","manner",,"no_motion","E","chair","1","manner_before_path",47.9490733629299,15.5714333424194,TRUE,
"exp2","exp2_040","Aff M C B_1",98,"affirmative","manner",,"conflated","B","car","1","manner_before_path",47.9490733629299,15.5714333424194,TRUE,
"exp2","exp2_040","Aff P C C_1",99,"affirmative","path",,"conflated","C","paper","1","manner_before_path",47.9490733629299,15.5714333424194,TRUE,
"exp2","exp2_040","Aff P P E_1",100,"affirmative","path",,"path","E","chair","1","manner_before_path",47.9490733629299,15.5714333424194,TRUE,
"exp2","exp2_040","Neg C M D_1",0,"negative","conflated",,"manner","D","plank","1","manner_before_path",47.9490733629299,15.5714333424194,TRUE,
"exp2","exp2_040","Neg M C A_1",0,"negative","manner",,"conflated","A","leaf","1","manner_before_path",47.9490733629299,15.5714333424194,TRUE,
"exp2","exp2_040","Neg M M A_1",73,"negative","manner",,"manner","A","leaf","1","manner_before_path",47.9490733629299,15.5714333424194,TRUE,
"exp2","exp2_040","Neg P 0 B_1",100,"negative","path",,"no_motion","B","car","1","manner_before_path",47.9490733629299,15.5714333424194,TRUE,
"exp2","exp2_040","Neg P M E_1",29,"negative","path",,"manner","E","chair","1","manner_before_path",47.9490733629299,15.5714333424194,TRUE,
"exp2","exp2_041","Aff C 0 D_1",0,"affirmative","conflated",,"no_motion","D","plank","1","manner_before_path",39.5183118275183,15.5714333424194,TRUE,
"exp2","exp2_041","Aff C C C_1",100,"affirmative","conflated",,"conflated","C","paper","1","manner_before_path",39.5183118275183,15.5714333424194,TRUE,
"exp2","exp2_041","Aff C P D_1",4,"affirmative","conflated",,"path","D","plank","1","manner_before_path",39.5183118275183,15.5714333424194,TRUE,
"exp2","exp2_041","Aff M 0 E_1",0,"affirmative","manner",,"no_motion","E","chair","1","manner_before_path",39.5183118275183,15.5714333424194,TRUE,
"exp2","exp2_041","Aff M C B_1",67,"affirmative","manner",,"conflated","B","car","1","manner_before_path",39.5183118275183,15.5714333424194,TRUE,
"exp2","exp2_041","Aff P C C_1",89,"affirmative","path",,"conflated","C","paper","1","manner_before_path",39.5183118275183,15.5714333424194,TRUE,
"exp2","exp2_041","Aff P P E_1",96,"affirmative","path",,"path","E","chair","1","manner_before_path",39.5183118275183,15.5714333424194,TRUE,
"exp2","exp2_041","Neg C M D_1",2,"negative","conflated",,"manner","D","plank","1","manner_before_path",39.5183118275183,15.5714333424194,TRUE,
"exp2","exp2_041","Neg M C A_1",35,"negative","manner",,"conflated","A","leaf","1","manner_before_path",39.5183118275183,15.5714333424194,TRUE,
"exp2","exp2_041","Neg M M A_1",8,"negative","manner",,"manner","A","leaf","1","manner_before_path",39.5183118275183,15.5714333424194,TRUE,
"exp2","exp2_041","Neg P 0 B_1",50,"negative","path",,"no_motion","B","car","1","manner_before_path",39.5183118275183,15.5714333424194,TRUE,
"exp2","exp2_041","Neg P M E_1",25,"negative","path",,"manner","E","chair","1","manner_before_path",39.5183118275183,15.5714333424194,TRUE,
"exp2","exp2_042","Aff C 0 C_1",29,"affirmative","conflated",,"no_motion","C","paper","1","manner_before_path",19.7643312024158,15.5714333424194,TRUE,
"exp2","exp2_042","Aff C C B_1",61,"affirmative","conflated",,"conflated","B","car","1","manner_before_path",19.7643312024158,15.5714333424194,TRUE,
"exp2","exp2_042","Aff C P C_1",48,"affirmative","conflated",,"path","C","paper","1","manner_before_path",19.7643312024158,15.5714333424194,TRUE,
"exp2","exp2_042","Aff M 0 D_1",58,"affirmative","manner",,"no_motion","D","plank","1","manner_before_path",19.7643312024158,15.5714333424194,TRUE,
"exp2","exp2_042","Aff M C A_1",30,"affirmative","manner",,"conflated","A","leaf","1","manner_before_path",19.7643312024158,15.5714333424194,TRUE,
"exp2","exp2_042","Aff P C B_1",79,"affirmative","path",,"conflated","B","car","1","manner_before_path",19.7643312024158,15.5714333424194,TRUE,
"exp2","exp2_042","Aff P P D_1",67,"affirmative","path",,"path","D","plank","1","manner_before_path",19.7643312024158,15.5714333424194,TRUE,
"exp2","exp2_042","Neg C M B_1",34,"negative","conflated",,"manner","B","car","1","manner_before_path",19.7643312024158,15.5714333424194,TRUE,
"exp2","exp2_042","Neg M C E_1",31,"negative","manner",,"conflated","E","chair","1","manner_before_path",19.7643312024158,15.5714333424194,TRUE,
"exp2","exp2_042","Neg M M E_1",29,"negative","manner",,"manner","E","chair","1","manner_before_path",19.7643312024158,15.5714333424194,TRUE,
"exp2","exp2_042","Neg P 0 A_1",30,"negative","path",,"no_motion","A","leaf","1","manner_before_path",19.7643312024158,15.5714333424194,TRUE,
"exp2","exp2_042","Neg P M D_1",13,"negative","path",,"manner","D","plank","1","manner_before_path",19.7643312024158,15.5714333424194,TRUE,
"exp2","exp2_043","Aff C 0 E_1",0,"affirmative","conflated",,"no_motion","E","chair","1","manner_before_path",45.2718221279846,15.5714333424194,TRUE,
"exp2","exp2_043","Aff C C D_1",60,"affirmative","conflated",,"conflated","D","plank","1","manner_before_path",45.2718221279846,15.5714333424194,TRUE,
"exp2","exp2_043","Aff C P E_1",0,"affirmative","conflated",,"path","E","chair","1","manner_before_path",45.2718221279846,15.5714333424194,TRUE,
"exp2","exp2_043","Aff M 0 A_1",0,"affirmative","manner",,"no_motion","A","leaf","1","manner_before_path",45.2718221279846,15.5714333424194,TRUE,
"exp2","exp2_043","Aff M C C_1",100,"affirmative","manner",,"conflated","C","paper","1","manner_before_path",45.2718221279846,15.5714333424194,TRUE,
"exp2","exp2_043","Aff P C D_1",0,"affirmative","path",,"conflated","D","plank","1","manner_before_path",45.2718221279846,15.5714333424194,TRUE,
"exp2","exp2_043","Aff P P A_6",100,"affirmative","path",,"path","A","leaf","6","manner_before_path",45.2718221279846,15.5714333424194,TRUE,
"exp2","exp2_043","Neg C M C_1",0,"negative","conflated",,"manner","C","paper","1","manner_before_path",45.2718221279846,15.5714333424194,TRUE,
"exp2","exp2_043","Neg M C B_1",2,"negative","manner",,"conflated","B","car","1","manner_before_path",45.2718221279846,15.5714333424194,TRUE,
"exp2","exp2_043","Neg M M B_1",0,"negative","manner",,"manner","B","car","1","manner_before_path",45.2718221279846,15.5714333424194,TRUE,
"exp2","exp2_043","Neg P 0 C_1",99,"negative","path",,"no_motion","C","paper","1","manner_before_path",45.2718221279846,15.5714333424194,TRUE,
"exp2","exp2_043","Neg P M A_1",0,"negative","path",,"manner","A","leaf","1","manner_before_path",45.2718221279846,15.5714333424194,TRUE,
"exp2","exp2_044","Aff C 0 E_1",32,"affirmative","conflated",,"no_motion","E","chair","1","manner_before_path",34.5871757631745,15.5714333424194,TRUE,
"exp2","exp2_044","Aff C C D_1",85,"affirmative","conflated",,"conflated","D","plank","1","manner_before_path",34.5871757631745,15.5714333424194,TRUE,
"exp2","exp2_044","Aff C P E_1",7,"affirmative","conflated",,"path","E","chair","1","manner_before_path",34.5871757631745,15.5714333424194,TRUE,
"exp2","exp2_044","Aff M 0 A_1",84,"affirmative","manner",,"no_motion","A","leaf","1","manner_before_path",34.5871757631745,15.5714333424194,TRUE,
"exp2","exp2_044","Aff M C C_1",75,"affirmative","manner",,"conflated","C","paper","1","manner_before_path",34.5871757631745,15.5714333424194,TRUE,
"exp2","exp2_044","Aff P C D_1",16,"affirmative","path",,"conflated","D","plank","1","manner_before_path",34.5871757631745,15.5714333424194,TRUE,
"exp2","exp2_044","Aff P P A_6",97,"affirmative","path",,"path","A","leaf","6","manner_before_path",34.5871757631745,15.5714333424194,TRUE,
"exp2","exp2_044","Neg C M C_1",18,"negative","conflated",,"manner","C","paper","1","manner_before_path",34.5871757631745,15.5714333424194,TRUE,
"exp2","exp2_044","Neg M C B_1",28,"negative","manner",,"conflated","B","car","1","manner_before_path",34.5871757631745,15.5714333424194,TRUE,
"exp2","exp2_044","Neg M M B_1",63,"negative","manner",,"manner","B","car","1","manner_before_path",34.5871757631745,15.5714333424194,TRUE,
"exp2","exp2_044","Neg P 0 C_1",93,"negative","path",,"no_motion","C","paper","1","manner_before_path",34.5871757631745,15.5714333424194,TRUE,
"exp2","exp2_044","Neg P M A_1",92,"negative","path",,"manner","A","leaf","1","manner_before_path",34.5871757631745,15.5714333424194,TRUE,
"exp2","exp2_045","Aff C 0 A_1",44,"affirmative","conflated",,"no_motion","A","leaf","1","manner_before_path",23.3411783348786,15.5714333424194,TRUE,
"exp2","exp2_045","Aff C C E_1",91,"affirmative","conflated",,"conflated","E","chair","1","manner_before_path",23.3411783348786,15.5714333424194,TRUE,
"exp2","exp2_045","Aff C P A_1",84,"affirmative","conflated",,"path","A","leaf","1","manner_before_path",23.3411783348786,15.5714333424194,TRUE,
"exp2","exp2_045","Aff M 0 B_1",81,"affirmative","manner",,"no_motion","B","car","1","manner_before_path",23.3411783348786,15.5714333424194,TRUE,
"exp2","exp2_045","Aff M C D_1",79,"affirmative","manner",,"conflated","D","plank","1","manner_before_path",23.3411783348786,15.5714333424194,TRUE,
"exp2","exp2_045","Aff P C E_1",85,"affirmative","path",,"conflated","E","chair","1","manner_before_path",23.3411783348786,15.5714333424194,TRUE,
"exp2","exp2_045","Aff P P B_1",84,"affirmative","path",,"path","B","car","1","manner_before_path",23.3411783348786,15.5714333424194,TRUE,
"exp2","exp2_045","Neg C M E_1",81,"negative","conflated",,"manner","E","chair","1","manner_before_path",23.3411783348786,15.5714333424194,TRUE,
"exp2","exp2_045","Neg M C C_1",41,"negative","manner",,"conflated","C","paper","1","manner_before_path",23.3411783348786,15.5714333424194,TRUE,
"exp2","exp2_045","Neg M M C_1",42,"negative","manner",,"manner","C","paper","1","manner_before_path",23.3411783348786,15.5714333424194,TRUE,
"exp2","exp2_045","Neg P 0 D_1",24,"negative","path",,"no_motion","D","plank","1","manner_before_path",23.3411783348786,15.5714333424194,TRUE,
"exp2","exp2_045","Neg P M B_1",85,"negative","path",,"manner","B","car","1","manner_before_path",23.3411783348786,15.5714333424194,TRUE,
"exp2","exp2_046","Aff C 0 E_1",1,"affirmative","conflated",,"no_motion","E","chair","1","manner_before_path",37.9244663972369,15.5714333424194,TRUE,
"exp2","exp2_046","Aff C C D_1",69,"affirmative","conflated",,"conflated","D","plank","1","manner_before_path",37.9244663972369,15.5714333424194,TRUE,
"exp2","exp2_046","Aff C P E_1",26,"affirmative","conflated",,"path","E","chair","1","manner_before_path",37.9244663972369,15.5714333424194,TRUE,
"exp2","exp2_046","Aff M 0 A_1",0,"affirmative","manner",,"no_motion","A","leaf","1","manner_before_path",37.9244663972369,15.5714333424194,TRUE,
"exp2","exp2_046","Aff M C C_1",100,"affirmative","manner",,"conflated","C","paper","1","manner_before_path",37.9244663972369,15.5714333424194,TRUE,
"exp2","exp2_046","Aff P C D_1",55,"affirmative","path",,"conflated","D","plank","1","manner_before_path",37.9244663972369,15.5714333424194,TRUE,
"exp2","exp2_046","Aff P P A_6",100,"affirmative","path",,"path","A","leaf","6","manner_before_path",37.9244663972369,15.5714333424194,TRUE,
"exp2","exp2_046","Neg C M C_1",36,"negative","conflated",,"manner","C","paper","1","manner_before_path",37.9244663972369,15.5714333424194,TRUE,
"exp2","exp2_046","Neg M C B_1",0,"negative","manner",,"conflated","B","car","1","manner_before_path",37.9244663972369,15.5714333424194,TRUE,
"exp2","exp2_046","Neg M M B_1",7,"negative","manner",,"manner","B","car","1","manner_before_path",37.9244663972369,15.5714333424194,TRUE,
"exp2","exp2_046","Neg P 0 C_1",78,"negative","path",,"no_motion","C","paper","1","manner_before_path",37.9244663972369,15.5714333424194,TRUE,
"exp2","exp2_046","Neg P M A_1",57,"negative","path",,"manner","A","leaf","1","manner_before_path",37.9244663972369,15.5714333424194,TRUE,
"exp2","exp2_047","Aff C 0 C_1",0,"affirmative","conflated",,"no_motion","C","paper","1","manner_before_path",47.3584013857962,15.5714333424194,TRUE,
"exp2","exp2_047","Aff C C B_1",71,"affirmative","conflated",,"conflated","B","car","1","manner_before_path",47.3584013857962,15.5714333424194,TRUE,
"exp2","exp2_047","Aff C P C_1",100,"affirmative","conflated",,"path","C","paper","1","manner_before_path",47.3584013857962,15.5714333424194,TRUE,
"exp2","exp2_047","Aff M 0 D_1",0,"affirmative","manner",,"no_motion","D","plank","1","manner_before_path",47.3584013857962,15.5714333424194,TRUE,
"exp2","exp2_047","Aff M C A_1",90,"affirmative","manner",,"conflated","A","leaf","1","manner_before_path",47.3584013857962,15.5714333424194,TRUE,
"exp2","exp2_047","Aff P C B_1",100,"affirmative","path",,"conflated","B","car","1","manner_before_path",47.3584013857962,15.5714333424194,TRUE,
"exp2","exp2_047","Aff P P D_1",100,"affirmative","path",,"path","D","plank","1","manner_before_path",47.3584013857962,15.5714333424194,TRUE,
"exp2","exp2_047","Neg C M B_1",0,"negative","conflated",,"manner","B","car","1","manner_before_path",47.3584013857962,15.5714333424194,TRUE,
"exp2","exp2_047","Neg M C E_1",0,"negative","manner",,"conflated","E","chair","1","manner_before_path",47.3584013857962,15.5714333424194,TRUE,
"exp2","exp2_047","Neg M M E_1",0,"negative","manner",,"manner","E","chair","1","manner_before_path",47.3584013857962,15.5714333424194,TRUE,
"exp2","exp2_047","Neg P 0 A_1",91,"negative","path",,"no_motion","A","leaf","1","manner_before_path",47.3584013857962,15.5714333424194,TRUE,
"exp2","exp2_047","Neg P M D_1",18,"negative","path",,"manner","D","plank","1","manner_before_path",47.3584013857962,15.5714333424194,TRUE,
"exp2","exp2_048","Aff C 0 E_1",27,"affirmative","conflated",,"no_motion","E","chair","1","manner_before_path",38.1634245017002,15.5714333424194,TRUE,
"exp2","exp2_048","Aff C C D_1",39,"affirmative","conflated",,"conflated","D","plank","1","manner_before_path",38.1634245017002,15.5714333424194,TRUE,
"exp2","exp2_048","Aff C P E_1",0,"affirmative","conflated",,"path","E","chair","1","manner_before_path",38.1634245017002,15.5714333424194,TRUE,
"exp2","exp2_048","Aff M 0 A_1",27,"affirmative","manner",,"no_motion","A","leaf","1","manner_before_path",38.1634245017002,15.5714333424194,TRUE,
"exp2","exp2_048","Aff M C C_1",100,"affirmative","manner",,"conflated","C","paper","1","manner_before_path",38.1634245017002,15.5714333424194,TRUE,
"exp2","exp2_048","Aff P C D_1",82,"affirmative","path",,"conflated","D","plank","1","manner_before_path",38.1634245017002,15.5714333424194,TRUE,
"exp2","exp2_048","Aff P P A_6",100,"affirmative","path",,"path","A","leaf","6","manner_before_path",38.1634245017002,15.5714333424194,TRUE,
"exp2","exp2_048","Neg C M C_1",14,"negative","conflated",,"manner","C","paper","1","manner_before_path",38.1634245017002,15.5714333424194,TRUE,
"exp2","exp2_048","Neg M C B_1",0,"negative","manner",,"conflated","B","car","1","manner_before_path",38.1634245017002,15.5714333424194,TRUE,
"exp2","exp2_048","Neg M M B_1",0,"negative","manner",,"manner","B","car","1","manner_before_path",38.1634245017002,15.5714333424194,TRUE,
"exp2","exp2_048","Neg P 0 C_1",74,"negative","path",,"no_motion","C","paper","1","manner_before_path",38.1634245017002,15.5714333424194,TRUE,
"exp2","exp2_048","Neg P M A_1",30,"negative","path",,"manner","A","leaf","1","manner_before_path",38.1634245017002,15.5714333424194,TRUE,
"exp2","exp2_049","Aff C 0 C_1",0,"affirmative","conflated",,"no_motion","C","paper","1","manner_before_path",43.9216761561263,15.5714333424194,TRUE,
"exp2","exp2_049","Aff C C B_1",100,"affirmative","conflated",,"conflated","B","car","1","manner_before_path",43.9216761561263,15.5714333424194,TRUE,
"exp2","exp2_049","Aff C P C_1",76,"affirmative","conflated",,"path","C","paper","1","manner_before_path",43.9216761561263,15.5714333424194,TRUE,
"exp2","exp2_049","Aff M 0 D_1",0,"affirmative","manner",,"no_motion","D","plank","1","manner_before_path",43.9216761561263,15.5714333424194,TRUE,
"exp2","exp2_049","Aff M C A_1",100,"affirmative","manner",,"conflated","A","leaf","1","manner_before_path",43.9216761561263,15.5714333424194,TRUE,
"exp2","exp2_049","Aff P C B_1",100,"affirmative","path",,"conflated","B","car","1","manner_before_path",43.9216761561263,15.5714333424194,TRUE,
"exp2","exp2_049","Aff P P D_1",14,"affirmative","path",,"path","D","plank","1","manner_before_path",43.9216761561263,15.5714333424194,TRUE,
"exp2","exp2_049","Neg C M B_1",24,"negative","conflated",,"manner","B","car","1","manner_before_path",43.9216761561263,15.5714333424194,TRUE,
"exp2","exp2_049","Neg M C E_1",0,"negative","manner",,"conflated","E","chair","1","manner_before_path",43.9216761561263,15.5714333424194,TRUE,
"exp2","exp2_049","Neg M M E_1",0,"negative","manner",,"manner","E","chair","1","manner_before_path",43.9216761561263,15.5714333424194,TRUE,
"exp2","exp2_049","Neg P 0 A_1",0,"negative","path",,"no_motion","A","leaf","1","manner_before_path",43.9216761561263,15.5714333424194,TRUE,
"exp2","exp2_049","Neg P M D_1",21,"negative","path",,"manner","D","plank","1","manner_before_path",43.9216761561263,15.5714333424194,TRUE,
"exp2","exp2_050","Aff C M B_1",0,"affirmative","conflated",,"manner","B","car","1","manner_before_path",27.4949031089345,15.5714333424194,TRUE,
"exp2","exp2_050","Aff M M C_1",58,"affirmative","manner",,"manner","C","paper","1","manner_before_path",27.4949031089345,15.5714333424194,TRUE,
"exp2","exp2_050","Aff M P A_1",80,"affirmative","manner",,"path","A","leaf","1","manner_before_path",27.4949031089345,15.5714333424194,TRUE,
"exp2","exp2_050","Aff P 0 B_1",29,"affirmative","path",,"no_motion","B","car","1","manner_before_path",27.4949031089345,15.5714333424194,TRUE,
"exp2","exp2_050","Aff P M E_1",27,"affirmative","path",,"manner","E","chair","1","manner_before_path",27.4949031089345,15.5714333424194,TRUE,
"exp2","exp2_050","Neg C 0 A_1",23,"negative","conflated",,"no_motion","A","leaf","1","manner_before_path",27.4949031089345,15.5714333424194,TRUE,
"exp2","exp2_050","Neg C C D_1",0,"negative","conflated",,"conflated","D","plank","1","manner_before_path",27.4949031089345,15.5714333424194,TRUE,
"exp2","exp2_050","Neg C P D_1",31,"negative","conflated",,"path","D","plank","1","manner_before_path",27.4949031089345,15.5714333424194,TRUE,
"exp2","exp2_050","Neg M 0 E_1",74,"negative","manner",,"no_motion","E","chair","1","manner_before_path",27.4949031089345,15.5714333424194,TRUE,
"exp2","exp2_050","Neg M P A_1",60,"negative","manner",,"path","A","leaf","1","manner_before_path",27.4949031089345,15.5714333424194,TRUE,
"exp2","exp2_050","Neg P C C_1",18,"negative","path",,"conflated","C","paper","1","manner_before_path",27.4949031089345,15.5714333424194,TRUE,
"exp2","exp2_050","Neg P P C_1",10,"negative","path",,"path","C","paper","1","manner_before_path",27.4949031089345,15.5714333424194,TRUE,
"exp2","exp2_051","Aff C M E_1",87,"affirmative","conflated",,"manner","E","chair","1","manner_before_path",33.8994725980249,15.5714333424194,TRUE,
"exp2","exp2_051","Aff M M A_1",91,"affirmative","manner",,"manner","A","leaf","1","manner_before_path",33.8994725980249,15.5714333424194,TRUE,
"exp2","exp2_051","Aff M P D_1",39,"affirmative","manner",,"path","D","plank","1","manner_before_path",33.8994725980249,15.5714333424194,TRUE,
"exp2","exp2_051","Aff P 0 E_1",50,"affirmative","path",,"no_motion","E","chair","1","manner_before_path",33.8994725980249,15.5714333424194,TRUE,
"exp2","exp2_051","Aff P M C_1",62,"affirmative","path",,"manner","C","paper","1","manner_before_path",33.8994725980249,15.5714333424194,TRUE,
"exp2","exp2_051","Neg C 0 D_1",12,"negative","conflated",,"no_motion","D","plank","1","manner_before_path",33.8994725980249,15.5714333424194,TRUE,
"exp2","exp2_051","Neg C C B_1",0,"negative","conflated",,"conflated","B","car","1","manner_before_path",33.8994725980249,15.5714333424194,TRUE,
"exp2","exp2_051","Neg C P B_1",75,"negative","conflated",,"path","B","car","1","manner_before_path",33.8994725980249,15.5714333424194,TRUE,
"exp2","exp2_051","Neg M 0 C_1",92,"negative","manner",,"no_motion","C","paper","1","manner_before_path",33.8994725980249,15.5714333424194,TRUE,
"exp2","exp2_051","Neg M P D_1",80,"negative","manner",,"path","D","plank","1","manner_before_path",33.8994725980249,15.5714333424194,TRUE,
"exp2","exp2_051","Neg P C A_1",21,"negative","path",,"conflated","A","leaf","1","manner_before_path",33.8994725980249,15.5714333424194,TRUE,
"exp2","exp2_051","Neg P P A_1",14,"negative","path",,"path","A","leaf","1","manner_before_path",33.8994725980249,15.5714333424194,TRUE,
"exp2","exp2_052","Aff C M E_1",65,"affirmative","conflated",,"manner","E","chair","1","manner_before_path",40.5503801872847,15.5714333424194,TRUE,
"exp2","exp2_052","Aff M M A_1",100,"affirmative","manner",,"manner","A","leaf","1","manner_before_path",40.5503801872847,15.5714333424194,TRUE,
"exp2","exp2_052","Aff M P D_1",0,"affirmative","manner",,"path","D","plank","1","manner_before_path",40.5503801872847,15.5714333424194,TRUE,
"exp2","exp2_052","Aff P 0 E_1",0,"affirmative","path",,"no_motion","E","chair","1","manner_before_path",40.5503801872847,15.5714333424194,TRUE,
"exp2","exp2_052","Aff P M C_1",60,"affirmative","path",,"manner","C","paper","1","manner_before_path",40.5503801872847,15.5714333424194,TRUE,
"exp2","exp2_052","Neg C 0 D_1",11,"negative","conflated",,"no_motion","D","plank","1","manner_before_path",40.5503801872847,15.5714333424194,TRUE,
"exp2","exp2_052","Neg C C B_1",4,"negative","conflated",,"conflated","B","car","1","manner_before_path",40.5503801872847,15.5714333424194,TRUE,
"exp2","exp2_052","Neg C P B_1",83,"negative","conflated",,"path","B","car","1","manner_before_path",40.5503801872847,15.5714333424194,TRUE,
"exp2","exp2_052","Neg M 0 C_1",66,"negative","manner",,"no_motion","C","paper","1","manner_before_path",40.5503801872847,15.5714333424194,TRUE,
"exp2","exp2_052","Neg M P D_1",89,"negative","manner",,"path","D","plank","1","manner_before_path",40.5503801872847,15.5714333424194,TRUE,
"exp2","exp2_052","Neg P C A_1",0,"negative","path",,"conflated","A","leaf","1","manner_before_path",40.5503801872847,15.5714333424194,TRUE,
"exp2","exp2_052","Neg P P A_1",0,"negative","path",,"path","A","leaf","1","manner_before_path",40.5503801872847,15.5714333424194,TRUE,
"exp2","exp2_053","Aff C M E_1",30,"affirmative","conflated",,"manner","E","chair","1","manner_before_path",31.9358969680126,15.5714333424194,TRUE,
"exp2","exp2_053","Aff M M A_1",100,"affirmative","manner",,"manner","A","leaf","1","manner_before_path",31.9358969680126,15.5714333424194,TRUE,
"exp2","exp2_053","Aff M P D_1",90,"affirmative","manner",,"path","D","plank","1","manner_before_path",31.9358969680126,15.5714333424194,TRUE,
"exp2","exp2_053","Aff P 0 E_1",85,"affirmative","path",,"no_motion","E","chair","1","manner_before_path",31.9358969680126,15.5714333424194,TRUE,
"exp2","exp2_053","Aff P M C_1",18,"affirmative","path",,"manner","C","paper","1","manner_before_path",31.9358969680126,15.5714333424194,TRUE,
"exp2","exp2_053","Neg C 0 D_1",9,"negative","conflated",,"no_motion","D","plank","1","manner_before_path",31.9358969680126,15.5714333424194,TRUE,
"exp2","exp2_053","Neg C C B_1",75,"negative","conflated",,"conflated","B","car","1","manner_before_path",31.9358969680126,15.5714333424194,TRUE,
"exp2","exp2_053","Neg C P B_1",20,"negative","conflated",,"path","B","car","1","manner_before_path",31.9358969680126,15.5714333424194,TRUE,
"exp2","exp2_053","Neg M 0 C_1",73,"negative","manner",,"no_motion","C","paper","1","manner_before_path",31.9358969680126,15.5714333424194,TRUE,
"exp2","exp2_053","Neg M P D_1",30,"negative","manner",,"path","D","plank","1","manner_before_path",31.9358969680126,15.5714333424194,TRUE,
"exp2","exp2_053","Neg P C A_1",41,"negative","path",,"conflated","A","leaf","1","manner_before_path",31.9358969680126,15.5714333424194,TRUE,
"exp2","exp2_053","Neg P P A_1",34,"negative","path",,"path","A","leaf","1","manner_before_path",31.9358969680126,15.5714333424194,TRUE,
"exp2","exp2_054","Aff C M E_1",60,"affirmative","conflated",,"manner","E","chair","1","manner_before_path",33.0793353053296,15.5714333424194,TRUE,
"exp2","exp2_054","Aff M M A_1",85,"affirmative","manner",,"manner","A","leaf","1","manner_before_path",33.0793353053296,15.5714333424194,TRUE,
"exp2","exp2_054","Aff M P D_1",17,"affirmative","manner",,"path","D","plank","1","manner_before_path",33.0793353053296,15.5714333424194,TRUE,
"exp2","exp2_054","Aff P 0 E_1",18,"affirmative","path",,"no_motion","E","chair","1","manner_before_path",33.0793353053296,15.5714333424194,TRUE,
"exp2","exp2_054","Aff P M C_1",41,"affirmative","path",,"manner","C","paper","1","manner_before_path",33.0793353053296,15.5714333424194,TRUE,
"exp2","exp2_054","Neg C 0 D_1",66,"negative","conflated",,"no_motion","D","plank","1","manner_before_path",33.0793353053296,15.5714333424194,TRUE,
"exp2","exp2_054","Neg C C B_1",15,"negative","conflated",,"conflated","B","car","1","manner_before_path",33.0793353053296,15.5714333424194,TRUE,
"exp2","exp2_054","Neg C P B_1",95,"negative","conflated",,"path","B","car","1","manner_before_path",33.0793353053296,15.5714333424194,TRUE,
"exp2","exp2_054","Neg M 0 C_1",12,"negative","manner",,"no_motion","C","paper","1","manner_before_path",33.0793353053296,15.5714333424194,TRUE,
"exp2","exp2_054","Neg M P D_1",95,"negative","manner",,"path","D","plank","1","manner_before_path",33.0793353053296,15.5714333424194,TRUE,
"exp2","exp2_054","Neg P C A_1",32,"negative","path",,"conflated","A","leaf","1","manner_before_path",33.0793353053296,15.5714333424194,TRUE,
"exp2","exp2_054","Neg P P A_1",12,"negative","path",,"path","A","leaf","1","manner_before_path",33.0793353053296,15.5714333424194,TRUE,
"exp2","exp2_055","Aff C M A_1",14,"affirmative","conflated",,"manner","A","leaf","1","manner_before_path",50.3575097465988,15.5714333424194,TRUE,
"exp2","exp2_055","Aff M M B_1",100,"affirmative","manner",,"manner","B","car","1","manner_before_path",50.3575097465988,15.5714333424194,TRUE,
"exp2","exp2_055","Aff M P E_1",0,"affirmative","manner",,"path","E","chair","1","manner_before_path",50.3575097465988,15.5714333424194,TRUE,
"exp2","exp2_055","Aff P 0 A_1",0,"affirmative","path",,"no_motion","A","leaf","1","manner_before_path",50.3575097465988,15.5714333424194,TRUE,
"exp2","exp2_055","Aff P M D_1",90,"affirmative","path",,"manner","D","plank","1","manner_before_path",50.3575097465988,15.5714333424194,TRUE,
"exp2","exp2_055","Neg C 0 E_1",100,"negative","conflated",,"no_motion","E","chair","1","manner_before_path",50.3575097465988,15.5714333424194,TRUE,
"exp2","exp2_055","Neg C C C_1",0,"negative","conflated",,"conflated","C","paper","1","manner_before_path",50.3575097465988,15.5714333424194,TRUE,
"exp2","exp2_055","Neg C P C_1",100,"negative","conflated",,"path","C","paper","1","manner_before_path",50.3575097465988,15.5714333424194,TRUE,
"exp2","exp2_055","Neg M 0 D_1",100,"negative","manner",,"no_motion","D","plank","1","manner_before_path",50.3575097465988,15.5714333424194,TRUE,
"exp2","exp2_055","Neg M P E_1",100,"negative","manner",,"path","E","chair","1","manner_before_path",50.3575097465988,15.5714333424194,TRUE,
"exp2","exp2_055","Neg P C B_1",0,"negative","path",,"conflated","B","car","1","manner_before_path",50.3575097465988,15.5714333424194,TRUE,
"exp2","exp2_055","Neg P P B_1",0,"negative","path",,"path","B","car","1","manner_before_path",50.3575097465988,15.5714333424194,TRUE,
"exp2","exp2_056","Aff C 0 E_1",59,"affirmative","conflated",,"no_motion","E","chair","1","manner_before_path",27.4605778040691,15.5714333424194,TRUE,
"exp2","exp2_056","Aff C C D_1",52,"affirmative","conflated",,"conflated","D","plank","1","manner_before_path",27.4605778040691,15.5714333424194,TRUE,
"exp2","exp2_056","Aff C P E_1",58,"affirmative","conflated",,"path","E","chair","1","manner_before_path",27.4605778040691,15.5714333424194,TRUE,
"exp2","exp2_056","Aff M 0 A_1",69,"affirmative","manner",,"no_motion","A","leaf","1","manner_before_path",27.4605778040691,15.5714333424194,TRUE,
"exp2","exp2_056","Aff M C C_1",71,"affirmative","manner",,"conflated","C","paper","1","manner_before_path",27.4605778040691,15.5714333424194,TRUE,
"exp2","exp2_056","Aff P C D_1",49,"affirmative","path",,"conflated","D","plank","1","manner_before_path",27.4605778040691,15.5714333424194,TRUE,
"exp2","exp2_056","Aff P P A_6",58,"affirmative","path",,"path","A","leaf","6","manner_before_path",27.4605778040691,15.5714333424194,TRUE,
"exp2","exp2_056","Neg C M C_1",5,"negative","conflated",,"manner","C","paper","1","manner_before_path",27.4605778040691,15.5714333424194,TRUE,
"exp2","exp2_056","Neg M C B_1",16,"negative","manner",,"conflated","B","car","1","manner_before_path",27.4605778040691,15.5714333424194,TRUE,
"exp2","exp2_056","Neg M M B_1",10,"negative","manner",,"manner","B","car","1","manner_before_path",27.4605778040691,15.5714333424194,TRUE,
"exp2","exp2_056","Neg P 0 C_1",1,"negative","path",,"no_motion","C","paper","1","manner_before_path",27.4605778040691,15.5714333424194,TRUE,
"exp2","exp2_056","Neg P M A_1",7,"negative","path",,"manner","A","leaf","1","manner_before_path",27.4605778040691,15.5714333424194,TRUE,
"exp2","exp2_057","Aff C 0 D_1",0,"affirmative","conflated",,"no_motion","D","plank","1","manner_before_path",43.7433111769934,15.5714333424194,TRUE,
"exp2","exp2_057","Aff C C C_1",100,"affirmative","conflated",,"conflated","C","paper","1","manner_before_path",43.7433111769934,15.5714333424194,TRUE,
"exp2","exp2_057","Aff C P D_1",88,"affirmative","conflated",,"path","D","plank","1","manner_before_path",43.7433111769934,15.5714333424194,TRUE,
"exp2","exp2_057","Aff M 0 E_1",3,"affirmative","manner",,"no_motion","E","chair","1","manner_before_path",43.7433111769934,15.5714333424194,TRUE,
"exp2","exp2_057","Aff M C B_1",97,"affirmative","manner",,"conflated","B","car","1","manner_before_path",43.7433111769934,15.5714333424194,TRUE,
"exp2","exp2_057","Aff P C C_1",93,"affirmative","path",,"conflated","C","paper","1","manner_before_path",43.7433111769934,15.5714333424194,TRUE,
"exp2","exp2_057","Aff P P E_1",100,"affirmative","path",,"path","E","chair","1","manner_before_path",43.7433111769934,15.5714333424194,TRUE,
"exp2","exp2_057","Neg C M D_1",90,"negative","conflated",,"manner","D","plank","1","manner_before_path",43.7433111769934,15.5714333424194,TRUE,
"exp2","exp2_057","Neg M C A_1",5,"negative","manner",,"conflated","A","leaf","1","manner_before_path",43.7433111769934,15.5714333424194,TRUE,
"exp2","exp2_057","Neg M M A_1",50,"negative","manner",,"manner","A","leaf","1","manner_before_path",43.7433111769934,15.5714333424194,TRUE,
"exp2","exp2_057","Neg P 0 B_1",0,"negative","path",,"no_motion","B","car","1","manner_before_path",43.7433111769934,15.5714333424194,TRUE,
"exp2","exp2_057","Neg P M E_1",73,"negative","path",,"manner","E","chair","1","manner_before_path",43.7433111769934,15.5714333424194,TRUE,
"exp2","exp2_058","Aff C M A_1",50,"affirmative","conflated",,"manner","A","leaf","1","manner_before_path",38.1738447663112,15.5714333424194,TRUE,
"exp2","exp2_058","Aff M M B_1",80,"affirmative","manner",,"manner","B","car","1","manner_before_path",38.1738447663112,15.5714333424194,TRUE,
"exp2","exp2_058","Aff M P E_1",0,"affirmative","manner",,"path","E","chair","1","manner_before_path",38.1738447663112,15.5714333424194,TRUE,
"exp2","exp2_058","Aff P 0 A_1",10,"affirmative","path",,"no_motion","A","leaf","1","manner_before_path",38.1738447663112,15.5714333424194,TRUE,
"exp2","exp2_058","Aff P M D_1",50,"affirmative","path",,"manner","D","plank","1","manner_before_path",38.1738447663112,15.5714333424194,TRUE,
"exp2","exp2_058","Neg C 0 E_1",95,"negative","conflated",,"no_motion","E","chair","1","manner_before_path",38.1738447663112,15.5714333424194,TRUE,
"exp2","exp2_058","Neg C C C_1",0,"negative","conflated",,"conflated","C","paper","1","manner_before_path",38.1738447663112,15.5714333424194,TRUE,
"exp2","exp2_058","Neg C P C_1",60,"negative","conflated",,"path","C","paper","1","manner_before_path",38.1738447663112,15.5714333424194,TRUE,
"exp2","exp2_058","Neg M 0 D_1",76,"negative","manner",,"no_motion","D","plank","1","manner_before_path",38.1738447663112,15.5714333424194,TRUE,
"exp2","exp2_058","Neg M P E_1",92,"negative","manner",,"path","E","chair","1","manner_before_path",38.1738447663112,15.5714333424194,TRUE,
"exp2","exp2_058","Neg P C B_1",5,"negative","path",,"conflated","B","car","1","manner_before_path",38.1738447663112,15.5714333424194,TRUE,
"exp2","exp2_058","Neg P P B_1",0,"negative","path",,"path","B","car","1","manner_before_path",38.1738447663112,15.5714333424194,TRUE,
"exp2","exp2_059","Aff C 0 D_1",26,"affirmative","conflated",,"no_motion","D","plank","1","manner_before_path",14.0548169247372,15.5714333424194,FALSE,"low_response_variability"
"exp2","exp2_059","Aff C C C_1",60,"affirmative","conflated",,"conflated","C","paper","1","manner_before_path",14.0548169247372,15.5714333424194,FALSE,"low_response_variability"
"exp2","exp2_059","Aff C P D_1",25,"affirmative","conflated",,"path","D","plank","1","manner_before_path",14.0548169247372,15.5714333424194,FALSE,"low_response_variability"
"exp2","exp2_059","Aff M 0 E_1",29,"affirmative","manner",,"no_motion","E","chair","1","manner_before_path",14.0548169247372,15.5714333424194,FALSE,"low_response_variability"
"exp2","exp2_059","Aff M C B_1",67,"affirmative","manner",,"conflated","B","car","1","manner_before_path",14.0548169247372,15.5714333424194,FALSE,"low_response_variability"
"exp2","exp2_059","Aff P C C_1",30,"affirmative","path",,"conflated","C","paper","1","manner_before_path",14.0548169247372,15.5714333424194,FALSE,"low_response_variability"
"exp2","exp2_059","Aff P P E_1",36,"affirmative","path",,"path","E","chair","1","manner_before_path",14.0548169247372,15.5714333424194,FALSE,"low_response_variability"
"exp2","exp2_059","Neg C M D_1",40,"negative","conflated",,"manner","D","plank","1","manner_before_path",14.0548169247372,15.5714333424194,FALSE,"low_response_variability"
"exp2","exp2_059","Neg M C A_1",25,"negative","manner",,"conflated","A","leaf","1","manner_before_path",14.0548169247372,15.5714333424194,FALSE,"low_response_variability"
"exp2","exp2_059","Neg M M A_1",35,"negative","manner",,"manner","A","leaf","1","manner_before_path",14.0548169247372,15.5714333424194,FALSE,"low_response_variability"
"exp2","exp2_059","Neg P 0 B_1",31,"negative","path",,"no_motion","B","car","1","manner_before_path",14.0548169247372,15.5714333424194,FALSE,"low_response_variability"
"exp2","exp2_059","Neg P M E_1",23,"negative","path",,"manner","E","chair","1","manner_before_path",14.0548169247372,15.5714333424194,FALSE,"low_response_variability"
"exp2","exp2_060","Aff C 0 B_1",89,"affirmative","conflated",,"no_motion","B","car","1","manner_before_path",41.9555139584197,15.5714333424194,TRUE,
"exp2","exp2_060","Aff C C A_1",12,"affirmative","conflated",,"conflated","A","leaf","1","manner_before_path",41.9555139584197,15.5714333424194,TRUE,
"exp2","exp2_060","Aff C P B_1",85,"affirmative","conflated",,"path","B","car","1","manner_before_path",41.9555139584197,15.5714333424194,TRUE,
"exp2","exp2_060","Aff M 0 C_1",95,"affirmative","manner",,"no_motion","C","paper","1","manner_before_path",41.9555139584197,15.5714333424194,TRUE,
"exp2","exp2_060","Aff M C E_1",95,"affirmative","manner",,"conflated","E","chair","1","manner_before_path",41.9555139584197,15.5714333424194,TRUE,
"exp2","exp2_060","Aff P C A_1",11,"affirmative","path",,"conflated","A","leaf","1","manner_before_path",41.9555139584197,15.5714333424194,TRUE,
"exp2","exp2_060","Aff P P C_1",81,"affirmative","path",,"path","C","paper","1","manner_before_path",41.9555139584197,15.5714333424194,TRUE,
"exp2","exp2_060","Neg C M A_1",4,"negative","conflated",,"manner","A","leaf","1","manner_before_path",41.9555139584197,15.5714333424194,TRUE,
"exp2","exp2_060","Neg M C D_1",18,"negative","manner",,"conflated","D","plank","1","manner_before_path",41.9555139584197,15.5714333424194,TRUE,
"exp2","exp2_060","Neg M M D_1",0,"negative","manner",,"manner","D","plank","1","manner_before_path",41.9555139584197,15.5714333424194,TRUE,
"exp2","exp2_060","Neg P 0 E_1",6,"negative","path",,"no_motion","E","chair","1","manner_before_path",41.9555139584197,15.5714333424194,TRUE,
"exp2","exp2_060","Neg P M C_1",7,"negative","path",,"manner","C","paper","1","manner_before_path",41.9555139584197,15.5714333424194,TRUE,
"exp2","exp2_061","Aff C M A_1",69,"affirmative","conflated",,"manner","A","leaf","1","manner_before_path",33.8663818289143,15.5714333424194,TRUE,
"exp2","exp2_061","Aff M M B_1",100,"affirmative","manner",,"manner","B","car","1","manner_before_path",33.8663818289143,15.5714333424194,TRUE,
"exp2","exp2_061","Aff M P E_1",25,"affirmative","manner",,"path","E","chair","1","manner_before_path",33.8663818289143,15.5714333424194,TRUE,
"exp2","exp2_061","Aff P 0 A_1",76,"affirmative","path",,"no_motion","A","leaf","1","manner_before_path",33.8663818289143,15.5714333424194,TRUE,
"exp2","exp2_061","Aff P M D_1",77,"affirmative","path",,"manner","D","plank","1","manner_before_path",33.8663818289143,15.5714333424194,TRUE,
"exp2","exp2_061","Neg C 0 E_1",12,"negative","conflated",,"no_motion","E","chair","1","manner_before_path",33.8663818289143,15.5714333424194,TRUE,
"exp2","exp2_061","Neg C C C_1",7,"negative","conflated",,"conflated","C","paper","1","manner_before_path",33.8663818289143,15.5714333424194,TRUE,
"exp2","exp2_061","Neg C P C_1",11,"negative","conflated",,"path","C","paper","1","manner_before_path",33.8663818289143,15.5714333424194,TRUE,
"exp2","exp2_061","Neg M 0 D_1",9,"negative","manner",,"no_motion","D","plank","1","manner_before_path",33.8663818289143,15.5714333424194,TRUE,
"exp2","exp2_061","Neg M P E_1",56,"negative","manner",,"path","E","chair","1","manner_before_path",33.8663818289143,15.5714333424194,TRUE,
"exp2","exp2_061","Neg P C B_1",20,"negative","path",,"conflated","B","car","1","manner_before_path",33.8663818289143,15.5714333424194,TRUE,
"exp2","exp2_061","Neg P P B_1",9,"negative","path",,"path","B","car","1","manner_before_path",33.8663818289143,15.5714333424194,TRUE,
"exp2","exp2_062","Aff C 0 A_1",0,"affirmative","conflated",,"no_motion","A","leaf","1","manner_before_path",42.1651694547943,15.5714333424194,TRUE,
"exp2","exp2_062","Aff C C E_1",100,"affirmative","conflated",,"conflated","E","chair","1","manner_before_path",42.1651694547943,15.5714333424194,TRUE,
"exp2","exp2_062","Aff C P A_1",0,"affirmative","conflated",,"path","A","leaf","1","manner_before_path",42.1651694547943,15.5714333424194,TRUE,
"exp2","exp2_062","Aff M 0 B_1",0,"affirmative","manner",,"no_motion","B","car","1","manner_before_path",42.1651694547943,15.5714333424194,TRUE,
"exp2","exp2_062","Aff M C D_1",83,"affirmative","manner",,"conflated","D","plank","1","manner_before_path",42.1651694547943,15.5714333424194,TRUE,
"exp2","exp2_062","Aff P C E_1",68,"affirmative","path",,"conflated","E","chair","1","manner_before_path",42.1651694547943,15.5714333424194,TRUE,
"exp2","exp2_062","Aff P P B_1",90,"affirmative","path",,"path","B","car","1","manner_before_path",42.1651694547943,15.5714333424194,TRUE,
"exp2","exp2_062","Neg C M E_1",8,"negative","conflated",,"manner","E","chair","1","manner_before_path",42.1651694547943,15.5714333424194,TRUE,
"exp2","exp2_062","Neg M C C_1",0,"negative","manner",,"conflated","C","paper","1","manner_before_path",42.1651694547943,15.5714333424194,TRUE,
"exp2","exp2_062","Neg M M C_1",0,"negative","manner",,"manner","C","paper","1","manner_before_path",42.1651694547943,15.5714333424194,TRUE,
"exp2","exp2_062","Neg P 0 D_1",13,"negative","path",,"no_motion","D","plank","1","manner_before_path",42.1651694547943,15.5714333424194,TRUE,
"exp2","exp2_062","Neg P M B_1",75,"negative","path",,"manner","B","car","1","manner_before_path",42.1651694547943,15.5714333424194,TRUE,
"exp2","exp2_063","Aff C 0 A_1",0,"affirmative","conflated",,"no_motion","A","leaf","1","manner_before_path",20.156020230074,15.5714333424194,TRUE,
"exp2","exp2_063","Aff C C E_1",5,"affirmative","conflated",,"conflated","E","chair","1","manner_before_path",20.156020230074,15.5714333424194,TRUE,
"exp2","exp2_063","Aff C P A_1",0,"affirmative","conflated",,"path","A","leaf","1","manner_before_path",20.156020230074,15.5714333424194,TRUE,
"exp2","exp2_063","Aff M 0 B_1",15,"affirmative","manner",,"no_motion","B","car","1","manner_before_path",20.156020230074,15.5714333424194,TRUE,
"exp2","exp2_063","Aff M C D_1",52,"affirmative","manner",,"conflated","D","plank","1","manner_before_path",20.156020230074,15.5714333424194,TRUE,
"exp2","exp2_063","Aff P C E_1",51,"affirmative","path",,"conflated","E","chair","1","manner_before_path",20.156020230074,15.5714333424194,TRUE,
"exp2","exp2_063","Aff P P B_1",45,"affirmative","path",,"path","B","car","1","manner_before_path",20.156020230074,15.5714333424194,TRUE,
"exp2","exp2_063","Neg C M E_1",0,"negative","conflated",,"manner","E","chair","1","manner_before_path",20.156020230074,15.5714333424194,TRUE,
"exp2","exp2_063","Neg M C C_1",15,"negative","manner",,"conflated","C","paper","1","manner_before_path",20.156020230074,15.5714333424194,TRUE,
"exp2","exp2_063","Neg M M C_1",25,"negative","manner",,"manner","C","paper","1","manner_before_path",20.156020230074,15.5714333424194,TRUE,
"exp2","exp2_063","Neg P 0 D_1",3,"negative","path",,"no_motion","D","plank","1","manner_before_path",20.156020230074,15.5714333424194,TRUE,
"exp2","exp2_063","Neg P M B_1",10,"negative","path",,"manner","B","car","1","manner_before_path",20.156020230074,15.5714333424194,TRUE,
"exp2","exp2_064","Aff C M E_1",100,"affirmative","conflated",,"manner","E","chair","1","manner_before_path",52.2232967867094,15.5714333424194,TRUE,
"exp2","exp2_064","Aff M M A_1",100,"affirmative","manner",,"manner","A","leaf","1","manner_before_path",52.2232967867094,15.5714333424194,TRUE,
"exp2","exp2_064","Aff M P D_1",0,"affirmative","manner",,"path","D","plank","1","manner_before_path",52.2232967867094,15.5714333424194,TRUE,
"exp2","exp2_064","Aff P 0 E_1",0,"affirmative","path",,"no_motion","E","chair","1","manner_before_path",52.2232967867094,15.5714333424194,TRUE,
"exp2","exp2_064","Aff P M C_1",0,"affirmative","path",,"manner","C","paper","1","manner_before_path",52.2232967867094,15.5714333424194,TRUE,
"exp2","exp2_064","Neg C 0 D_1",100,"negative","conflated",,"no_motion","D","plank","1","manner_before_path",52.2232967867094,15.5714333424194,TRUE,
"exp2","exp2_064","Neg C C B_1",0,"negative","conflated",,"conflated","B","car","1","manner_before_path",52.2232967867094,15.5714333424194,TRUE,
"exp2","exp2_064","Neg C P B_1",100,"negative","conflated",,"path","B","car","1","manner_before_path",52.2232967867094,15.5714333424194,TRUE,
"exp2","exp2_064","Neg M 0 C_1",100,"negative","manner",,"no_motion","C","paper","1","manner_before_path",52.2232967867094,15.5714333424194,TRUE,
"exp2","exp2_064","Neg M P D_1",100,"negative","manner",,"path","D","plank","1","manner_before_path",52.2232967867094,15.5714333424194,TRUE,
"exp2","exp2_064","Neg P C A_1",0,"negative","path",,"conflated","A","leaf","1","manner_before_path",52.2232967867094,15.5714333424194,TRUE,
"exp2","exp2_064","Neg P P A_1",0,"negative","path",,"path","A","leaf","1","manner_before_path",52.2232967867094,15.5714333424194,TRUE,
"exp2","exp2_065","Aff C 0 B_1",0,"affirmative","conflated",,"no_motion","B","car","1","manner_before_path",51.4928650544437,15.5714333424194,TRUE,
"exp2","exp2_065","Aff C C A_1",100,"affirmative","conflated",,"conflated","A","leaf","1","manner_before_path",51.4928650544437,15.5714333424194,TRUE,
"exp2","exp2_065","Aff C P B_1",0,"affirmative","conflated",,"path","B","car","1","manner_before_path",51.4928650544437,15.5714333424194,TRUE,
"exp2","exp2_065","Aff M 0 C_1",0,"affirmative","manner",,"no_motion","C","paper","1","manner_before_path",51.4928650544437,15.5714333424194,TRUE,
"exp2","exp2_065","Aff M C E_1",100,"affirmative","manner",,"conflated","E","chair","1","manner_before_path",51.4928650544437,15.5714333424194,TRUE,
"exp2","exp2_065","Aff P C A_1",0,"affirmative","path",,"conflated","A","leaf","1","manner_before_path",51.4928650544437,15.5714333424194,TRUE,
"exp2","exp2_065","Aff P P C_1",100,"affirmative","path",,"path","C","paper","1","manner_before_path",51.4928650544437,15.5714333424194,TRUE,
"exp2","exp2_065","Neg C M A_1",100,"negative","conflated",,"manner","A","leaf","1","manner_before_path",51.4928650544437,15.5714333424194,TRUE,
"exp2","exp2_065","Neg M C D_1",100,"negative","manner",,"conflated","D","plank","1","manner_before_path",51.4928650544437,15.5714333424194,TRUE,
"exp2","exp2_065","Neg M M D_1",0,"negative","manner",,"manner","D","plank","1","manner_before_path",51.4928650544437,15.5714333424194,TRUE,
"exp2","exp2_065","Neg P 0 E_1",100,"negative","path",,"no_motion","E","chair","1","manner_before_path",51.4928650544437,15.5714333424194,TRUE,
"exp2","exp2_065","Neg P M C_1",100,"negative","path",,"manner","C","paper","1","manner_before_path",51.4928650544437,15.5714333424194,TRUE,
"exp2","exp2_066","Aff C M B_1",84,"affirmative","conflated",,"manner","B","car","1","manner_before_path",48.3340647802543,15.5714333424194,TRUE,
"exp2","exp2_066","Aff M M C_1",100,"affirmative","manner",,"manner","C","paper","1","manner_before_path",48.3340647802543,15.5714333424194,TRUE,
"exp2","exp2_066","Aff M P A_1",0,"affirmative","manner",,"path","A","leaf","1","manner_before_path",48.3340647802543,15.5714333424194,TRUE,
"exp2","exp2_066","Aff P 0 B_1",100,"affirmative","path",,"no_motion","B","car","1","manner_before_path",48.3340647802543,15.5714333424194,TRUE,
"exp2","exp2_066","Aff P M E_1",0,"affirmative","path",,"manner","E","chair","1","manner_before_path",48.3340647802543,15.5714333424194,TRUE,
"exp2","exp2_066","Neg C 0 A_1",100,"negative","conflated",,"no_motion","A","leaf","1","manner_before_path",48.3340647802543,15.5714333424194,TRUE,
"exp2","exp2_066","Neg C C D_1",19,"negative","conflated",,"conflated","D","plank","1","manner_before_path",48.3340647802543,15.5714333424194,TRUE,
"exp2","exp2_066","Neg C P D_1",93,"negative","conflated",,"path","D","plank","1","manner_before_path",48.3340647802543,15.5714333424194,TRUE,
"exp2","exp2_066","Neg M 0 E_1",100,"negative","manner",,"no_motion","E","chair","1","manner_before_path",48.3340647802543,15.5714333424194,TRUE,
"exp2","exp2_066","Neg M P A_1",100,"negative","manner",,"path","A","leaf","1","manner_before_path",48.3340647802543,15.5714333424194,TRUE,
"exp2","exp2_066","Neg P C C_1",0,"negative","path",,"conflated","C","paper","1","manner_before_path",48.3340647802543,15.5714333424194,TRUE,
"exp2","exp2_066","Neg P P C_1",0,"negative","path",,"path","C","paper","1","manner_before_path",48.3340647802543,15.5714333424194,TRUE,
"exp2","exp2_067","Aff C 0 A_1",0,"affirmative","conflated",,"no_motion","A","leaf","1","manner_before_path",36.0591895571039,15.5714333424194,TRUE,
"exp2","exp2_067","Aff C C E_1",71,"affirmative","conflated",,"conflated","E","chair","1","manner_before_path",36.0591895571039,15.5714333424194,TRUE,
"exp2","exp2_067","Aff C P A_1",1,"affirmative","conflated",,"path","A","leaf","1","manner_before_path",36.0591895571039,15.5714333424194,TRUE,
"exp2","exp2_067","Aff M 0 B_1",1,"affirmative","manner",,"no_motion","B","car","1","manner_before_path",36.0591895571039,15.5714333424194,TRUE,
"exp2","exp2_067","Aff M C D_1",72,"affirmative","manner",,"conflated","D","plank","1","manner_before_path",36.0591895571039,15.5714333424194,TRUE,
"exp2","exp2_067","Aff P C E_1",65,"affirmative","path",,"conflated","E","chair","1","manner_before_path",36.0591895571039,15.5714333424194,TRUE,
"exp2","exp2_067","Aff P P B_1",90,"affirmative","path",,"path","B","car","1","manner_before_path",36.0591895571039,15.5714333424194,TRUE,
"exp2","exp2_067","Neg C M E_1",0,"negative","conflated",,"manner","E","chair","1","manner_before_path",36.0591895571039,15.5714333424194,TRUE,
"exp2","exp2_067","Neg M C C_1",0,"negative","manner",,"conflated","C","paper","1","manner_before_path",36.0591895571039,15.5714333424194,TRUE,
"exp2","exp2_067","Neg M M C_1",21,"negative","manner",,"manner","C","paper","1","manner_before_path",36.0591895571039,15.5714333424194,TRUE,
"exp2","exp2_067","Neg P 0 D_1",0,"negative","path",,"no_motion","D","plank","1","manner_before_path",36.0591895571039,15.5714333424194,TRUE,
"exp2","exp2_067","Neg P M B_1",2,"negative","path",,"manner","B","car","1","manner_before_path",36.0591895571039,15.5714333424194,TRUE,
"exp2","exp2_068","Aff C 0 D_1",8,"affirmative","conflated",,"no_motion","D","plank","1","manner_before_path",26.0923476532988,15.5714333424194,TRUE,
"exp2","exp2_068","Aff C C C_1",30,"affirmative","conflated",,"conflated","C","paper","1","manner_before_path",26.0923476532988,15.5714333424194,TRUE,
"exp2","exp2_068","Aff C P D_1",16,"affirmative","conflated",,"path","D","plank","1","manner_before_path",26.0923476532988,15.5714333424194,TRUE,
"exp2","exp2_068","Aff M 0 E_1",10,"affirmative","manner",,"no_motion","E","chair","1","manner_before_path",26.0923476532988,15.5714333424194,TRUE,
"exp2","exp2_068","Aff M C B_1",84,"affirmative","manner",,"conflated","B","car","1","manner_before_path",26.0923476532988,15.5714333424194,TRUE,
"exp2","exp2_068","Aff P C C_1",66,"affirmative","path",,"conflated","C","paper","1","manner_before_path",26.0923476532988,15.5714333424194,TRUE,
"exp2","exp2_068","Aff P P E_1",80,"affirmative","path",,"path","E","chair","1","manner_before_path",26.0923476532988,15.5714333424194,TRUE,
"exp2","exp2_068","Neg C M D_1",21,"negative","conflated",,"manner","D","plank","1","manner_before_path",26.0923476532988,15.5714333424194,TRUE,
"exp2","exp2_068","Neg M C A_1",31,"negative","manner",,"conflated","A","leaf","1","manner_before_path",26.0923476532988,15.5714333424194,TRUE,
"exp2","exp2_068","Neg M M A_1",27,"negative","manner",,"manner","A","leaf","1","manner_before_path",26.0923476532988,15.5714333424194,TRUE,
"exp2","exp2_068","Neg P 0 B_1",35,"negative","path",,"no_motion","B","car","1","manner_before_path",26.0923476532988,15.5714333424194,TRUE,
"exp2","exp2_068","Neg P M E_1",25,"negative","path",,"manner","E","chair","1","manner_before_path",26.0923476532988,15.5714333424194,TRUE,
"exp2","exp2_069","Aff C M E_1",100,"affirmative","conflated",,"manner","E","chair","1","manner_before_path",48.9107876803794,15.5714333424194,TRUE,
"exp2","exp2_069","Aff M M A_1",100,"affirmative","manner",,"manner","A","leaf","1","manner_before_path",48.9107876803794,15.5714333424194,TRUE,
"exp2","exp2_069","Aff M P D_1",0,"affirmative","manner",,"path","D","plank","1","manner_before_path",48.9107876803794,15.5714333424194,TRUE,
"exp2","exp2_069","Aff P 0 E_1",0,"affirmative","path",,"no_motion","E","chair","1","manner_before_path",48.9107876803794,15.5714333424194,TRUE,
"exp2","exp2_069","Aff P M C_1",33,"affirmative","path",,"manner","C","paper","1","manner_before_path",48.9107876803794,15.5714333424194,TRUE,
"exp2","exp2_069","Neg C 0 D_1",100,"negative","conflated",,"no_motion","D","plank","1","manner_before_path",48.9107876803794,15.5714333424194,TRUE,
"exp2","exp2_069","Neg C C B_1",0,"negative","conflated",,"conflated","B","car","1","manner_before_path",48.9107876803794,15.5714333424194,TRUE,
"exp2","exp2_069","Neg C P B_1",100,"negative","conflated",,"path","B","car","1","manner_before_path",48.9107876803794,15.5714333424194,TRUE,
"exp2","exp2_069","Neg M 0 C_1",100,"negative","manner",,"no_motion","C","paper","1","manner_before_path",48.9107876803794,15.5714333424194,TRUE,
"exp2","exp2_069","Neg M P D_1",100,"negative","manner",,"path","D","plank","1","manner_before_path",48.9107876803794,15.5714333424194,TRUE,
"exp2","exp2_069","Neg P C A_1",0,"negative","path",,"conflated","A","leaf","1","manner_before_path",48.9107876803794,15.5714333424194,TRUE,
"exp2","exp2_069","Neg P P A_1",100,"negative","path",,"path","A","leaf","1","manner_before_path",48.9107876803794,15.5714333424194,TRUE,
"exp2","exp2_070","Aff C M D_1",50,"affirmative","conflated",,"manner","D","plank","1","manner_before_path",37.5580358992062,15.5714333424194,TRUE,
"exp2","exp2_070","Aff M M E_1",100,"affirmative","manner",,"manner","E","chair","1","manner_before_path",37.5580358992062,15.5714333424194,TRUE,
"exp2","exp2_070","Aff M P C_1",90,"affirmative","manner",,"path","C","paper","1","manner_before_path",37.5580358992062,15.5714333424194,TRUE,
"exp2","exp2_070","Aff P 0 D_1",0,"affirmative","path",,"no_motion","D","plank","1","manner_before_path",37.5580358992062,15.5714333424194,TRUE,
"exp2","exp2_070","Aff P M B_1",50,"affirmative","path",,"manner","B","car","1","manner_before_path",37.5580358992062,15.5714333424194,TRUE,
"exp2","exp2_070","Neg C 0 C_1",90,"negative","conflated",,"no_motion","C","paper","1","manner_before_path",37.5580358992062,15.5714333424194,TRUE,
"exp2","exp2_070","Neg C C A_1",85,"negative","conflated",,"conflated","A","leaf","1","manner_before_path",37.5580358992062,15.5714333424194,TRUE,
"exp2","exp2_070","Neg C P A_1",90,"negative","conflated",,"path","A","leaf","1","manner_before_path",37.5580358992062,15.5714333424194,TRUE,
"exp2","exp2_070","Neg M 0 B_1",20,"negative","manner",,"no_motion","B","car","1","manner_before_path",37.5580358992062,15.5714333424194,TRUE,
"exp2","exp2_070","Neg M P C_1",15,"negative","manner",,"path","C","paper","1","manner_before_path",37.5580358992062,15.5714333424194,TRUE,
"exp2","exp2_070","Neg P C E_1",50,"negative","path",,"conflated","E","chair","1","manner_before_path",37.5580358992062,15.5714333424194,TRUE,
"exp2","exp2_070","Neg P P E_1",0,"negative","path",,"path","E","chair","1","manner_before_path",37.5580358992062,15.5714333424194,TRUE,
"exp2","exp2_071","Aff C M E_1",40,"affirmative","conflated",,"manner","E","chair","1","manner_before_path",16.7847333230907,15.5714333424194,TRUE,
"exp2","exp2_071","Aff M M A_1",44,"affirmative","manner",,"manner","A","leaf","1","manner_before_path",16.7847333230907,15.5714333424194,TRUE,
"exp2","exp2_071","Aff M P D_1",6,"affirmative","manner",,"path","D","plank","1","manner_before_path",16.7847333230907,15.5714333424194,TRUE,
"exp2","exp2_071","Aff P 0 E_1",16,"affirmative","path",,"no_motion","E","chair","1","manner_before_path",16.7847333230907,15.5714333424194,TRUE,
"exp2","exp2_071","Aff P M C_1",23,"affirmative","path",,"manner","C","paper","1","manner_before_path",16.7847333230907,15.5714333424194,TRUE,
"exp2","exp2_071","Neg C 0 D_1",23,"negative","conflated",,"no_motion","D","plank","1","manner_before_path",16.7847333230907,15.5714333424194,TRUE,
"exp2","exp2_071","Neg C C B_1",17,"negative","conflated",,"conflated","B","car","1","manner_before_path",16.7847333230907,15.5714333424194,TRUE,
"exp2","exp2_071","Neg C P B_1",31,"negative","conflated",,"path","B","car","1","manner_before_path",16.7847333230907,15.5714333424194,TRUE,
"exp2","exp2_071","Neg M 0 C_1",57,"negative","manner",,"no_motion","C","paper","1","manner_before_path",16.7847333230907,15.5714333424194,TRUE,
"exp2","exp2_071","Neg M P D_1",56,"negative","manner",,"path","D","plank","1","manner_before_path",16.7847333230907,15.5714333424194,TRUE,
"exp2","exp2_071","Neg P C A_1",38,"negative","path",,"conflated","A","leaf","1","manner_before_path",16.7847333230907,15.5714333424194,TRUE,
"exp2","exp2_071","Neg P P A_1",51,"negative","path",,"path","A","leaf","1","manner_before_path",16.7847333230907,15.5714333424194,TRUE,
"exp2","exp2_072","Aff C M A_1",65,"affirmative","conflated",,"manner","A","leaf","1","manner_before_path",35.9110854835392,15.5714333424194,TRUE,
"exp2","exp2_072","Aff M M B_1",86,"affirmative","manner",,"manner","B","car","1","manner_before_path",35.9110854835392,15.5714333424194,TRUE,
"exp2","exp2_072","Aff M P E_1",11,"affirmative","manner",,"path","E","chair","1","manner_before_path",35.9110854835392,15.5714333424194,TRUE,
"exp2","exp2_072","Aff P 0 A_1",10,"affirmative","path",,"no_motion","A","leaf","1","manner_before_path",35.9110854835392,15.5714333424194,TRUE,
"exp2","exp2_072","Aff P M D_1",35,"affirmative","path",,"manner","D","plank","1","manner_before_path",35.9110854835392,15.5714333424194,TRUE,
"exp2","exp2_072","Neg C 0 E_1",80,"negative","conflated",,"no_motion","E","chair","1","manner_before_path",35.9110854835392,15.5714333424194,TRUE,
"exp2","exp2_072","Neg C C C_1",6,"negative","conflated",,"conflated","C","paper","1","manner_before_path",35.9110854835392,15.5714333424194,TRUE,
"exp2","exp2_072","Neg C P C_1",15,"negative","conflated",,"path","C","paper","1","manner_before_path",35.9110854835392,15.5714333424194,TRUE,
"exp2","exp2_072","Neg M 0 D_1",92,"negative","manner",,"no_motion","D","plank","1","manner_before_path",35.9110854835392,15.5714333424194,TRUE,
"exp2","exp2_072","Neg M P E_1",84,"negative","manner",,"path","E","chair","1","manner_before_path",35.9110854835392,15.5714333424194,TRUE,
"exp2","exp2_072","Neg P C B_1",15,"negative","path",,"conflated","B","car","1","manner_before_path",35.9110854835392,15.5714333424194,TRUE,
"exp2","exp2_072","Neg P P B_1",7,"negative","path",,"path","B","car","1","manner_before_path",35.9110854835392,15.5714333424194,TRUE,
"exp2","exp2_073","Aff C 0 D_1",0,"affirmative","conflated",,"no_motion","D","plank","1","manner_before_path",36.8118681455266,15.5714333424194,TRUE,
"exp2","exp2_073","Aff C C C_1",30,"affirmative","conflated",,"conflated","C","paper","1","manner_before_path",36.8118681455266,15.5714333424194,TRUE,
"exp2","exp2_073","Aff C P D_1",0,"affirmative","conflated",,"path","D","plank","1","manner_before_path",36.8118681455266,15.5714333424194,TRUE,
"exp2","exp2_073","Aff M 0 E_1",0,"affirmative","manner",,"no_motion","E","chair","1","manner_before_path",36.8118681455266,15.5714333424194,TRUE,
"exp2","exp2_073","Aff M C B_1",70,"affirmative","manner",,"conflated","B","car","1","manner_before_path",36.8118681455266,15.5714333424194,TRUE,
"exp2","exp2_073","Aff P C C_1",90,"affirmative","path",,"conflated","C","paper","1","manner_before_path",36.8118681455266,15.5714333424194,TRUE,
"exp2","exp2_073","Aff P P E_1",95,"affirmative","path",,"path","E","chair","1","manner_before_path",36.8118681455266,15.5714333424194,TRUE,
"exp2","exp2_073","Neg C M D_1",0,"negative","conflated",,"manner","D","plank","1","manner_before_path",36.8118681455266,15.5714333424194,TRUE,
"exp2","exp2_073","Neg M C A_1",5,"negative","manner",,"conflated","A","leaf","1","manner_before_path",36.8118681455266,15.5714333424194,TRUE,
"exp2","exp2_073","Neg M M A_1",10,"negative","manner",,"manner","A","leaf","1","manner_before_path",36.8118681455266,15.5714333424194,TRUE,
"exp2","exp2_073","Neg P 0 B_1",5,"negative","path",,"no_motion","B","car","1","manner_before_path",36.8118681455266,15.5714333424194,TRUE,
"exp2","exp2_073","Neg P M E_1",10,"negative","path",,"manner","E","chair","1","manner_before_path",36.8118681455266,15.5714333424194,TRUE,
"exp2","exp2_074","Aff C 0 A_1",8,"affirmative","conflated",,"no_motion","A","leaf","1","manner_before_path",49.9371574778711,15.5714333424194,TRUE,
"exp2","exp2_074","Aff C C E_1",100,"affirmative","conflated",,"conflated","E","chair","1","manner_before_path",49.9371574778711,15.5714333424194,TRUE,
"exp2","exp2_074","Aff C P A_1",0,"affirmative","conflated",,"path","A","leaf","1","manner_before_path",49.9371574778711,15.5714333424194,TRUE,
"exp2","exp2_074","Aff M 0 B_1",0,"affirmative","manner",,"no_motion","B","car","1","manner_before_path",49.9371574778711,15.5714333424194,TRUE,
"exp2","exp2_074","Aff M C D_1",95,"affirmative","manner",,"conflated","D","plank","1","manner_before_path",49.9371574778711,15.5714333424194,TRUE,
"exp2","exp2_074","Aff P C E_1",100,"affirmative","path",,"conflated","E","chair","1","manner_before_path",49.9371574778711,15.5714333424194,TRUE,
"exp2","exp2_074","Aff P P B_1",100,"affirmative","path",,"path","B","car","1","manner_before_path",49.9371574778711,15.5714333424194,TRUE,
"exp2","exp2_074","Neg C M E_1",0,"negative","conflated",,"manner","E","chair","1","manner_before_path",49.9371574778711,15.5714333424194,TRUE,
"exp2","exp2_074","Neg M C C_1",0,"negative","manner",,"conflated","C","paper","1","manner_before_path",49.9371574778711,15.5714333424194,TRUE,
"exp2","exp2_074","Neg M M C_1",0,"negative","manner",,"manner","C","paper","1","manner_before_path",49.9371574778711,15.5714333424194,TRUE,
"exp2","exp2_074","Neg P 0 D_1",84,"negative","path",,"no_motion","D","plank","1","manner_before_path",49.9371574778711,15.5714333424194,TRUE,
"exp2","exp2_074","Neg P M B_1",100,"negative","path",,"manner","B","car","1","manner_before_path",49.9371574778711,15.5714333424194,TRUE,
"exp2","exp2_075","Aff C 0 B_1",0,"affirmative","conflated",,"no_motion","B","car","1","manner_before_path",46.4973117502507,15.5714333424194,TRUE,
"exp2","exp2_075","Aff C C A_1",100,"affirmative","conflated",,"conflated","A","leaf","1","manner_before_path",46.4973117502507,15.5714333424194,TRUE,
"exp2","exp2_075","Aff C P B_1",0,"affirmative","conflated",,"path","B","car","1","manner_before_path",46.4973117502507,15.5714333424194,TRUE,
"exp2","exp2_075","Aff M 0 C_1",0,"affirmative","manner",,"no_motion","C","paper","1","manner_before_path",46.4973117502507,15.5714333424194,TRUE,
"exp2","exp2_075","Aff M C E_1",100,"affirmative","manner",,"conflated","E","chair","1","manner_before_path",46.4973117502507,15.5714333424194,TRUE,
"exp2","exp2_075","Aff P C A_1",81,"affirmative","path",,"conflated","A","leaf","1","manner_before_path",46.4973117502507,15.5714333424194,TRUE,
"exp2","exp2_075","Aff P P C_1",100,"affirmative","path",,"path","C","paper","1","manner_before_path",46.4973117502507,15.5714333424194,TRUE,
"exp2","exp2_075","Neg C M A_1",0,"negative","conflated",,"manner","A","leaf","1","manner_before_path",46.4973117502507,15.5714333424194,TRUE,
"exp2","exp2_075","Neg M C D_1",89,"negative","manner",,"conflated","D","plank","1","manner_before_path",46.4973117502507,15.5714333424194,TRUE,
"exp2","exp2_075","Neg M M D_1",50,"negative","manner",,"manner","D","plank","1","manner_before_path",46.4973117502507,15.5714333424194,TRUE,
"exp2","exp2_075","Neg P 0 E_1",100,"negative","path",,"no_motion","E","chair","1","manner_before_path",46.4973117502507,15.5714333424194,TRUE,
"exp2","exp2_075","Neg P M C_1",100,"negative","path",,"manner","C","paper","1","manner_before_path",46.4973117502507,15.5714333424194,TRUE,
"exp2","exp2_076","Aff C M B_1",77,"affirmative","conflated",,"manner","B","car","1","manner_before_path",33.7728598227343,15.5714333424194,TRUE,
"exp2","exp2_076","Aff M M C_1",100,"affirmative","manner",,"manner","C","paper","1","manner_before_path",33.7728598227343,15.5714333424194,TRUE,
"exp2","exp2_076","Aff M P A_1",51,"affirmative","manner",,"path","A","leaf","1","manner_before_path",33.7728598227343,15.5714333424194,TRUE,
"exp2","exp2_076","Aff P 0 B_1",78,"affirmative","path",,"no_motion","B","car","1","manner_before_path",33.7728598227343,15.5714333424194,TRUE,
"exp2","exp2_076","Aff P M E_1",12,"affirmative","path",,"manner","E","chair","1","manner_before_path",33.7728598227343,15.5714333424194,TRUE,
"exp2","exp2_076","Neg C 0 A_1",16,"negative","conflated",,"no_motion","A","leaf","1","manner_before_path",33.7728598227343,15.5714333424194,TRUE,
"exp2","exp2_076","Neg C C D_1",0,"negative","conflated",,"conflated","D","plank","1","manner_before_path",33.7728598227343,15.5714333424194,TRUE,
"exp2","exp2_076","Neg C P D_1",27,"negative","conflated",,"path","D","plank","1","manner_before_path",33.7728598227343,15.5714333424194,TRUE,
"exp2","exp2_076","Neg M 0 E_1",60,"negative","manner",,"no_motion","E","chair","1","manner_before_path",33.7728598227343,15.5714333424194,TRUE,
"exp2","exp2_076","Neg M P A_1",32,"negative","manner",,"path","A","leaf","1","manner_before_path",33.7728598227343,15.5714333424194,TRUE,
"exp2","exp2_076","Neg P C C_1",11,"negative","path",,"conflated","C","paper","1","manner_before_path",33.7728598227343,15.5714333424194,TRUE,
"exp2","exp2_076","Neg P P C_1",0,"negative","path",,"path","C","paper","1","manner_before_path",33.7728598227343,15.5714333424194,TRUE,
"exp2","exp2_077","Aff C 0 C_1",0,"affirmative","conflated",,"no_motion","C","paper","1","manner_before_path",47.7140313522007,15.5714333424194,TRUE,
"exp2","exp2_077","Aff C C B_1",100,"affirmative","conflated",,"conflated","B","car","1","manner_before_path",47.7140313522007,15.5714333424194,TRUE,
"exp2","exp2_077","Aff C P C_1",0,"affirmative","conflated",,"path","C","paper","1","manner_before_path",47.7140313522007,15.5714333424194,TRUE,
"exp2","exp2_077","Aff M 0 D_1",0,"affirmative","manner",,"no_motion","D","plank","1","manner_before_path",47.7140313522007,15.5714333424194,TRUE,
"exp2","exp2_077","Aff M C A_1",76,"affirmative","manner",,"conflated","A","leaf","1","manner_before_path",47.7140313522007,15.5714333424194,TRUE,
"exp2","exp2_077","Aff P C B_1",100,"affirmative","path",,"conflated","B","car","1","manner_before_path",47.7140313522007,15.5714333424194,TRUE,
"exp2","exp2_077","Aff P P D_1",100,"affirmative","path",,"path","D","plank","1","manner_before_path",47.7140313522007,15.5714333424194,TRUE,
"exp2","exp2_077","Neg C M B_1",4,"negative","conflated",,"manner","B","car","1","manner_before_path",47.7140313522007,15.5714333424194,TRUE,
"exp2","exp2_077","Neg M C E_1",0,"negative","manner",,"conflated","E","chair","1","manner_before_path",47.7140313522007,15.5714333424194,TRUE,
"exp2","exp2_077","Neg M M E_1",0,"negative","manner",,"manner","E","chair","1","manner_before_path",47.7140313522007,15.5714333424194,TRUE,
"exp2","exp2_077","Neg P 0 A_1",100,"negative","path",,"no_motion","A","leaf","1","manner_before_path",47.7140313522007,15.5714333424194,TRUE,
"exp2","exp2_077","Neg P M D_1",29,"negative","path",,"manner","D","plank","1","manner_before_path",47.7140313522007,15.5714333424194,TRUE,
"exp2","exp2_078","Aff C 0 A_1",60,"affirmative","conflated",,"no_motion","A","leaf","1","manner_before_path",8.01277389263827,15.5714333424194,FALSE,"low_response_variability"
"exp2","exp2_078","Aff C C E_1",60,"affirmative","conflated",,"conflated","E","chair","1","manner_before_path",8.01277389263827,15.5714333424194,FALSE,"low_response_variability"
"exp2","exp2_078","Aff C P A_1",60,"affirmative","conflated",,"path","A","leaf","1","manner_before_path",8.01277389263827,15.5714333424194,FALSE,"low_response_variability"
"exp2","exp2_078","Aff M 0 B_1",70,"affirmative","manner",,"no_motion","B","car","1","manner_before_path",8.01277389263827,15.5714333424194,FALSE,"low_response_variability"
"exp2","exp2_078","Aff M C D_1",50,"affirmative","manner",,"conflated","D","plank","1","manner_before_path",8.01277389263827,15.5714333424194,FALSE,"low_response_variability"
"exp2","exp2_078","Aff P C E_1",60,"affirmative","path",,"conflated","E","chair","1","manner_before_path",8.01277389263827,15.5714333424194,FALSE,"low_response_variability"
"exp2","exp2_078","Aff P P B_1",60,"affirmative","path",,"path","B","car","1","manner_before_path",8.01277389263827,15.5714333424194,FALSE,"low_response_variability"
"exp2","exp2_078","Neg C M E_1",45,"negative","conflated",,"manner","E","chair","1","manner_before_path",8.01277389263827,15.5714333424194,FALSE,"low_response_variability"
"exp2","exp2_078","Neg M C C_1",60,"negative","manner",,"conflated","C","paper","1","manner_before_path",8.01277389263827,15.5714333424194,FALSE,"low_response_variability"
"exp2","exp2_078","Neg M M C_1",60,"negative","manner",,"manner","C","paper","1","manner_before_path",8.01277389263827,15.5714333424194,FALSE,"low_response_variability"
"exp2","exp2_078","Neg P 0 D_1",45,"negative","path",,"no_motion","D","plank","1","manner_before_path",8.01277389263827,15.5714333424194,FALSE,"low_response_variability"
"exp2","exp2_078","Neg P M B_1",45,"negative","path",,"manner","B","car","1","manner_before_path",8.01277389263827,15.5714333424194,FALSE,"low_response_variability"
"exp2","exp2_079","Aff C 0 E_1",80,"affirmative","conflated",,"no_motion","E","chair","1","manner_before_path",33.2842441568215,15.5714333424194,TRUE,
"exp2","exp2_079","Aff C C D_1",0,"affirmative","conflated",,"conflated","D","plank","1","manner_before_path",33.2842441568215,15.5714333424194,TRUE,
"exp2","exp2_079","Aff C P E_1",31,"affirmative","conflated",,"path","E","chair","1","manner_before_path",33.2842441568215,15.5714333424194,TRUE,
"exp2","exp2_079","Aff M 0 A_1",100,"affirmative","manner",,"no_motion","A","leaf","1","manner_before_path",33.2842441568215,15.5714333424194,TRUE,
"exp2","exp2_079","Aff M C C_1",85,"affirmative","manner",,"conflated","C","paper","1","manner_before_path",33.2842441568215,15.5714333424194,TRUE,
"exp2","exp2_079","Aff P C D_1",59,"affirmative","path",,"conflated","D","plank","1","manner_before_path",33.2842441568215,15.5714333424194,TRUE,
"exp2","exp2_079","Aff P P A_6",100,"affirmative","path",,"path","A","leaf","6","manner_before_path",33.2842441568215,15.5714333424194,TRUE,
"exp2","exp2_079","Neg C M C_1",33,"negative","conflated",,"manner","C","paper","1","manner_before_path",33.2842441568215,15.5714333424194,TRUE,
"exp2","exp2_079","Neg M C B_1",49,"negative","manner",,"conflated","B","car","1","manner_before_path",33.2842441568215,15.5714333424194,TRUE,
"exp2","exp2_079","Neg M M B_1",70,"negative","manner",,"manner","B","car","1","manner_before_path",33.2842441568215,15.5714333424194,TRUE,
"exp2","exp2_079","Neg P 0 C_1",100,"negative","path",,"no_motion","C","paper","1","manner_before_path",33.2842441568215,15.5714333424194,TRUE,
"exp2","exp2_079","Neg P M A_1",100,"negative","path",,"manner","A","leaf","1","manner_before_path",33.2842441568215,15.5714333424194,TRUE,
"exp2","exp2_080","Aff C 0 E_1",12,"affirmative","conflated",,"no_motion","E","chair","1","manner_before_path",28.4928220625987,15.5714333424194,TRUE,
"exp2","exp2_080","Aff C C D_1",22,"affirmative","conflated",,"conflated","D","plank","1","manner_before_path",28.4928220625987,15.5714333424194,TRUE,
"exp2","exp2_080","Aff C P E_1",12,"affirmative","conflated",,"path","E","chair","1","manner_before_path",28.4928220625987,15.5714333424194,TRUE,
"exp2","exp2_080","Aff M 0 A_1",69,"affirmative","manner",,"no_motion","A","leaf","1","manner_before_path",28.4928220625987,15.5714333424194,TRUE,
"exp2","exp2_080","Aff M C C_1",71,"affirmative","manner",,"conflated","C","paper","1","manner_before_path",28.4928220625987,15.5714333424194,TRUE,
"exp2","exp2_080","Aff P C D_1",6,"affirmative","path",,"conflated","D","plank","1","manner_before_path",28.4928220625987,15.5714333424194,TRUE,
"exp2","exp2_080","Aff P P A_6",55,"affirmative","path",,"path","A","leaf","6","manner_before_path",28.4928220625987,15.5714333424194,TRUE,
"exp2","exp2_080","Neg C M C_1",67,"negative","conflated",,"manner","C","paper","1","manner_before_path",28.4928220625987,15.5714333424194,TRUE,
"exp2","exp2_080","Neg M C B_1",14,"negative","manner",,"conflated","B","car","1","manner_before_path",28.4928220625987,15.5714333424194,TRUE,
"exp2","exp2_080","Neg M M B_1",6,"negative","manner",,"manner","B","car","1","manner_before_path",28.4928220625987,15.5714333424194,TRUE,
"exp2","exp2_080","Neg P 0 C_1",68,"negative","path",,"no_motion","C","paper","1","manner_before_path",28.4928220625987,15.5714333424194,TRUE,
"exp2","exp2_080","Neg P M A_1",63,"negative","path",,"manner","A","leaf","1","manner_before_path",28.4928220625987,15.5714333424194,TRUE,
"exp2","exp2_081","Aff C M A_1",67,"affirmative","conflated",,"manner","A","leaf","1","manner_before_path",31.7617790128419,15.5714333424194,TRUE,
"exp2","exp2_081","Aff M M B_1",82,"affirmative","manner",,"manner","B","car","1","manner_before_path",31.7617790128419,15.5714333424194,TRUE,
"exp2","exp2_081","Aff M P E_1",0,"affirmative","manner",,"path","E","chair","1","manner_before_path",31.7617790128419,15.5714333424194,TRUE,
"exp2","exp2_081","Aff P 0 A_1",0,"affirmative","path",,"no_motion","A","leaf","1","manner_before_path",31.7617790128419,15.5714333424194,TRUE,
"exp2","exp2_081","Aff P M D_1",33,"affirmative","path",,"manner","D","plank","1","manner_before_path",31.7617790128419,15.5714333424194,TRUE,
"exp2","exp2_081","Neg C 0 E_1",43,"negative","conflated",,"no_motion","E","chair","1","manner_before_path",31.7617790128419,15.5714333424194,TRUE,
"exp2","exp2_081","Neg C C C_1",0,"negative","conflated",,"conflated","C","paper","1","manner_before_path",31.7617790128419,15.5714333424194,TRUE,
"exp2","exp2_081","Neg C P C_1",61,"negative","conflated",,"path","C","paper","1","manner_before_path",31.7617790128419,15.5714333424194,TRUE,
"exp2","exp2_081","Neg M 0 D_1",60,"negative","manner",,"no_motion","D","plank","1","manner_before_path",31.7617790128419,15.5714333424194,TRUE,
"exp2","exp2_081","Neg M P E_1",55,"negative","manner",,"path","E","chair","1","manner_before_path",31.7617790128419,15.5714333424194,TRUE,
"exp2","exp2_081","Neg P C B_1",0,"negative","path",,"conflated","B","car","1","manner_before_path",31.7617790128419,15.5714333424194,TRUE,
"exp2","exp2_081","Neg P P B_1",0,"negative","path",,"path","B","car","1","manner_before_path",31.7617790128419,15.5714333424194,TRUE,
"exp2","exp2_082","Aff C M E_1",59,"affirmative","conflated",,"manner","E","chair","1","manner_before_path",33.5083662099573,15.5714333424194,TRUE,
"exp2","exp2_082","Aff M M A_1",91,"affirmative","manner",,"manner","A","leaf","1","manner_before_path",33.5083662099573,15.5714333424194,TRUE,
"exp2","exp2_082","Aff M P D_1",1,"affirmative","manner",,"path","D","plank","1","manner_before_path",33.5083662099573,15.5714333424194,TRUE,
"exp2","exp2_082","Aff P 0 E_1",1,"affirmative","path",,"no_motion","E","chair","1","manner_before_path",33.5083662099573,15.5714333424194,TRUE,
"exp2","exp2_082","Aff P M C_1",50,"affirmative","path",,"manner","C","paper","1","manner_before_path",33.5083662099573,15.5714333424194,TRUE,
"exp2","exp2_082","Neg C 0 D_1",47,"negative","conflated",,"no_motion","D","plank","1","manner_before_path",33.5083662099573,15.5714333424194,TRUE,
"exp2","exp2_082","Neg C C B_1",2,"negative","conflated",,"conflated","B","car","1","manner_before_path",33.5083662099573,15.5714333424194,TRUE,
"exp2","exp2_082","Neg C P B_1",70,"negative","conflated",,"path","B","car","1","manner_before_path",33.5083662099573,15.5714333424194,TRUE,
"exp2","exp2_082","Neg M 0 C_1",57,"negative","manner",,"no_motion","C","paper","1","manner_before_path",33.5083662099573,15.5714333424194,TRUE,
"exp2","exp2_082","Neg M P D_1",65,"negative","manner",,"path","D","plank","1","manner_before_path",33.5083662099573,15.5714333424194,TRUE,
"exp2","exp2_082","Neg P C A_1",1,"negative","path",,"conflated","A","leaf","1","manner_before_path",33.5083662099573,15.5714333424194,TRUE,
"exp2","exp2_082","Neg P P A_1",1,"negative","path",,"path","A","leaf","1","manner_before_path",33.5083662099573,15.5714333424194,TRUE,
"exp2","exp2_083","Aff C 0 C_1",0,"affirmative","conflated",,"no_motion","C","paper","1","manner_before_path",41.2196628571924,15.5714333424194,TRUE,
"exp2","exp2_083","Aff C C B_1",95,"affirmative","conflated",,"conflated","B","car","1","manner_before_path",41.2196628571924,15.5714333424194,TRUE,
"exp2","exp2_083","Aff C P C_1",50,"affirmative","conflated",,"path","C","paper","1","manner_before_path",41.2196628571924,15.5714333424194,TRUE,
"exp2","exp2_083","Aff M 0 D_1",0,"affirmative","manner",,"no_motion","D","plank","1","manner_before_path",41.2196628571924,15.5714333424194,TRUE,
"exp2","exp2_083","Aff M C A_1",75,"affirmative","manner",,"conflated","A","leaf","1","manner_before_path",41.2196628571924,15.5714333424194,TRUE,
"exp2","exp2_083","Aff P C B_1",100,"affirmative","path",,"conflated","B","car","1","manner_before_path",41.2196628571924,15.5714333424194,TRUE,
"exp2","exp2_083","Aff P P D_1",90,"affirmative","path",,"path","D","plank","1","manner_before_path",41.2196628571924,15.5714333424194,TRUE,
"exp2","exp2_083","Neg C M B_1",40,"negative","conflated",,"manner","B","car","1","manner_before_path",41.2196628571924,15.5714333424194,TRUE,
"exp2","exp2_083","Neg M C E_1",10,"negative","manner",,"conflated","E","chair","1","manner_before_path",41.2196628571924,15.5714333424194,TRUE,
"exp2","exp2_083","Neg M M E_1",10,"negative","manner",,"manner","E","chair","1","manner_before_path",41.2196628571924,15.5714333424194,TRUE,
"exp2","exp2_083","Neg P 0 A_1",100,"negative","path",,"no_motion","A","leaf","1","manner_before_path",41.2196628571924,15.5714333424194,TRUE,
"exp2","exp2_083","Neg P M D_1",16,"negative","path",,"manner","D","plank","1","manner_before_path",41.2196628571924,15.5714333424194,TRUE,
"exp2","exp2_084","Aff C 0 B_1",0,"affirmative","conflated",,"no_motion","B","car","1","manner_before_path",35.7096880157447,15.5714333424194,TRUE,
"exp2","exp2_084","Aff C C A_1",94,"affirmative","conflated",,"conflated","A","leaf","1","manner_before_path",35.7096880157447,15.5714333424194,TRUE,
"exp2","exp2_084","Aff C P B_1",0,"affirmative","conflated",,"path","B","car","1","manner_before_path",35.7096880157447,15.5714333424194,TRUE,
"exp2","exp2_084","Aff M 0 C_1",0,"affirmative","manner",,"no_motion","C","paper","1","manner_before_path",35.7096880157447,15.5714333424194,TRUE,
"exp2","exp2_084","Aff M C E_1",72,"affirmative","manner",,"conflated","E","chair","1","manner_before_path",35.7096880157447,15.5714333424194,TRUE,
"exp2","exp2_084","Aff P C A_1",93,"affirmative","path",,"conflated","A","leaf","1","manner_before_path",35.7096880157447,15.5714333424194,TRUE,
"exp2","exp2_084","Aff P P C_1",95,"affirmative","path",,"path","C","paper","1","manner_before_path",35.7096880157447,15.5714333424194,TRUE,
"exp2","exp2_084","Neg C M A_1",59,"negative","conflated",,"manner","A","leaf","1","manner_before_path",35.7096880157447,15.5714333424194,TRUE,
"exp2","exp2_084","Neg M C D_1",62,"negative","manner",,"conflated","D","plank","1","manner_before_path",35.7096880157447,15.5714333424194,TRUE,
"exp2","exp2_084","Neg M M D_1",45,"negative","manner",,"manner","D","plank","1","manner_before_path",35.7096880157447,15.5714333424194,TRUE,
"exp2","exp2_084","Neg P 0 E_1",57,"negative","path",,"no_motion","E","chair","1","manner_before_path",35.7096880157447,15.5714333424194,TRUE,
"exp2","exp2_084","Neg P M C_1",53,"negative","path",,"manner","C","paper","1","manner_before_path",35.7096880157447,15.5714333424194,TRUE,
"exp2","exp2_085","Aff C M D_1",25,"affirmative","conflated",,"manner","D","plank","1","manner_before_path",15.6427928995103,15.5714333424194,TRUE,
"exp2","exp2_085","Aff M M E_1",80,"affirmative","manner",,"manner","E","chair","1","manner_before_path",15.6427928995103,15.5714333424194,TRUE,
"exp2","exp2_085","Aff M P C_1",65,"affirmative","manner",,"path","C","paper","1","manner_before_path",15.6427928995103,15.5714333424194,TRUE,
"exp2","exp2_085","Aff P 0 D_1",50,"affirmative","path",,"no_motion","D","plank","1","manner_before_path",15.6427928995103,15.5714333424194,TRUE,
"exp2","exp2_085","Aff P M B_1",50,"affirmative","path",,"manner","B","car","1","manner_before_path",15.6427928995103,15.5714333424194,TRUE,
"exp2","exp2_085","Neg C 0 C_1",30,"negative","conflated",,"no_motion","C","paper","1","manner_before_path",15.6427928995103,15.5714333424194,TRUE,
"exp2","exp2_085","Neg C C A_1",30,"negative","conflated",,"conflated","A","leaf","1","manner_before_path",15.6427928995103,15.5714333424194,TRUE,
"exp2","exp2_085","Neg C P A_1",35,"negative","conflated",,"path","A","leaf","1","manner_before_path",15.6427928995103,15.5714333424194,TRUE,
"exp2","exp2_085","Neg M 0 B_1",40,"negative","manner",,"no_motion","B","car","1","manner_before_path",15.6427928995103,15.5714333424194,TRUE,
"exp2","exp2_085","Neg M P C_1",40,"negative","manner",,"path","C","paper","1","manner_before_path",15.6427928995103,15.5714333424194,TRUE,
"exp2","exp2_085","Neg P C E_1",45,"negative","path",,"conflated","E","chair","1","manner_before_path",15.6427928995103,15.5714333424194,TRUE,
"exp2","exp2_085","Neg P P E_1",40,"negative","path",,"path","E","chair","1","manner_before_path",15.6427928995103,15.5714333424194,TRUE,
"exp2","exp2_086","Aff C M D_1",96,"affirmative","conflated",,"manner","D","plank","1","manner_before_path",42.0180336464613,15.5714333424194,TRUE,
"exp2","exp2_086","Aff M M E_1",92,"affirmative","manner",,"manner","E","chair","1","manner_before_path",42.0180336464613,15.5714333424194,TRUE,
"exp2","exp2_086","Aff M P C_1",93,"affirmative","manner",,"path","C","paper","1","manner_before_path",42.0180336464613,15.5714333424194,TRUE,
"exp2","exp2_086","Aff P 0 D_1",0,"affirmative","path",,"no_motion","D","plank","1","manner_before_path",42.0180336464613,15.5714333424194,TRUE,
"exp2","exp2_086","Aff P M B_1",20,"affirmative","path",,"manner","B","car","1","manner_before_path",42.0180336464613,15.5714333424194,TRUE,
"exp2","exp2_086","Neg C 0 C_1",97,"negative","conflated",,"no_motion","C","paper","1","manner_before_path",42.0180336464613,15.5714333424194,TRUE,
"exp2","exp2_086","Neg C C A_1",2,"negative","conflated",,"conflated","A","leaf","1","manner_before_path",42.0180336464613,15.5714333424194,TRUE,
"exp2","exp2_086","Neg C P A_1",90,"negative","conflated",,"path","A","leaf","1","manner_before_path",42.0180336464613,15.5714333424194,TRUE,
"exp2","exp2_086","Neg M 0 B_1",98,"negative","manner",,"no_motion","B","car","1","manner_before_path",42.0180336464613,15.5714333424194,TRUE,
"exp2","exp2_086","Neg M P C_1",66,"negative","manner",,"path","C","paper","1","manner_before_path",42.0180336464613,15.5714333424194,TRUE,
"exp2","exp2_086","Neg P C E_1",70,"negative","path",,"conflated","E","chair","1","manner_before_path",42.0180336464613,15.5714333424194,TRUE,
"exp2","exp2_086","Neg P P E_1",0,"negative","path",,"path","E","chair","1","manner_before_path",42.0180336464613,15.5714333424194,TRUE,
"exp2","exp2_087","Aff C 0 B_1",5,"affirmative","conflated",,"no_motion","B","car","1","manner_before_path",35.9060221166648,15.5714333424194,TRUE,
"exp2","exp2_087","Aff C C A_1",81,"affirmative","conflated",,"conflated","A","leaf","1","manner_before_path",35.9060221166648,15.5714333424194,TRUE,
"exp2","exp2_087","Aff C P B_1",18,"affirmative","conflated",,"path","B","car","1","manner_before_path",35.9060221166648,15.5714333424194,TRUE,
"exp2","exp2_087","Aff M 0 C_1",7,"affirmative","manner",,"no_motion","C","paper","1","manner_before_path",35.9060221166648,15.5714333424194,TRUE,
"exp2","exp2_087","Aff M C E_1",90,"affirmative","manner",,"conflated","E","chair","1","manner_before_path",35.9060221166648,15.5714333424194,TRUE,
"exp2","exp2_087","Aff P C A_1",78,"affirmative","path",,"conflated","A","leaf","1","manner_before_path",35.9060221166648,15.5714333424194,TRUE,
"exp2","exp2_087","Aff P P C_1",96,"affirmative","path",,"path","C","paper","1","manner_before_path",35.9060221166648,15.5714333424194,TRUE,
"exp2","exp2_087","Neg C M A_1",40,"negative","conflated",,"manner","A","leaf","1","manner_before_path",35.9060221166648,15.5714333424194,TRUE,
"exp2","exp2_087","Neg M C D_1",73,"negative","manner",,"conflated","D","plank","1","manner_before_path",35.9060221166648,15.5714333424194,TRUE,
"exp2","exp2_087","Neg M M D_1",17,"negative","manner",,"manner","D","plank","1","manner_before_path",35.9060221166648,15.5714333424194,TRUE,
"exp2","exp2_087","Neg P 0 E_1",94,"negative","path",,"no_motion","E","chair","1","manner_before_path",35.9060221166648,15.5714333424194,TRUE,
"exp2","exp2_087","Neg P M C_1",75,"negative","path",,"manner","C","paper","1","manner_before_path",35.9060221166648,15.5714333424194,TRUE,
"exp2","exp2_088","Aff C 0 C_1",0,"affirmative","conflated",,"no_motion","C","paper","1","manner_before_path",46.2941844636183,15.5714333424194,TRUE,
"exp2","exp2_088","Aff C C B_1",100,"affirmative","conflated",,"conflated","B","car","1","manner_before_path",46.2941844636183,15.5714333424194,TRUE,
"exp2","exp2_088","Aff C P C_1",76,"affirmative","conflated",,"path","C","paper","1","manner_before_path",46.2941844636183,15.5714333424194,TRUE,
"exp2","exp2_088","Aff M 0 D_1",0,"affirmative","manner",,"no_motion","D","plank","1","manner_before_path",46.2941844636183,15.5714333424194,TRUE,
"exp2","exp2_088","Aff M C A_1",70,"affirmative","manner",,"conflated","A","leaf","1","manner_before_path",46.2941844636183,15.5714333424194,TRUE,
"exp2","exp2_088","Aff P C B_1",100,"affirmative","path",,"conflated","B","car","1","manner_before_path",46.2941844636183,15.5714333424194,TRUE,
"exp2","exp2_088","Aff P P D_1",100,"affirmative","path",,"path","D","plank","1","manner_before_path",46.2941844636183,15.5714333424194,TRUE,
"exp2","exp2_088","Neg C M B_1",0,"negative","conflated",,"manner","B","car","1","manner_before_path",46.2941844636183,15.5714333424194,TRUE,
"exp2","exp2_088","Neg M C E_1",0,"negative","manner",,"conflated","E","chair","1","manner_before_path",46.2941844636183,15.5714333424194,TRUE,
"exp2","exp2_088","Neg M M E_1",0,"negative","manner",,"manner","E","chair","1","manner_before_path",46.2941844636183,15.5714333424194,TRUE,
"exp2","exp2_088","Neg P 0 A_1",100,"negative","path",,"no_motion","A","leaf","1","manner_before_path",46.2941844636183,15.5714333424194,TRUE,
"exp2","exp2_088","Neg P M D_1",50,"negative","path",,"manner","D","plank","1","manner_before_path",46.2941844636183,15.5714333424194,TRUE,
"exp2","exp2_089","Aff C M E_1",67,"affirmative","conflated",,"manner","E","chair","1","manner_before_path",28.4033448734476,15.5714333424194,TRUE,
"exp2","exp2_089","Aff M M A_1",86,"affirmative","manner",,"manner","A","leaf","1","manner_before_path",28.4033448734476,15.5714333424194,TRUE,
"exp2","exp2_089","Aff M P D_1",13,"affirmative","manner",,"path","D","plank","1","manner_before_path",28.4033448734476,15.5714333424194,TRUE,
"exp2","exp2_089","Aff P 0 E_1",44,"affirmative","path",,"no_motion","E","chair","1","manner_before_path",28.4033448734476,15.5714333424194,TRUE,
"exp2","exp2_089","Aff P M C_1",12,"affirmative","path",,"manner","C","paper","1","manner_before_path",28.4033448734476,15.5714333424194,TRUE,
"exp2","exp2_089","Neg C 0 D_1",6,"negative","conflated",,"no_motion","D","plank","1","manner_before_path",28.4033448734476,15.5714333424194,TRUE,
"exp2","exp2_089","Neg C C B_1",8,"negative","conflated",,"conflated","B","car","1","manner_before_path",28.4033448734476,15.5714333424194,TRUE,
"exp2","exp2_089","Neg C P B_1",20,"negative","conflated",,"path","B","car","1","manner_before_path",28.4033448734476,15.5714333424194,TRUE,
"exp2","exp2_089","Neg M 0 C_1",70,"negative","manner",,"no_motion","C","paper","1","manner_before_path",28.4033448734476,15.5714333424194,TRUE,
"exp2","exp2_089","Neg M P D_1",13,"negative","manner",,"path","D","plank","1","manner_before_path",28.4033448734476,15.5714333424194,TRUE,
"exp2","exp2_089","Neg P C A_1",29,"negative","path",,"conflated","A","leaf","1","manner_before_path",28.4033448734476,15.5714333424194,TRUE,
"exp2","exp2_089","Neg P P A_1",7,"negative","path",,"path","A","leaf","1","manner_before_path",28.4033448734476,15.5714333424194,TRUE,
"exp2","exp2_090","Aff C 0 A_1",15,"affirmative","conflated",,"no_motion","A","leaf","1","manner_before_path",19.1833260932509,15.5714333424194,TRUE,
"exp2","exp2_090","Aff C C E_1",18,"affirmative","conflated",,"conflated","E","chair","1","manner_before_path",19.1833260932509,15.5714333424194,TRUE,
"exp2","exp2_090","Aff C P A_1",14,"affirmative","conflated",,"path","A","leaf","1","manner_before_path",19.1833260932509,15.5714333424194,TRUE,
"exp2","exp2_090","Aff M 0 B_1",6,"affirmative","manner",,"no_motion","B","car","1","manner_before_path",19.1833260932509,15.5714333424194,TRUE,
"exp2","exp2_090","Aff M C D_1",54,"affirmative","manner",,"conflated","D","plank","1","manner_before_path",19.1833260932509,15.5714333424194,TRUE,
"exp2","exp2_090","Aff P C E_1",25,"affirmative","path",,"conflated","E","chair","1","manner_before_path",19.1833260932509,15.5714333424194,TRUE,
"exp2","exp2_090","Aff P P B_1",52,"affirmative","path",,"path","B","car","1","manner_before_path",19.1833260932509,15.5714333424194,TRUE,
"exp2","exp2_090","Neg C M E_1",17,"negative","conflated",,"manner","E","chair","1","manner_before_path",19.1833260932509,15.5714333424194,TRUE,
"exp2","exp2_090","Neg M C C_1",6,"negative","manner",,"conflated","C","paper","1","manner_before_path",19.1833260932509,15.5714333424194,TRUE,
"exp2","exp2_090","Neg M M C_1",18,"negative","manner",,"manner","C","paper","1","manner_before_path",19.1833260932509,15.5714333424194,TRUE,
"exp2","exp2_090","Neg P 0 D_1",6,"negative","path",,"no_motion","D","plank","1","manner_before_path",19.1833260932509,15.5714333424194,TRUE,
"exp2","exp2_090","Neg P M B_1",57,"negative","path",,"manner","B","car","1","manner_before_path",19.1833260932509,15.5714333424194,TRUE,
"exp2","exp2_091","Aff C 0 D_1",0,"affirmative","conflated",,"no_motion","D","plank","1","manner_before_path",31.9358969680126,15.5714333424194,TRUE,
"exp2","exp2_091","Aff C C C_1",66,"affirmative","conflated",,"conflated","C","paper","1","manner_before_path",31.9358969680126,15.5714333424194,TRUE,
"exp2","exp2_091","Aff C P D_1",29,"affirmative","conflated",,"path","D","plank","1","manner_before_path",31.9358969680126,15.5714333424194,TRUE,
"exp2","exp2_091","Aff M 0 E_1",3,"affirmative","manner",,"no_motion","E","chair","1","manner_before_path",31.9358969680126,15.5714333424194,TRUE,
"exp2","exp2_091","Aff M C B_1",79,"affirmative","manner",,"conflated","B","car","1","manner_before_path",31.9358969680126,15.5714333424194,TRUE,
"exp2","exp2_091","Aff P C C_1",75,"affirmative","path",,"conflated","C","paper","1","manner_before_path",31.9358969680126,15.5714333424194,TRUE,
"exp2","exp2_091","Aff P P E_1",95,"affirmative","path",,"path","E","chair","1","manner_before_path",31.9358969680126,15.5714333424194,TRUE,
"exp2","exp2_091","Neg C M D_1",82,"negative","conflated",,"manner","D","plank","1","manner_before_path",31.9358969680126,15.5714333424194,TRUE,
"exp2","exp2_091","Neg M C A_1",22,"negative","manner",,"conflated","A","leaf","1","manner_before_path",31.9358969680126,15.5714333424194,TRUE,
"exp2","exp2_091","Neg M M A_1",62,"negative","manner",,"manner","A","leaf","1","manner_before_path",31.9358969680126,15.5714333424194,TRUE,
"exp2","exp2_091","Neg P 0 B_1",71,"negative","path",,"no_motion","B","car","1","manner_before_path",31.9358969680126,15.5714333424194,TRUE,
"exp2","exp2_091","Neg P M E_1",47,"negative","path",,"manner","E","chair","1","manner_before_path",31.9358969680126,15.5714333424194,TRUE,
"exp2","exp2_092","Aff C M E_1",93,"affirmative","conflated",,"manner","E","chair","1","manner_before_path",46.7712032616807,15.5714333424194,TRUE,
"exp2","exp2_092","Aff M M A_1",100,"affirmative","manner",,"manner","A","leaf","1","manner_before_path",46.7712032616807,15.5714333424194,TRUE,
"exp2","exp2_092","Aff M P D_1",2,"affirmative","manner",,"path","D","plank","1","manner_before_path",46.7712032616807,15.5714333424194,TRUE,
"exp2","exp2_092","Aff P 0 E_1",0,"affirmative","path",,"no_motion","E","chair","1","manner_before_path",46.7712032616807,15.5714333424194,TRUE,
"exp2","exp2_092","Aff P M C_1",74,"affirmative","path",,"manner","C","paper","1","manner_before_path",46.7712032616807,15.5714333424194,TRUE,
"exp2","exp2_092","Neg C 0 D_1",96,"negative","conflated",,"no_motion","D","plank","1","manner_before_path",46.7712032616807,15.5714333424194,TRUE,
"exp2","exp2_092","Neg C C B_1",0,"negative","conflated",,"conflated","B","car","1","manner_before_path",46.7712032616807,15.5714333424194,TRUE,
"exp2","exp2_092","Neg C P B_1",100,"negative","conflated",,"path","B","car","1","manner_before_path",46.7712032616807,15.5714333424194,TRUE,
"exp2","exp2_092","Neg M 0 C_1",73,"negative","manner",,"no_motion","C","paper","1","manner_before_path",46.7712032616807,15.5714333424194,TRUE,
"exp2","exp2_092","Neg M P D_1",92,"negative","manner",,"path","D","plank","1","manner_before_path",46.7712032616807,15.5714333424194,TRUE,
"exp2","exp2_092","Neg P C A_1",0,"negative","path",,"conflated","A","leaf","1","manner_before_path",46.7712032616807,15.5714333424194,TRUE,
"exp2","exp2_092","Neg P P A_1",0,"negative","path",,"path","A","leaf","1","manner_before_path",46.7712032616807,15.5714333424194,TRUE,
"exp2","exp2_093","Aff C 0 A_1",24,"affirmative","conflated",,"no_motion","A","leaf","1","manner_before_path",46.0973936027808,15.5714333424194,TRUE,
"exp2","exp2_093","Aff C C E_1",100,"affirmative","conflated",,"conflated","E","chair","1","manner_before_path",46.0973936027808,15.5714333424194,TRUE,
"exp2","exp2_093","Aff C P A_1",0,"affirmative","conflated",,"path","A","leaf","1","manner_before_path",46.0973936027808,15.5714333424194,TRUE,
"exp2","exp2_093","Aff M 0 B_1",0,"affirmative","manner",,"no_motion","B","car","1","manner_before_path",46.0973936027808,15.5714333424194,TRUE,
"exp2","exp2_093","Aff M C D_1",100,"affirmative","manner",,"conflated","D","plank","1","manner_before_path",46.0973936027808,15.5714333424194,TRUE,
"exp2","exp2_093","Aff P C E_1",80,"affirmative","path",,"conflated","E","chair","1","manner_before_path",46.0973936027808,15.5714333424194,TRUE,
"exp2","exp2_093","Aff P P B_1",100,"affirmative","path",,"path","B","car","1","manner_before_path",46.0973936027808,15.5714333424194,TRUE,
"exp2","exp2_093","Neg C M E_1",0,"negative","conflated",,"manner","E","chair","1","manner_before_path",46.0973936027808,15.5714333424194,TRUE,
"exp2","exp2_093","Neg M C C_1",0,"negative","manner",,"conflated","C","paper","1","manner_before_path",46.0973936027808,15.5714333424194,TRUE,
"exp2","exp2_093","Neg M M C_1",0,"negative","manner",,"manner","C","paper","1","manner_before_path",46.0973936027808,15.5714333424194,TRUE,
"exp2","exp2_093","Neg P 0 D_1",0,"negative","path",,"no_motion","D","plank","1","manner_before_path",46.0973936027808,15.5714333424194,TRUE,
"exp2","exp2_093","Neg P M B_1",0,"negative","path",,"manner","B","car","1","manner_before_path",46.0973936027808,15.5714333424194,TRUE,
"exp2","exp2_094","Aff C M B_1",50,"affirmative","conflated",,"manner","B","car","1","manner_before_path",17.3205080756888,15.5714333424194,TRUE,
"exp2","exp2_094","Aff M M C_1",70,"affirmative","manner",,"manner","C","paper","1","manner_before_path",17.3205080756888,15.5714333424194,TRUE,
"exp2","exp2_094","Aff M P A_1",35,"affirmative","manner",,"path","A","leaf","1","manner_before_path",17.3205080756888,15.5714333424194,TRUE,
"exp2","exp2_094","Aff P 0 B_1",60,"affirmative","path",,"no_motion","B","car","1","manner_before_path",17.3205080756888,15.5714333424194,TRUE,
"exp2","exp2_094","Aff P M E_1",30,"affirmative","path",,"manner","E","chair","1","manner_before_path",17.3205080756888,15.5714333424194,TRUE,
"exp2","exp2_094","Neg C 0 A_1",25,"negative","conflated",,"no_motion","A","leaf","1","manner_before_path",17.3205080756888,15.5714333424194,TRUE,
"exp2","exp2_094","Neg C C D_1",20,"negative","conflated",,"conflated","D","plank","1","manner_before_path",17.3205080756888,15.5714333424194,TRUE,
"exp2","exp2_094","Neg C P D_1",15,"negative","conflated",,"path","D","plank","1","manner_before_path",17.3205080756888,15.5714333424194,TRUE,
"exp2","exp2_094","Neg M 0 E_1",20,"negative","manner",,"no_motion","E","chair","1","manner_before_path",17.3205080756888,15.5714333424194,TRUE,
"exp2","exp2_094","Neg M P A_1",40,"negative","manner",,"path","A","leaf","1","manner_before_path",17.3205080756888,15.5714333424194,TRUE,
"exp2","exp2_094","Neg P C C_1",35,"negative","path",,"conflated","C","paper","1","manner_before_path",17.3205080756888,15.5714333424194,TRUE,
"exp2","exp2_094","Neg P P C_1",20,"negative","path",,"path","C","paper","1","manner_before_path",17.3205080756888,15.5714333424194,TRUE,
"exp2","exp2_095","Aff C 0 B_1",9,"affirmative","conflated",,"no_motion","B","car","1","manner_before_path",34.4445096121899,15.5714333424194,TRUE,
"exp2","exp2_095","Aff C C A_1",85,"affirmative","conflated",,"conflated","A","leaf","1","manner_before_path",34.4445096121899,15.5714333424194,TRUE,
"exp2","exp2_095","Aff C P B_1",6,"affirmative","conflated",,"path","B","car","1","manner_before_path",34.4445096121899,15.5714333424194,TRUE,
"exp2","exp2_095","Aff M 0 C_1",23,"affirmative","manner",,"no_motion","C","paper","1","manner_before_path",34.4445096121899,15.5714333424194,TRUE,
"exp2","exp2_095","Aff M C E_1",90,"affirmative","manner",,"conflated","E","chair","1","manner_before_path",34.4445096121899,15.5714333424194,TRUE,
"exp2","exp2_095","Aff P C A_1",93,"affirmative","path",,"conflated","A","leaf","1","manner_before_path",34.4445096121899,15.5714333424194,TRUE,
"exp2","exp2_095","Aff P P C_1",86,"affirmative","path",,"path","C","paper","1","manner_before_path",34.4445096121899,15.5714333424194,TRUE,
"exp2","exp2_095","Neg C M A_1",25,"negative","conflated",,"manner","A","leaf","1","manner_before_path",34.4445096121899,15.5714333424194,TRUE,
"exp2","exp2_095","Neg M C D_1",32,"negative","manner",,"conflated","D","plank","1","manner_before_path",34.4445096121899,15.5714333424194,TRUE,
"exp2","exp2_095","Neg M M D_1",43,"negative","manner",,"manner","D","plank","1","manner_before_path",34.4445096121899,15.5714333424194,TRUE,
"exp2","exp2_095","Neg P 0 E_1",89,"negative","path",,"no_motion","E","chair","1","manner_before_path",34.4445096121899,15.5714333424194,TRUE,
"exp2","exp2_095","Neg P M C_1",71,"negative","path",,"manner","C","paper","1","manner_before_path",34.4445096121899,15.5714333424194,TRUE,
"exp2","exp2_096","Aff C M E_1",35,"affirmative","conflated",,"manner","E","chair","1","manner_before_path",32.1426743621547,15.5714333424194,TRUE,
"exp2","exp2_096","Aff M M A_1",97,"affirmative","manner",,"manner","A","leaf","1","manner_before_path",32.1426743621547,15.5714333424194,TRUE,
"exp2","exp2_096","Aff M P D_1",37,"affirmative","manner",,"path","D","plank","1","manner_before_path",32.1426743621547,15.5714333424194,TRUE,
"exp2","exp2_096","Aff P 0 E_1",0,"affirmative","path",,"no_motion","E","chair","1","manner_before_path",32.1426743621547,15.5714333424194,TRUE,
"exp2","exp2_096","Aff P M C_1",58,"affirmative","path",,"manner","C","paper","1","manner_before_path",32.1426743621547,15.5714333424194,TRUE,
"exp2","exp2_096","Neg C 0 D_1",40,"negative","conflated",,"no_motion","D","plank","1","manner_before_path",32.1426743621547,15.5714333424194,TRUE,
"exp2","exp2_096","Neg C C B_1",4,"negative","conflated",,"conflated","B","car","1","manner_before_path",32.1426743621547,15.5714333424194,TRUE,
"exp2","exp2_096","Neg C P B_1",73,"negative","conflated",,"path","B","car","1","manner_before_path",32.1426743621547,15.5714333424194,TRUE,
"exp2","exp2_096","Neg M 0 C_1",66,"negative","manner",,"no_motion","C","paper","1","manner_before_path",32.1426743621547,15.5714333424194,TRUE,
"exp2","exp2_096","Neg M P D_1",23,"negative","manner",,"path","D","plank","1","manner_before_path",32.1426743621547,15.5714333424194,TRUE,
"exp2","exp2_096","Neg P C A_1",3,"negative","path",,"conflated","A","leaf","1","manner_before_path",32.1426743621547,15.5714333424194,TRUE,
"exp2","exp2_096","Neg P P A_1",0,"negative","path",,"path","A","leaf","1","manner_before_path",32.1426743621547,15.5714333424194,TRUE,
"exp2","exp2_097","Aff C M C_1",62,"affirmative","conflated",,"manner","C","paper","1","manner_before_path",22.9444322156154,15.5714333424194,TRUE,
"exp2","exp2_097","Aff M M D_1",86,"affirmative","manner",,"manner","D","plank","1","manner_before_path",22.9444322156154,15.5714333424194,TRUE,
"exp2","exp2_097","Aff M P B_1",9,"affirmative","manner",,"path","B","car","1","manner_before_path",22.9444322156154,15.5714333424194,TRUE,
"exp2","exp2_097","Aff P 0 C_1",35,"affirmative","path",,"no_motion","C","paper","1","manner_before_path",22.9444322156154,15.5714333424194,TRUE,
"exp2","exp2_097","Aff P M A_1",55,"affirmative","path",,"manner","A","leaf","1","manner_before_path",22.9444322156154,15.5714333424194,TRUE,
"exp2","exp2_097","Neg C 0 B_1",50,"negative","conflated",,"no_motion","B","car","1","manner_before_path",22.9444322156154,15.5714333424194,TRUE,
"exp2","exp2_097","Neg C C E_1",28,"negative","conflated",,"conflated","E","chair","1","manner_before_path",22.9444322156154,15.5714333424194,TRUE,
"exp2","exp2_097","Neg C P E_1",35,"negative","conflated",,"path","E","chair","1","manner_before_path",22.9444322156154,15.5714333424194,TRUE,
"exp2","exp2_097","Neg M 0 A_1",50,"negative","manner",,"no_motion","A","leaf","1","manner_before_path",22.9444322156154,15.5714333424194,TRUE,
"exp2","exp2_097","Neg M P B_1",1,"negative","manner",,"path","B","car","1","manner_before_path",22.9444322156154,15.5714333424194,TRUE,
"exp2","exp2_097","Neg P C D_1",31,"negative","path",,"conflated","D","plank","1","manner_before_path",22.9444322156154,15.5714333424194,TRUE,
"exp2","exp2_097","Neg P P D_1",37,"negative","path",,"path","D","plank","1","manner_before_path",22.9444322156154,15.5714333424194,TRUE,
"exp2","exp2_098","Aff C M B_1",0,"affirmative","conflated",,"manner","B","car","1","manner_before_path",47.570282931488,15.5714333424194,TRUE,
"exp2","exp2_098","Aff M M C_1",92,"affirmative","manner",,"manner","C","paper","1","manner_before_path",47.570282931488,15.5714333424194,TRUE,
"exp2","exp2_098","Aff M P A_1",0,"affirmative","manner",,"path","A","leaf","1","manner_before_path",47.570282931488,15.5714333424194,TRUE,
"exp2","exp2_098","Aff P 0 B_1",0,"affirmative","path",,"no_motion","B","car","1","manner_before_path",47.570282931488,15.5714333424194,TRUE,
"exp2","exp2_098","Aff P M E_1",9,"affirmative","path",,"manner","E","chair","1","manner_before_path",47.570282931488,15.5714333424194,TRUE,
"exp2","exp2_098","Neg C 0 A_1",100,"negative","conflated",,"no_motion","A","leaf","1","manner_before_path",47.570282931488,15.5714333424194,TRUE,
"exp2","exp2_098","Neg C C D_1",0,"negative","conflated",,"conflated","D","plank","1","manner_before_path",47.570282931488,15.5714333424194,TRUE,
"exp2","exp2_098","Neg C P D_1",0,"negative","conflated",,"path","D","plank","1","manner_before_path",47.570282931488,15.5714333424194,TRUE,
"exp2","exp2_098","Neg M 0 E_1",100,"negative","manner",,"no_motion","E","chair","1","manner_before_path",47.570282931488,15.5714333424194,TRUE,
"exp2","exp2_098","Neg M P A_1",100,"negative","manner",,"path","A","leaf","1","manner_before_path",47.570282931488,15.5714333424194,TRUE,
"exp2","exp2_098","Neg P C C_1",4,"negative","path",,"conflated","C","paper","1","manner_before_path",47.570282931488,15.5714333424194,TRUE,
"exp2","exp2_098","Neg P P C_1",0,"negative","path",,"path","C","paper","1","manner_before_path",47.570282931488,15.5714333424194,TRUE,
"exp2","exp2_099","Aff C M A_1",22,"affirmative","conflated",,"manner","A","leaf","1","manner_before_path",32.1760074363718,15.5714333424194,TRUE,
"exp2","exp2_099","Aff M M B_1",60,"affirmative","manner",,"manner","B","car","1","manner_before_path",32.1760074363718,15.5714333424194,TRUE,
"exp2","exp2_099","Aff M P E_1",34,"affirmative","manner",,"path","E","chair","1","manner_before_path",32.1760074363718,15.5714333424194,TRUE,
"exp2","exp2_099","Aff P 0 A_1",83,"affirmative","path",,"no_motion","A","leaf","1","manner_before_path",32.1760074363718,15.5714333424194,TRUE,
"exp2","exp2_099","Aff P M D_1",72,"affirmative","path",,"manner","D","plank","1","manner_before_path",32.1760074363718,15.5714333424194,TRUE,
"exp2","exp2_099","Neg C 0 E_1",0,"negative","conflated",,"no_motion","E","chair","1","manner_before_path",32.1760074363718,15.5714333424194,TRUE,
"exp2","exp2_099","Neg C C C_1",4,"negative","conflated",,"conflated","C","paper","1","manner_before_path",32.1760074363718,15.5714333424194,TRUE,
"exp2","exp2_099","Neg C P C_1",3,"negative","conflated",,"path","C","paper","1","manner_before_path",32.1760074363718,15.5714333424194,TRUE,
"exp2","exp2_099","Neg M 0 D_1",16,"negative","manner",,"no_motion","D","plank","1","manner_before_path",32.1760074363718,15.5714333424194,TRUE,
"exp2","exp2_099","Neg M P E_1",20,"negative","manner",,"path","E","chair","1","manner_before_path",32.1760074363718,15.5714333424194,TRUE,
"exp2","exp2_099","Neg P C B_1",78,"negative","path",,"conflated","B","car","1","manner_before_path",32.1760074363718,15.5714333424194,TRUE,
"exp2","exp2_099","Neg P P B_1",73,"negative","path",,"path","B","car","1","manner_before_path",32.1760074363718,15.5714333424194,TRUE,
"exp2","exp2_100","Aff C M C_1",40,"affirmative","conflated",,"manner","C","paper","1","manner_before_path",27.122058561364,15.5714333424194,TRUE,
"exp2","exp2_100","Aff M M D_1",75,"affirmative","manner",,"manner","D","plank","1","manner_before_path",27.122058561364,15.5714333424194,TRUE,
"exp2","exp2_100","Aff M P B_1",0,"affirmative","manner",,"path","B","car","1","manner_before_path",27.122058561364,15.5714333424194,TRUE,
"exp2","exp2_100","Aff P 0 C_1",20,"affirmative","path",,"no_motion","C","paper","1","manner_before_path",27.122058561364,15.5714333424194,TRUE,
"exp2","exp2_100","Aff P M A_1",55,"affirmative","path",,"manner","A","leaf","1","manner_before_path",27.122058561364,15.5714333424194,TRUE,
"exp2","exp2_100","Neg C 0 B_1",50,"negative","conflated",,"no_motion","B","car","1","manner_before_path",27.122058561364,15.5714333424194,TRUE,
"exp2","exp2_100","Neg C C E_1",25,"negative","conflated",,"conflated","E","chair","1","manner_before_path",27.122058561364,15.5714333424194,TRUE,
"exp2","exp2_100","Neg C P E_1",75,"negative","conflated",,"path","E","chair","1","manner_before_path",27.122058561364,15.5714333424194,TRUE,
"exp2","exp2_100","Neg M 0 A_1",60,"negative","manner",,"no_motion","A","leaf","1","manner_before_path",27.122058561364,15.5714333424194,TRUE,
"exp2","exp2_100","Neg M P B_1",100,"negative","manner",,"path","B","car","1","manner_before_path",27.122058561364,15.5714333424194,TRUE,
"exp2","exp2_100","Neg P C D_1",50,"negative","path",,"conflated","D","plank","1","manner_before_path",27.122058561364,15.5714333424194,TRUE,
"exp2","exp2_100","Neg P P D_1",40,"negative","path",,"path","D","plank","1","manner_before_path",27.122058561364,15.5714333424194,TRUE,
"exp2","exp2_101","Aff C 0 D_1",0,"affirmative","conflated",,"no_motion","D","plank","1","manner_before_path",47.1290941473684,15.5714333424194,TRUE,
"exp2","exp2_101","Aff C C C_1",99,"affirmative","conflated",,"conflated","C","paper","1","manner_before_path",47.1290941473684,15.5714333424194,TRUE,
"exp2","exp2_101","Aff C P D_1",14,"affirmative","conflated",,"path","D","plank","1","manner_before_path",47.1290941473684,15.5714333424194,TRUE,
"exp2","exp2_101","Aff M 0 E_1",1,"affirmative","manner",,"no_motion","E","chair","1","manner_before_path",47.1290941473684,15.5714333424194,TRUE,
"exp2","exp2_101","Aff M C B_1",97,"affirmative","manner",,"conflated","B","car","1","manner_before_path",47.1290941473684,15.5714333424194,TRUE,
"exp2","exp2_101","Aff P C C_1",99,"affirmative","path",,"conflated","C","paper","1","manner_before_path",47.1290941473684,15.5714333424194,TRUE,
"exp2","exp2_101","Aff P P E_1",100,"affirmative","path",,"path","E","chair","1","manner_before_path",47.1290941473684,15.5714333424194,TRUE,
"exp2","exp2_101","Neg C M D_1",1,"negative","conflated",,"manner","D","plank","1","manner_before_path",47.1290941473684,15.5714333424194,TRUE,
"exp2","exp2_101","Neg M C A_1",3,"negative","manner",,"conflated","A","leaf","1","manner_before_path",47.1290941473684,15.5714333424194,TRUE,
"exp2","exp2_101","Neg M M A_1",0,"negative","manner",,"manner","A","leaf","1","manner_before_path",47.1290941473684,15.5714333424194,TRUE,
"exp2","exp2_101","Neg P 0 B_1",88,"negative","path",,"no_motion","B","car","1","manner_before_path",47.1290941473684,15.5714333424194,TRUE,
"exp2","exp2_101","Neg P M E_1",66,"negative","path",,"manner","E","chair","1","manner_before_path",47.1290941473684,15.5714333424194,TRUE,
"exp2","exp2_102","Aff C M E_1",66,"affirmative","conflated",,"manner","E","chair","1","manner_before_path",40.143964412946,15.5714333424194,TRUE,
"exp2","exp2_102","Aff M M A_1",73,"affirmative","manner",,"manner","A","leaf","1","manner_before_path",40.143964412946,15.5714333424194,TRUE,
"exp2","exp2_102","Aff M P D_1",1,"affirmative","manner",,"path","D","plank","1","manner_before_path",40.143964412946,15.5714333424194,TRUE,
"exp2","exp2_102","Aff P 0 E_1",0,"affirmative","path",,"no_motion","E","chair","1","manner_before_path",40.143964412946,15.5714333424194,TRUE,
"exp2","exp2_102","Aff P M C_1",17,"affirmative","path",,"manner","C","paper","1","manner_before_path",40.143964412946,15.5714333424194,TRUE,
"exp2","exp2_102","Neg C 0 D_1",100,"negative","conflated",,"no_motion","D","plank","1","manner_before_path",40.143964412946,15.5714333424194,TRUE,
"exp2","exp2_102","Neg C C B_1",0,"negative","conflated",,"conflated","B","car","1","manner_before_path",40.143964412946,15.5714333424194,TRUE,
"exp2","exp2_102","Neg C P B_1",83,"negative","conflated",,"path","B","car","1","manner_before_path",40.143964412946,15.5714333424194,TRUE,
"exp2","exp2_102","Neg M 0 C_1",81,"negative","manner",,"no_motion","C","paper","1","manner_before_path",40.143964412946,15.5714333424194,TRUE,
"exp2","exp2_102","Neg M P D_1",81,"negative","manner",,"path","D","plank","1","manner_before_path",40.143964412946,15.5714333424194,TRUE,
"exp2","exp2_102","Neg P C A_1",19,"negative","path",,"conflated","A","leaf","1","manner_before_path",40.143964412946,15.5714333424194,TRUE,
"exp2","exp2_102","Neg P P A_1",0,"negative","path",,"path","A","leaf","1","manner_before_path",40.143964412946,15.5714333424194,TRUE,
"exp2","exp2_103","Aff C 0 E_1",0,"affirmative","conflated",,"no_motion","E","chair","1","manner_before_path",27.2646957871097,15.5714333424194,TRUE,
"exp2","exp2_103","Aff C C D_1",10,"affirmative","conflated",,"conflated","D","plank","1","manner_before_path",27.2646957871097,15.5714333424194,TRUE,
"exp2","exp2_103","Aff C P E_1",7,"affirmative","conflated",,"path","E","chair","1","manner_before_path",27.2646957871097,15.5714333424194,TRUE,
"exp2","exp2_103","Aff M 0 A_1",5,"affirmative","manner",,"no_motion","A","leaf","1","manner_before_path",27.2646957871097,15.5714333424194,TRUE,
"exp2","exp2_103","Aff M C C_1",70,"affirmative","manner",,"conflated","C","paper","1","manner_before_path",27.2646957871097,15.5714333424194,TRUE,
"exp2","exp2_103","Aff P C D_1",12,"affirmative","path",,"conflated","D","plank","1","manner_before_path",27.2646957871097,15.5714333424194,TRUE,
"exp2","exp2_103","Aff P P A_6",82,"affirmative","path",,"path","A","leaf","6","manner_before_path",27.2646957871097,15.5714333424194,TRUE,
"exp2","exp2_103","Neg C M C_1",3,"negative","conflated",,"manner","C","paper","1","manner_before_path",27.2646957871097,15.5714333424194,TRUE,
"exp2","exp2_103","Neg M C B_1",14,"negative","manner",,"conflated","B","car","1","manner_before_path",27.2646957871097,15.5714333424194,TRUE,
"exp2","exp2_103","Neg M M B_1",8,"negative","manner",,"manner","B","car","1","manner_before_path",27.2646957871097,15.5714333424194,TRUE,
"exp2","exp2_103","Neg P 0 C_1",3,"negative","path",,"no_motion","C","paper","1","manner_before_path",27.2646957871097,15.5714333424194,TRUE,
"exp2","exp2_103","Neg P M A_1",8,"negative","path",,"manner","A","leaf","1","manner_before_path",27.2646957871097,15.5714333424194,TRUE,
"exp2","exp2_104","Aff C 0 B_1",0,"affirmative","conflated",,"no_motion","B","car","1","manner_before_path",43.4866750751412,15.5714333424194,TRUE,
"exp2","exp2_104","Aff C C A_1",63,"affirmative","conflated",,"conflated","A","leaf","1","manner_before_path",43.4866750751412,15.5714333424194,TRUE,
"exp2","exp2_104","Aff C P B_1",0,"affirmative","conflated",,"path","B","car","1","manner_before_path",43.4866750751412,15.5714333424194,TRUE,
"exp2","exp2_104","Aff M 0 C_1",0,"affirmative","manner",,"no_motion","C","paper","1","manner_before_path",43.4866750751412,15.5714333424194,TRUE,
"exp2","exp2_104","Aff M C E_1",76,"affirmative","manner",,"conflated","E","chair","1","manner_before_path",43.4866750751412,15.5714333424194,TRUE,
"exp2","exp2_104","Aff P C A_1",100,"affirmative","path",,"conflated","A","leaf","1","manner_before_path",43.4866750751412,15.5714333424194,TRUE,
"exp2","exp2_104","Aff P P C_1",94,"affirmative","path",,"path","C","paper","1","manner_before_path",43.4866750751412,15.5714333424194,TRUE,
"exp2","exp2_104","Neg C M A_1",12,"negative","conflated",,"manner","A","leaf","1","manner_before_path",43.4866750751412,15.5714333424194,TRUE,
"exp2","exp2_104","Neg M C D_1",6,"negative","manner",,"conflated","D","plank","1","manner_before_path",43.4866750751412,15.5714333424194,TRUE,
"exp2","exp2_104","Neg M M D_1",10,"negative","manner",,"manner","D","plank","1","manner_before_path",43.4866750751412,15.5714333424194,TRUE,
"exp2","exp2_104","Neg P 0 E_1",100,"negative","path",,"no_motion","E","chair","1","manner_before_path",43.4866750751412,15.5714333424194,TRUE,
"exp2","exp2_104","Neg P M C_1",79,"negative","path",,"manner","C","paper","1","manner_before_path",43.4866750751412,15.5714333424194,TRUE,
"exp2","exp2_105","Aff C 0 B_1",3,"affirmative","conflated",,"no_motion","B","car","1","manner_before_path",34.3215631486926,15.5714333424194,TRUE,
"exp2","exp2_105","Aff C C A_1",15,"affirmative","conflated",,"conflated","A","leaf","1","manner_before_path",34.3215631486926,15.5714333424194,TRUE,
"exp2","exp2_105","Aff C P B_1",13,"affirmative","conflated",,"path","B","car","1","manner_before_path",34.3215631486926,15.5714333424194,TRUE,
"exp2","exp2_105","Aff M 0 C_1",1,"affirmative","manner",,"no_motion","C","paper","1","manner_before_path",34.3215631486926,15.5714333424194,TRUE,
"exp2","exp2_105","Aff M C E_1",93,"affirmative","manner",,"conflated","E","chair","1","manner_before_path",34.3215631486926,15.5714333424194,TRUE,
"exp2","exp2_105","Aff P C A_1",55,"affirmative","path",,"conflated","A","leaf","1","manner_before_path",34.3215631486926,15.5714333424194,TRUE,
"exp2","exp2_105","Aff P P C_1",77,"affirmative","path",,"path","C","paper","1","manner_before_path",34.3215631486926,15.5714333424194,TRUE,
"exp2","exp2_105","Neg C M A_1",11,"negative","conflated",,"manner","A","leaf","1","manner_before_path",34.3215631486926,15.5714333424194,TRUE,
"exp2","exp2_105","Neg M C D_1",16,"negative","manner",,"conflated","D","plank","1","manner_before_path",34.3215631486926,15.5714333424194,TRUE,
"exp2","exp2_105","Neg M M D_1",9,"negative","manner",,"manner","D","plank","1","manner_before_path",34.3215631486926,15.5714333424194,TRUE,
"exp2","exp2_105","Neg P 0 E_1",87,"negative","path",,"no_motion","E","chair","1","manner_before_path",34.3215631486926,15.5714333424194,TRUE,
"exp2","exp2_105","Neg P M C_1",42,"negative","path",,"manner","C","paper","1","manner_before_path",34.3215631486926,15.5714333424194,TRUE,
"exp2","exp2_106","Aff C M B_1",97,"affirmative","conflated",,"manner","B","car","1","manner_before_path",49.7328468982629,15.5714333424194,TRUE,
"exp2","exp2_106","Aff M M C_1",100,"affirmative","manner",,"manner","C","paper","1","manner_before_path",49.7328468982629,15.5714333424194,TRUE,
"exp2","exp2_106","Aff M P A_1",95,"affirmative","manner",,"path","A","leaf","1","manner_before_path",49.7328468982629,15.5714333424194,TRUE,
"exp2","exp2_106","Aff P 0 B_1",3,"affirmative","path",,"no_motion","B","car","1","manner_before_path",49.7328468982629,15.5714333424194,TRUE,
"exp2","exp2_106","Aff P M E_1",100,"affirmative","path",,"manner","E","chair","1","manner_before_path",49.7328468982629,15.5714333424194,TRUE,
"exp2","exp2_106","Neg C 0 A_1",100,"negative","conflated",,"no_motion","A","leaf","1","manner_before_path",49.7328468982629,15.5714333424194,TRUE,
"exp2","exp2_106","Neg C C D_1",2,"negative","conflated",,"conflated","D","plank","1","manner_before_path",49.7328468982629,15.5714333424194,TRUE,
"exp2","exp2_106","Neg C P D_1",3,"negative","conflated",,"path","D","plank","1","manner_before_path",49.7328468982629,15.5714333424194,TRUE,
"exp2","exp2_106","Neg M 0 E_1",100,"negative","manner",,"no_motion","E","chair","1","manner_before_path",49.7328468982629,15.5714333424194,TRUE,
"exp2","exp2_106","Neg M P A_1",6,"negative","manner",,"path","A","leaf","1","manner_before_path",49.7328468982629,15.5714333424194,TRUE,
"exp2","exp2_106","Neg P C C_1",5,"negative","path",,"conflated","C","paper","1","manner_before_path",49.7328468982629,15.5714333424194,TRUE,
"exp2","exp2_106","Neg P P C_1",2,"negative","path",,"path","C","paper","1","manner_before_path",49.7328468982629,15.5714333424194,TRUE,
"exp2","exp2_107","Aff C 0 E_1",0,"affirmative","conflated",,"no_motion","E","chair","1","manner_before_path",46.0463370043172,15.5714333424194,TRUE,
"exp2","exp2_107","Aff C C D_1",100,"affirmative","conflated",,"conflated","D","plank","1","manner_before_path",46.0463370043172,15.5714333424194,TRUE,
"exp2","exp2_107","Aff C P E_1",0,"affirmative","conflated",,"path","E","chair","1","manner_before_path",46.0463370043172,15.5714333424194,TRUE,
"exp2","exp2_107","Aff M 0 A_1",7,"affirmative","manner",,"no_motion","A","leaf","1","manner_before_path",46.0463370043172,15.5714333424194,TRUE,
"exp2","exp2_107","Aff M C C_1",100,"affirmative","manner",,"conflated","C","paper","1","manner_before_path",46.0463370043172,15.5714333424194,TRUE,
"exp2","exp2_107","Aff P C D_1",50,"affirmative","path",,"conflated","D","plank","1","manner_before_path",46.0463370043172,15.5714333424194,TRUE,
"exp2","exp2_107","Aff P P A_6",100,"affirmative","path",,"path","A","leaf","6","manner_before_path",46.0463370043172,15.5714333424194,TRUE,
"exp2","exp2_107","Neg C M C_1",60,"negative","conflated",,"manner","C","paper","1","manner_before_path",46.0463370043172,15.5714333424194,TRUE,
"exp2","exp2_107","Neg M C B_1",0,"negative","manner",,"conflated","B","car","1","manner_before_path",46.0463370043172,15.5714333424194,TRUE,
"exp2","exp2_107","Neg M M B_1",12,"negative","manner",,"manner","B","car","1","manner_before_path",46.0463370043172,15.5714333424194,TRUE,
"exp2","exp2_107","Neg P 0 C_1",100,"negative","path",,"no_motion","C","paper","1","manner_before_path",46.0463370043172,15.5714333424194,TRUE,
"exp2","exp2_107","Neg P M A_1",100,"negative","path",,"manner","A","leaf","1","manner_before_path",46.0463370043172,15.5714333424194,TRUE,
"exp2","exp2_108","Aff C 0 D_1",0,"affirmative","conflated",,"no_motion","D","plank","1","manner_before_path",44.9978955736888,15.5714333424194,TRUE,
"exp2","exp2_108","Aff C C C_1",80,"affirmative","conflated",,"conflated","C","paper","1","manner_before_path",44.9978955736888,15.5714333424194,TRUE,
"exp2","exp2_108","Aff C P D_1",10,"affirmative","conflated",,"path","D","plank","1","manner_before_path",44.9978955736888,15.5714333424194,TRUE,
"exp2","exp2_108","Aff M 0 E_1",0,"affirmative","manner",,"no_motion","E","chair","1","manner_before_path",44.9978955736888,15.5714333424194,TRUE,
"exp2","exp2_108","Aff M C B_1",100,"affirmative","manner",,"conflated","B","car","1","manner_before_path",44.9978955736888,15.5714333424194,TRUE,
"exp2","exp2_108","Aff P C C_1",90,"affirmative","path",,"conflated","C","paper","1","manner_before_path",44.9978955736888,15.5714333424194,TRUE,
"exp2","exp2_108","Aff P P E_1",100,"affirmative","path",,"path","E","chair","1","manner_before_path",44.9978955736888,15.5714333424194,TRUE,
"exp2","exp2_108","Neg C M D_1",95,"negative","conflated",,"manner","D","plank","1","manner_before_path",44.9978955736888,15.5714333424194,TRUE,
"exp2","exp2_108","Neg M C A_1",0,"negative","manner",,"conflated","A","leaf","1","manner_before_path",44.9978955736888,15.5714333424194,TRUE,
"exp2","exp2_108","Neg M M A_1",95,"negative","manner",,"manner","A","leaf","1","manner_before_path",44.9978955736888,15.5714333424194,TRUE,
"exp2","exp2_108","Neg P 0 B_1",95,"negative","path",,"no_motion","B","car","1","manner_before_path",44.9978955736888,15.5714333424194,TRUE,
"exp2","exp2_108","Neg P M E_1",90,"negative","path",,"manner","E","chair","1","manner_before_path",44.9978955736888,15.5714333424194,TRUE,
"exp2","exp2_109","Aff C M D_1",9,"affirmative","conflated",,"manner","D","plank","1","manner_before_path",27.4506444148016,15.5714333424194,TRUE,
"exp2","exp2_109","Aff M M E_1",79,"affirmative","manner",,"manner","E","chair","1","manner_before_path",27.4506444148016,15.5714333424194,TRUE,
"exp2","exp2_109","Aff M P C_1",81,"affirmative","manner",,"path","C","paper","1","manner_before_path",27.4506444148016,15.5714333424194,TRUE,
"exp2","exp2_109","Aff P 0 D_1",3,"affirmative","path",,"no_motion","D","plank","1","manner_before_path",27.4506444148016,15.5714333424194,TRUE,
"exp2","exp2_109","Aff P M B_1",33,"affirmative","path",,"manner","B","car","1","manner_before_path",27.4506444148016,15.5714333424194,TRUE,
"exp2","exp2_109","Neg C 0 C_1",6,"negative","conflated",,"no_motion","C","paper","1","manner_before_path",27.4506444148016,15.5714333424194,TRUE,
"exp2","exp2_109","Neg C C A_1",6,"negative","conflated",,"conflated","A","leaf","1","manner_before_path",27.4506444148016,15.5714333424194,TRUE,
"exp2","exp2_109","Neg C P A_1",19,"negative","conflated",,"path","A","leaf","1","manner_before_path",27.4506444148016,15.5714333424194,TRUE,
"exp2","exp2_109","Neg M 0 B_1",32,"negative","manner",,"no_motion","B","car","1","manner_before_path",27.4506444148016,15.5714333424194,TRUE,
"exp2","exp2_109","Neg M P C_1",9,"negative","manner",,"path","C","paper","1","manner_before_path",27.4506444148016,15.5714333424194,TRUE,
"exp2","exp2_109","Neg P C E_1",8,"negative","path",,"conflated","E","chair","1","manner_before_path",27.4506444148016,15.5714333424194,TRUE,
"exp2","exp2_109","Neg P P E_1",16,"negative","path",,"path","E","chair","1","manner_before_path",27.4506444148016,15.5714333424194,TRUE,
"exp2","exp2_110","Aff C 0 B_1",70,"affirmative","conflated",,"no_motion","B","car","1","manner_before_path",14.2156017576933,15.5714333424194,FALSE,"low_response_variability"
"exp2","exp2_110","Aff C C A_1",70,"affirmative","conflated",,"conflated","A","leaf","1","manner_before_path",14.2156017576933,15.5714333424194,FALSE,"low_response_variability"
"exp2","exp2_110","Aff C P B_1",75,"affirmative","conflated",,"path","B","car","1","manner_before_path",14.2156017576933,15.5714333424194,FALSE,"low_response_variability"
"exp2","exp2_110","Aff M 0 C_1",85,"affirmative","manner",,"no_motion","C","paper","1","manner_before_path",14.2156017576933,15.5714333424194,FALSE,"low_response_variability"
"exp2","exp2_110","Aff M C E_1",75,"affirmative","manner",,"conflated","E","chair","1","manner_before_path",14.2156017576933,15.5714333424194,FALSE,"low_response_variability"
"exp2","exp2_110","Aff P C A_1",90,"affirmative","path",,"conflated","A","leaf","1","manner_before_path",14.2156017576933,15.5714333424194,FALSE,"low_response_variability"
"exp2","exp2_110","Aff P P C_1",80,"affirmative","path",,"path","C","paper","1","manner_before_path",14.2156017576933,15.5714333424194,FALSE,"low_response_variability"
"exp2","exp2_110","Neg C M A_1",45,"negative","conflated",,"manner","A","leaf","1","manner_before_path",14.2156017576933,15.5714333424194,FALSE,"low_response_variability"
"exp2","exp2_110","Neg M C D_1",45,"negative","manner",,"conflated","D","plank","1","manner_before_path",14.2156017576933,15.5714333424194,FALSE,"low_response_variability"
"exp2","exp2_110","Neg M M D_1",70,"negative","manner",,"manner","D","plank","1","manner_before_path",14.2156017576933,15.5714333424194,FALSE,"low_response_variability"
"exp2","exp2_110","Neg P 0 E_1",75,"negative","path",,"no_motion","E","chair","1","manner_before_path",14.2156017576933,15.5714333424194,FALSE,"low_response_variability"
"exp2","exp2_110","Neg P M C_1",85,"negative","path",,"manner","C","paper","1","manner_before_path",14.2156017576933,15.5714333424194,FALSE,"low_response_variability"
"exp2","exp2_111","Aff C 0 B_1",0,"affirmative","conflated",,"no_motion","B","car","1","manner_before_path",25.9545056519357,15.5714333424194,TRUE,
"exp2","exp2_111","Aff C C A_1",50,"affirmative","conflated",,"conflated","A","leaf","1","manner_before_path",25.9545056519357,15.5714333424194,TRUE,
"exp2","exp2_111","Aff C P B_1",0,"affirmative","conflated",,"path","B","car","1","manner_before_path",25.9545056519357,15.5714333424194,TRUE,
"exp2","exp2_111","Aff M 0 C_1",51,"affirmative","manner",,"no_motion","C","paper","1","manner_before_path",25.9545056519357,15.5714333424194,TRUE,
"exp2","exp2_111","Aff M C E_1",51,"affirmative","manner",,"conflated","E","chair","1","manner_before_path",25.9545056519357,15.5714333424194,TRUE,
"exp2","exp2_111","Aff P C A_1",50,"affirmative","path",,"conflated","A","leaf","1","manner_before_path",25.9545056519357,15.5714333424194,TRUE,
"exp2","exp2_111","Aff P P C_1",50,"affirmative","path",,"path","C","paper","1","manner_before_path",25.9545056519357,15.5714333424194,TRUE,
"exp2","exp2_111","Neg C M A_1",0,"negative","conflated",,"manner","A","leaf","1","manner_before_path",25.9545056519357,15.5714333424194,TRUE,
"exp2","exp2_111","Neg M C D_1",0,"negative","manner",,"conflated","D","plank","1","manner_before_path",25.9545056519357,15.5714333424194,TRUE,
"exp2","exp2_111","Neg M M D_1",0,"negative","manner",,"manner","D","plank","1","manner_before_path",25.9545056519357,15.5714333424194,TRUE,
"exp2","exp2_111","Neg P 0 E_1",0,"negative","path",,"no_motion","E","chair","1","manner_before_path",25.9545056519357,15.5714333424194,TRUE,
"exp2","exp2_111","Neg P M C_1",0,"negative","path",,"manner","C","paper","1","manner_before_path",25.9545056519357,15.5714333424194,TRUE,
"exp2","exp2_112","Aff C M D_1",94,"affirmative","conflated",,"manner","D","plank","1","manner_before_path",36.7101670336211,15.5714333424194,TRUE,
"exp2","exp2_112","Aff M M E_1",93,"affirmative","manner",,"manner","E","chair","1","manner_before_path",36.7101670336211,15.5714333424194,TRUE,
"exp2","exp2_112","Aff M P C_1",92,"affirmative","manner",,"path","C","paper","1","manner_before_path",36.7101670336211,15.5714333424194,TRUE,
"exp2","exp2_112","Aff P 0 D_1",3,"affirmative","path",,"no_motion","D","plank","1","manner_before_path",36.7101670336211,15.5714333424194,TRUE,
"exp2","exp2_112","Aff P M B_1",83,"affirmative","path",,"manner","B","car","1","manner_before_path",36.7101670336211,15.5714333424194,TRUE,
"exp2","exp2_112","Neg C 0 C_1",50,"negative","conflated",,"no_motion","C","paper","1","manner_before_path",36.7101670336211,15.5714333424194,TRUE,
"exp2","exp2_112","Neg C C A_1",11,"negative","conflated",,"conflated","A","leaf","1","manner_before_path",36.7101670336211,15.5714333424194,TRUE,
"exp2","exp2_112","Neg C P A_1",84,"negative","conflated",,"path","A","leaf","1","manner_before_path",36.7101670336211,15.5714333424194,TRUE,
"exp2","exp2_112","Neg M 0 B_1",83,"negative","manner",,"no_motion","B","car","1","manner_before_path",36.7101670336211,15.5714333424194,TRUE,
"exp2","exp2_112","Neg M P C_1",87,"negative","manner",,"path","C","paper","1","manner_before_path",36.7101670336211,15.5714333424194,TRUE,
"exp2","exp2_112","Neg P C E_1",63,"negative","path",,"conflated","E","chair","1","manner_before_path",36.7101670336211,15.5714333424194,TRUE,
"exp2","exp2_112","Neg P P E_1",1,"negative","path",,"path","E","chair","1","manner_before_path",36.7101670336211,15.5714333424194,TRUE,
"exp2","exp2_113","Aff C M D_1",72,"affirmative","conflated",,"manner","D","plank","1","manner_before_path",31.9690901852512,15.5714333424194,TRUE,
"exp2","exp2_113","Aff M M E_1",73,"affirmative","manner",,"manner","E","chair","1","manner_before_path",31.9690901852512,15.5714333424194,TRUE,
"exp2","exp2_113","Aff M P C_1",89,"affirmative","manner",,"path","C","paper","1","manner_before_path",31.9690901852512,15.5714333424194,TRUE,
"exp2","exp2_113","Aff P 0 D_1",37,"affirmative","path",,"no_motion","D","plank","1","manner_before_path",31.9690901852512,15.5714333424194,TRUE,
"exp2","exp2_113","Aff P M B_1",39,"affirmative","path",,"manner","B","car","1","manner_before_path",31.9690901852512,15.5714333424194,TRUE,
"exp2","exp2_113","Neg C 0 C_1",87,"negative","conflated",,"no_motion","C","paper","1","manner_before_path",31.9690901852512,15.5714333424194,TRUE,
"exp2","exp2_113","Neg C C A_1",32,"negative","conflated",,"conflated","A","leaf","1","manner_before_path",31.9690901852512,15.5714333424194,TRUE,
"exp2","exp2_113","Neg C P A_1",76,"negative","conflated",,"path","A","leaf","1","manner_before_path",31.9690901852512,15.5714333424194,TRUE,
"exp2","exp2_113","Neg M 0 B_1",87,"negative","manner",,"no_motion","B","car","1","manner_before_path",31.9690901852512,15.5714333424194,TRUE,
"exp2","exp2_113","Neg M P C_1",89,"negative","manner",,"path","C","paper","1","manner_before_path",31.9690901852512,15.5714333424194,TRUE,
"exp2","exp2_113","Neg P C E_1",4,"negative","path",,"conflated","E","chair","1","manner_before_path",31.9690901852512,15.5714333424194,TRUE,
"exp2","exp2_113","Neg P P E_1",8,"negative","path",,"path","E","chair","1","manner_before_path",31.9690901852512,15.5714333424194,TRUE,
"exp2","exp2_114","Aff C M B_1",75,"affirmative","conflated",,"manner","B","car","1","manner_before_path",22.2076972732838,15.5714333424194,TRUE,
"exp2","exp2_114","Aff M M C_1",85,"affirmative","manner",,"manner","C","paper","1","manner_before_path",22.2076972732838,15.5714333424194,TRUE,
"exp2","exp2_114","Aff M P A_1",40,"affirmative","manner",,"path","A","leaf","1","manner_before_path",22.2076972732838,15.5714333424194,TRUE,
"exp2","exp2_114","Aff P 0 B_1",60,"affirmative","path",,"no_motion","B","car","1","manner_before_path",22.2076972732838,15.5714333424194,TRUE,
"exp2","exp2_114","Aff P M E_1",60,"affirmative","path",,"manner","E","chair","1","manner_before_path",22.2076972732838,15.5714333424194,TRUE,
"exp2","exp2_114","Neg C 0 A_1",85,"negative","conflated",,"no_motion","A","leaf","1","manner_before_path",22.2076972732838,15.5714333424194,TRUE,
"exp2","exp2_114","Neg C C D_1",30,"negative","conflated",,"conflated","D","plank","1","manner_before_path",22.2076972732838,15.5714333424194,TRUE,
"exp2","exp2_114","Neg C P D_1",80,"negative","conflated",,"path","D","plank","1","manner_before_path",22.2076972732838,15.5714333424194,TRUE,
"exp2","exp2_114","Neg M 0 E_1",85,"negative","manner",,"no_motion","E","chair","1","manner_before_path",22.2076972732838,15.5714333424194,TRUE,
"exp2","exp2_114","Neg M P A_1",80,"negative","manner",,"path","A","leaf","1","manner_before_path",22.2076972732838,15.5714333424194,TRUE,
"exp2","exp2_114","Neg P C C_1",30,"negative","path",,"conflated","C","paper","1","manner_before_path",22.2076972732838,15.5714333424194,TRUE,
"exp2","exp2_114","Neg P P C_1",40,"negative","path",,"path","C","paper","1","manner_before_path",22.2076972732838,15.5714333424194,TRUE,
"exp2","exp2_115","Aff C 0 E_1",1,"affirmative","conflated",,"no_motion","E","chair","1","manner_before_path",34.4330707842964,15.5714333424194,TRUE,
"exp2","exp2_115","Aff C C D_1",0,"affirmative","conflated",,"conflated","D","plank","1","manner_before_path",34.4330707842964,15.5714333424194,TRUE,
"exp2","exp2_115","Aff C P E_1",58,"affirmative","conflated",,"path","E","chair","1","manner_before_path",34.4330707842964,15.5714333424194,TRUE,
"exp2","exp2_115","Aff M 0 A_1",4,"affirmative","manner",,"no_motion","A","leaf","1","manner_before_path",34.4330707842964,15.5714333424194,TRUE,
"exp2","exp2_115","Aff M C C_1",77,"affirmative","manner",,"conflated","C","paper","1","manner_before_path",34.4330707842964,15.5714333424194,TRUE,
"exp2","exp2_115","Aff P C D_1",2,"affirmative","path",,"conflated","D","plank","1","manner_before_path",34.4330707842964,15.5714333424194,TRUE,
"exp2","exp2_115","Aff P P A_6",97,"affirmative","path",,"path","A","leaf","6","manner_before_path",34.4330707842964,15.5714333424194,TRUE,
"exp2","exp2_115","Neg C M C_1",1,"negative","conflated",,"manner","C","paper","1","manner_before_path",34.4330707842964,15.5714333424194,TRUE,
"exp2","exp2_115","Neg M C B_1",0,"negative","manner",,"conflated","B","car","1","manner_before_path",34.4330707842964,15.5714333424194,TRUE,
"exp2","exp2_115","Neg M M B_1",0,"negative","manner",,"manner","B","car","1","manner_before_path",34.4330707842964,15.5714333424194,TRUE,
"exp2","exp2_115","Neg P 0 C_1",15,"negative","path",,"no_motion","C","paper","1","manner_before_path",34.4330707842964,15.5714333424194,TRUE,
"exp2","exp2_115","Neg P M A_1",21,"negative","path",,"manner","A","leaf","1","manner_before_path",34.4330707842964,15.5714333424194,TRUE,
"exp2","exp2_116","Aff C 0 B_1",0,"affirmative","conflated",,"no_motion","B","car","1","manner_before_path",31.9415896835951,15.5714333424194,TRUE,
"exp2","exp2_116","Aff C C A_1",65,"affirmative","conflated",,"conflated","A","leaf","1","manner_before_path",31.9415896835951,15.5714333424194,TRUE,
"exp2","exp2_116","Aff C P B_1",0,"affirmative","conflated",,"path","B","car","1","manner_before_path",31.9415896835951,15.5714333424194,TRUE,
"exp2","exp2_116","Aff M 0 C_1",0,"affirmative","manner",,"no_motion","C","paper","1","manner_before_path",31.9415896835951,15.5714333424194,TRUE,
"exp2","exp2_116","Aff M C E_1",65,"affirmative","manner",,"conflated","E","chair","1","manner_before_path",31.9415896835951,15.5714333424194,TRUE,
"exp2","exp2_116","Aff P C A_1",70,"affirmative","path",,"conflated","A","leaf","1","manner_before_path",31.9415896835951,15.5714333424194,TRUE,
"exp2","exp2_116","Aff P P C_1",70,"affirmative","path",,"path","C","paper","1","manner_before_path",31.9415896835951,15.5714333424194,TRUE,
"exp2","exp2_116","Neg C M A_1",10,"negative","conflated",,"manner","A","leaf","1","manner_before_path",31.9415896835951,15.5714333424194,TRUE,
"exp2","exp2_116","Neg M C D_1",0,"negative","manner",,"conflated","D","plank","1","manner_before_path",31.9415896835951,15.5714333424194,TRUE,
"exp2","exp2_116","Neg M M D_1",0,"negative","manner",,"manner","D","plank","1","manner_before_path",31.9415896835951,15.5714333424194,TRUE,
"exp2","exp2_116","Neg P 0 E_1",5,"negative","path",,"no_motion","E","chair","1","manner_before_path",31.9415896835951,15.5714333424194,TRUE,
"exp2","exp2_116","Neg P M C_1",10,"negative","path",,"manner","C","paper","1","manner_before_path",31.9415896835951,15.5714333424194,TRUE,
"exp2","exp2_117","Aff C 0 D_1",0,"affirmative","conflated",,"no_motion","D","plank","1","manner_before_path",44.7010270372149,15.5714333424194,TRUE,
"exp2","exp2_117","Aff C C C_1",95,"affirmative","conflated",,"conflated","C","paper","1","manner_before_path",44.7010270372149,15.5714333424194,TRUE,
"exp2","exp2_117","Aff C P D_1",100,"affirmative","conflated",,"path","D","plank","1","manner_before_path",44.7010270372149,15.5714333424194,TRUE,
"exp2","exp2_117","Aff M 0 E_1",0,"affirmative","manner",,"no_motion","E","chair","1","manner_before_path",44.7010270372149,15.5714333424194,TRUE,
"exp2","exp2_117","Aff M C B_1",88,"affirmative","manner",,"conflated","B","car","1","manner_before_path",44.7010270372149,15.5714333424194,TRUE,
"exp2","exp2_117","Aff P C C_1",15,"affirmative","path",,"conflated","C","paper","1","manner_before_path",44.7010270372149,15.5714333424194,TRUE,
"exp2","exp2_117","Aff P P E_1",100,"affirmative","path",,"path","E","chair","1","manner_before_path",44.7010270372149,15.5714333424194,TRUE,
"exp2","exp2_117","Neg C M D_1",26,"negative","conflated",,"manner","D","plank","1","manner_before_path",44.7010270372149,15.5714333424194,TRUE,
"exp2","exp2_117","Neg M C A_1",23,"negative","manner",,"conflated","A","leaf","1","manner_before_path",44.7010270372149,15.5714333424194,TRUE,
"exp2","exp2_117","Neg M M A_1",0,"negative","manner",,"manner","A","leaf","1","manner_before_path",44.7010270372149,15.5714333424194,TRUE,
"exp2","exp2_117","Neg P 0 B_1",100,"negative","path",,"no_motion","B","car","1","manner_before_path",44.7010270372149,15.5714333424194,TRUE,
"exp2","exp2_117","Neg P M E_1",17,"negative","path",,"manner","E","chair","1","manner_before_path",44.7010270372149,15.5714333424194,TRUE,
"exp2","exp2_118","Aff C M B_1",97,"affirmative","conflated",,"manner","B","car","1","manner_before_path",44.4572487868623,15.5714333424194,TRUE,
"exp2","exp2_118","Aff M M C_1",99,"affirmative","manner",,"manner","C","paper","1","manner_before_path",44.4572487868623,15.5714333424194,TRUE,
"exp2","exp2_118","Aff M P A_1",3,"affirmative","manner",,"path","A","leaf","1","manner_before_path",44.4572487868623,15.5714333424194,TRUE,
"exp2","exp2_118","Aff P 0 B_1",99,"affirmative","path",,"no_motion","B","car","1","manner_before_path",44.4572487868623,15.5714333424194,TRUE,
"exp2","exp2_118","Aff P M E_1",97,"affirmative","path",,"manner","E","chair","1","manner_before_path",44.4572487868623,15.5714333424194,TRUE,
"exp2","exp2_118","Neg C 0 A_1",96,"negative","conflated",,"no_motion","A","leaf","1","manner_before_path",44.4572487868623,15.5714333424194,TRUE,
"exp2","exp2_118","Neg C C D_1",12,"negative","conflated",,"conflated","D","plank","1","manner_before_path",44.4572487868623,15.5714333424194,TRUE,
"exp2","exp2_118","Neg C P D_1",96,"negative","conflated",,"path","D","plank","1","manner_before_path",44.4572487868623,15.5714333424194,TRUE,
"exp2","exp2_118","Neg M 0 E_1",100,"negative","manner",,"no_motion","E","chair","1","manner_before_path",44.4572487868623,15.5714333424194,TRUE,
"exp2","exp2_118","Neg M P A_1",93,"negative","manner",,"path","A","leaf","1","manner_before_path",44.4572487868623,15.5714333424194,TRUE,
"exp2","exp2_118","Neg P C C_1",8,"negative","path",,"conflated","C","paper","1","manner_before_path",44.4572487868623,15.5714333424194,TRUE,
"exp2","exp2_118","Neg P P C_1",5,"negative","path",,"path","C","paper","1","manner_before_path",44.4572487868623,15.5714333424194,TRUE,
"exp2","exp2_119","Aff C M D_1",30,"affirmative","conflated",,"manner","D","plank","1","manner_before_path",25.3250086003156,15.5714333424194,TRUE,
"exp2","exp2_119","Aff M M E_1",55,"affirmative","manner",,"manner","E","chair","1","manner_before_path",25.3250086003156,15.5714333424194,TRUE,
"exp2","exp2_119","Aff M P C_1",0,"affirmative","manner",,"path","C","paper","1","manner_before_path",25.3250086003156,15.5714333424194,TRUE,
"exp2","exp2_119","Aff P 0 D_1",0,"affirmative","path",,"no_motion","D","plank","1","manner_before_path",25.3250086003156,15.5714333424194,TRUE,
"exp2","exp2_119","Aff P M B_1",72,"affirmative","path",,"manner","B","car","1","manner_before_path",25.3250086003156,15.5714333424194,TRUE,
"exp2","exp2_119","Neg C 0 C_1",0,"negative","conflated",,"no_motion","C","paper","1","manner_before_path",25.3250086003156,15.5714333424194,TRUE,
"exp2","exp2_119","Neg C C A_1",0,"negative","conflated",,"conflated","A","leaf","1","manner_before_path",25.3250086003156,15.5714333424194,TRUE,
"exp2","exp2_119","Neg C P A_1",0,"negative","conflated",,"path","A","leaf","1","manner_before_path",25.3250086003156,15.5714333424194,TRUE,
"exp2","exp2_119","Neg M 0 B_1",0,"negative","manner",,"no_motion","B","car","1","manner_before_path",25.3250086003156,15.5714333424194,TRUE,
"exp2","exp2_119","Neg M P C_1",0,"negative","manner",,"path","C","paper","1","manner_before_path",25.3250086003156,15.5714333424194,TRUE,
"exp2","exp2_119","Neg P C E_1",0,"negative","path",,"conflated","E","chair","1","manner_before_path",25.3250086003156,15.5714333424194,TRUE,
"exp2","exp2_119","Neg P P E_1",0,"negative","path",,"path","E","chair","1","manner_before_path",25.3250086003156,15.5714333424194,TRUE,
"exp2","exp2_120","Aff C 0 B_1",0,"affirmative","conflated",,"no_motion","B","car","1","manner_before_path",49.2365963917331,15.5714333424194,TRUE,
"exp2","exp2_120","Aff C C A_1",100,"affirmative","conflated",,"conflated","A","leaf","1","manner_before_path",49.2365963917331,15.5714333424194,TRUE,
"exp2","exp2_120","Aff C P B_1",0,"affirmative","conflated",,"path","B","car","1","manner_before_path",49.2365963917331,15.5714333424194,TRUE,
"exp2","exp2_120","Aff M 0 C_1",0,"affirmative","manner",,"no_motion","C","paper","1","manner_before_path",49.2365963917331,15.5714333424194,TRUE,
"exp2","exp2_120","Aff M C E_1",100,"affirmative","manner",,"conflated","E","chair","1","manner_before_path",49.2365963917331,15.5714333424194,TRUE,
"exp2","exp2_120","Aff P C A_1",100,"affirmative","path",,"conflated","A","leaf","1","manner_before_path",49.2365963917331,15.5714333424194,TRUE,
"exp2","exp2_120","Aff P P C_1",100,"affirmative","path",,"path","C","paper","1","manner_before_path",49.2365963917331,15.5714333424194,TRUE,
"exp2","exp2_120","Neg C M A_1",0,"negative","conflated",,"manner","A","leaf","1","manner_before_path",49.2365963917331,15.5714333424194,TRUE,
"exp2","exp2_120","Neg M C D_1",0,"negative","manner",,"conflated","D","plank","1","manner_before_path",49.2365963917331,15.5714333424194,TRUE,
"exp2","exp2_120","Neg M M D_1",0,"negative","manner",,"manner","D","plank","1","manner_before_path",49.2365963917331,15.5714333424194,TRUE,
"exp2","exp2_120","Neg P 0 E_1",0,"negative","path",,"no_motion","E","chair","1","manner_before_path",49.2365963917331,15.5714333424194,TRUE,
"exp2","exp2_120","Neg P M C_1",0,"negative","path",,"manner","C","paper","1","manner_before_path",49.2365963917331,15.5714333424194,TRUE,
