"study_id","participant_id","trial","rating","polarity","sentence_type","gesture_type","event_type","scenario_code","scenario","scenario_suffix","modifier_order","participant_sd","exclusion_threshold","included","exclusion_reason"
"exp3","exp3_061","Aff M P E_1",100,"affirmative",,"manner","path","E","chair","1",,51.4266173269929,14.8439175778561,TRUE,
"exp3","exp3_117","Aff M P A_1",100,"affirmative",,"manner","path","A","leaf","1",,47.8643126373128,14.8439175778561,TRUE,
"exp3","exp3_120","Neg P 0 E_1",100,"negative",,"path","no_motion","E","chair","1",,50.0129528676867,14.8439175778561,TRUE,
"exp3","exp3_032","Neg M 0 E_1",100,"negative",,"manner","no_motion","E","chair","1",,44.1567455981324,14.8439175778561,TRUE,
"exp3","exp3_032","Aff M P A_1",100,"affirmative",,"manner","path","A","leaf","1",,44.1567455981324,14.8439175778561,TRUE,
"exp3","exp3_117","Neg M 0 E_1",100,"negative",,"manner","no_motion","E","chair","1",,47.8643126373128,14.8439175778561,TRUE,
"exp3","exp3_079","Aff C M B_1",100,"affirmative",,"conflated","manner","B","car","1",,41.7706581081491,14.8439175778561,TRUE,
"exp3","exp3_120","Aff C C A_1",100,"affirmative",,"conflated","conflated","A","leaf","1",,50.0129528676867,14.8439175778561,TRUE,
"exp3","exp3_117","Aff P M E_1",100,"affirmative",,"path","manner","E","chair","1",,47.8643126373128,14.8439175778561,TRUE,
"exp3","exp3_032","Neg C 0 A_1",100,"negative",,"conflated","no_motion","A","leaf","1",,44.1567455981324,14.8439175778561,TRUE,
"exp3","exp3_080","Aff C M B_1",100,"affirmative",,"conflated","manner","B","car","1",,52.2232967867094,14.8439175778561,TRUE,
"exp3","exp3_105","Aff M C D_1",100,"affirmative",,"manner","conflated","D","plank","1",,49.0979231801719,14.8439175778561,TRUE,
"exp3","exp3_091","Aff M C E_1",100,"affirmative",,"manner","conflated","E","chair","1",,38.7395147104349,14.8439175778561,TRUE,
"exp3","exp3_132","Aff M C E_1",100,"affirmative",,"manner","conflated","E","chair","1",,48.5526112645454,14.8439175778561,TRUE,
"exp3","exp3_132","Aff P C A_1",100,"affirmative",,"path","conflated","A","leaf","1",,48.5526112645454,14.8439175778561,TRUE,
"exp3","exp3_130","Aff P M D_1",100,"affirmative",,"path","manner","D","plank","1",,48.0273754006898,14.8439175778561,TRUE,
"exp3","exp3_027","Aff M P D_1",100,"affirmative",,"manner","path","D","plank","1",,44.5121706203296,14.8439175778561,TRUE,
"exp3","exp3_080","Neg C 0 A_1",100,"negative",,"conflated","no_motion","A","leaf","1",,52.2232967867094,14.8439175778561,TRUE,
"exp3","exp3_101","Aff P M E_1",100,"affirmative",,"path","manner","E","chair","1",,38.8434113597223,14.8439175778561,TRUE,
"exp3","exp3_080","Aff P M E_1",100,"affirmative",,"path","manner","E","chair","1",,52.2232967867094,14.8439175778561,TRUE,
"exp3","exp3_120","Aff M C E_1",100,"affirmative",,"manner","conflated","E","chair","1",,50.0129528676867,14.8439175778561,TRUE,
"exp3","exp3_080","Aff M M C_1",100,"affirmative",,"manner","manner","C","paper","1",,52.2232967867094,14.8439175778561,TRUE,
"exp3","exp3_071","Aff M M E_1",100,"affirmative",,"manner","manner","E","chair","1",,41.879607390131,14.8439175778561,TRUE,
"exp3","exp3_080","Neg M 0 E_1",100,"negative",,"manner","no_motion","E","chair","1",,52.2232967867094,14.8439175778561,TRUE,
"exp3","exp3_060","Aff C M D_1",100,"affirmative",,"conflated","manner","D","plank","1",,45.842285627084,14.8439175778561,TRUE,
"exp3","exp3_026","Neg C 0 E_1",100,"negative",,"conflated","no_motion","E","chair","1",,43.757250481457,14.8439175778561,TRUE,
"exp3","exp3_068","Aff P P D_1",100,"affirmative",,"path","path","D","plank","1",,46.7575143855525,14.8439175778561,TRUE,
"exp3","exp3_105","Neg P 0 D_1",100,"negative",,"path","no_motion","D","plank","1",,49.0979231801719,14.8439175778561,TRUE,
"exp3","exp3_105","Aff P C E_1",100,"affirmative",,"path","conflated","E","chair","1",,49.0979231801719,14.8439175778561,TRUE,
"exp3","exp3_120","Aff P C A_1",100,"affirmative",,"path","conflated","A","leaf","1",,50.0129528676867,14.8439175778561,TRUE,
"exp3","exp3_027","Aff M M A_1",100,"affirmative",,"manner","manner","A","leaf","1",,44.5121706203296,14.8439175778561,TRUE,
"exp3","exp3_030","Neg C 0 B_1",100,"negative",,"conflated","no_motion","B","car","1",,45.2267016866645,14.8439175778561,TRUE,
"exp3","exp3_148","Neg P 0 A_1",100,"negative",,"path","no_motion","A","leaf","1",,47.8317759222756,14.8439175778561,TRUE,
"exp3","exp3_060","Aff M M E_1",100,"affirmative",,"manner","manner","E","chair","1",,45.842285627084,14.8439175778561,TRUE,
"exp3","exp3_098","Neg M 0 B_1",100,"negative",,"manner","no_motion","B","car","1",,50.5181485540923,14.8439175778561,TRUE,
"exp3","exp3_006","Aff M M B_1",100,"affirmative",,"manner","manner","B","car","1",,50.5179236119281,14.8439175778561,TRUE,
"exp3","exp3_140","Aff C P D_1",100,"affirmative",,"conflated","path","D","plank","1",,49.8235522984498,14.8439175778561,TRUE,
"exp3","exp3_098","Aff M M E_1",100,"affirmative",,"manner","manner","E","chair","1",,50.5181485540923,14.8439175778561,TRUE,
"exp3","exp3_006","Neg M 0 D_1",100,"negative",,"manner","no_motion","D","plank","1",,50.5179236119281,14.8439175778561,TRUE,
"exp3","exp3_006","Aff M P E_1",100,"affirmative",,"manner","path","E","chair","1",,50.5179236119281,14.8439175778561,TRUE,
"exp3","exp3_098","Neg C 0 C_1",100,"negative",,"conflated","no_motion","C","paper","1",,50.5181485540923,14.8439175778561,TRUE,
"exp3","exp3_098","Aff C M D_1",100,"affirmative",,"conflated","manner","D","plank","1",,50.5181485540923,14.8439175778561,TRUE,
"exp3","exp3_098","Aff M P C_1",100,"affirmative",,"manner","path","C","paper","1",,50.5181485540923,14.8439175778561,TRUE,
"exp3","exp3_140","Aff P P E_1",100,"affirmative",,"path","path","E","chair","1",,49.8235522984498,14.8439175778561,TRUE,
"exp3","exp3_140","Neg P 0 B_1",100,"negative",,"path","no_motion","B","car","1",,49.8235522984498,14.8439175778561,TRUE,
"exp3","exp3_119","Aff M C B_1",100,"affirmative",,"manner","conflated","B","car","1",,52.2232967867094,14.8439175778561,TRUE,
"exp3","exp3_119","Neg P 0 B_1",100,"negative",,"path","no_motion","B","car","1",,52.2232967867094,14.8439175778561,TRUE,
"exp3","exp3_147","Aff M P E_1",100,"affirmative",,"manner","path","E","chair","1",,47.3561618018824,14.8439175778561,TRUE,
"exp3","exp3_119","Aff C C C_1",100,"affirmative",,"conflated","conflated","C","paper","1",,52.2232967867094,14.8439175778561,TRUE,
"exp3","exp3_094","Neg P 0 A_1",100,"negative",,"path","no_motion","A","leaf","1",,46.8585071995438,14.8439175778561,TRUE,
"exp3","exp3_147","Aff P M D_1",100,"affirmative",,"path","manner","D","plank","1",,47.3561618018824,14.8439175778561,TRUE,
"exp3","exp3_134","Neg P 0 B_1",100,"negative",,"path","no_motion","B","car","1",,48.3744078344462,14.8439175778561,TRUE,
"exp3","exp3_134","Aff M C B_1",100,"affirmative",,"manner","conflated","B","car","1",,48.3744078344462,14.8439175778561,TRUE,
"exp3","exp3_147","Aff C M A_1",100,"affirmative",,"conflated","manner","A","leaf","1",,47.3561618018824,14.8439175778561,TRUE,
"exp3","exp3_140","Neg M M A_1",100,"negative",,"manner","manner","A","leaf","1",,49.8235522984498,14.8439175778561,TRUE,
"exp3","exp3_029","Neg C 0 E_1",100,"negative",,"conflated","no_motion","E","chair","1",,49.9474724085213,14.8439175778561,TRUE,
"exp3","exp3_029","Aff M M B_1",100,"affirmative",,"manner","manner","B","car","1",,49.9474724085213,14.8439175778561,TRUE,
"exp3","exp3_006","Aff P M D_1",100,"affirmative",,"path","manner","D","plank","1",,50.5179236119281,14.8439175778561,TRUE,
"exp3","exp3_094","Aff M C A_1",100,"affirmative",,"manner","conflated","A","leaf","1",,46.8585071995438,14.8439175778561,TRUE,
"exp3","exp3_037","Aff M P E_1",100,"affirmative",,"manner","path","E","chair","1",,52.2232967867094,14.8439175778561,TRUE,
"exp3","exp3_037","Neg M 0 D_1",100,"negative",,"manner","no_motion","D","plank","1",,52.2232967867094,14.8439175778561,TRUE,
"exp3","exp3_074","Aff P P D_1",100,"affirmative",,"path","path","D","plank","1",,43.9676189388454,14.8439175778561,TRUE,
"exp3","exp3_094","Aff P P D_1",100,"affirmative",,"path","path","D","plank","1",,46.8585071995438,14.8439175778561,TRUE,
"exp3","exp3_037","Aff M M B_1",100,"affirmative",,"manner","manner","B","car","1",,52.2232967867094,14.8439175778561,TRUE,
"exp3","exp3_037","Neg C 0 E_1",100,"negative",,"conflated","no_motion","E","chair","1",,52.2232967867094,14.8439175778561,TRUE,
"exp3","exp3_132","Neg P 0 E_1",100,"negative",,"path","no_motion","E","chair","1",,48.5526112645454,14.8439175778561,TRUE,
"exp3","exp3_094","Neg M C E_1",100,"negative",,"manner","conflated","E","chair","1",,46.8585071995438,14.8439175778561,TRUE,
"exp3","exp3_074","Neg P 0 A_1",100,"negative",,"path","no_motion","A","leaf","1",,43.9676189388454,14.8439175778561,TRUE,
"exp3","exp3_037","Aff P M D_1",100,"affirmative",,"path","manner","D","plank","1",,52.2232967867094,14.8439175778561,TRUE,
"exp3","exp3_119","Aff P P E_1",100,"affirmative",,"path","path","E","chair","1",,52.2232967867094,14.8439175778561,TRUE,
"exp3","exp3_119","Aff C P D_1",100,"affirmative",,"conflated","path","D","plank","1",,52.2232967867094,14.8439175778561,TRUE,
"exp3","exp3_065","Neg P 0 C_1",100,"negative",,"path","no_motion","C","paper","1",,52.2232967867094,14.8439175778561,TRUE,
"exp3","exp3_061","Aff M M B_1",100,"affirmative",,"manner","manner","B","car","1",,51.4266173269929,14.8439175778561,TRUE,
"exp3","exp3_061","Neg C 0 E_1",100,"negative",,"conflated","no_motion","E","chair","1",,51.4266173269929,14.8439175778561,TRUE,
"exp3","exp3_061","Aff P M D_1",100,"affirmative",,"path","manner","D","plank","1",,51.4266173269929,14.8439175778561,TRUE,
"exp3","exp3_037","Aff C M A_1",100,"affirmative",,"conflated","manner","A","leaf","1",,52.2232967867094,14.8439175778561,TRUE,
"exp3","exp3_148","Aff P P D_1",100,"affirmative",,"path","path","D","plank","1",,47.8317759222756,14.8439175778561,TRUE,
"exp3","exp3_148","Aff M C A_1",100,"affirmative",,"manner","conflated","A","leaf","1",,47.8317759222756,14.8439175778561,TRUE,
"exp3","exp3_119","Aff P C C_1",100,"affirmative",,"path","conflated","C","paper","1",,52.2232967867094,14.8439175778561,TRUE,
"exp3","exp3_061","Neg M 0 D_1",100,"negative",,"manner","no_motion","D","plank","1",,51.4266173269929,14.8439175778561,TRUE,
"exp3","exp3_083","Neg P 0 A_1",100,"negative",,"path","no_motion","A","leaf","1",,52.2232967867094,14.8439175778561,TRUE,
"exp3","exp3_084","Aff M M D_1",100,"affirmative",,"manner","manner","D","plank","1",,43.8325843927261,14.8439175778561,TRUE,
"exp3","exp3_132","Aff C C A_1",100,"affirmative",,"conflated","conflated","A","leaf","1",,48.5526112645454,14.8439175778561,TRUE,
"exp3","exp3_014","Aff C C E_1",100,"affirmative",,"conflated","conflated","E","chair","1",,48.5114794287253,14.8439175778561,TRUE,
"exp3","exp3_014","Aff C P A_1",100,"affirmative",,"conflated","path","A","leaf","1",,48.5114794287253,14.8439175778561,TRUE,
"exp3","exp3_036","Neg C M E_1",100,"negative",,"conflated","manner","E","chair","1",,34.0770072665195,14.8439175778561,TRUE,
"exp3","exp3_036","Neg P 0 D_1",100,"negative",,"path","no_motion","D","plank","1",,34.0770072665195,14.8439175778561,TRUE,
"exp3","exp3_036","Aff P C E_1",100,"affirmative",,"path","conflated","E","chair","1",,34.0770072665195,14.8439175778561,TRUE,
"exp3","exp3_036","Aff C 0 A_1",100,"affirmative",,"conflated","no_motion","A","leaf","1",,34.0770072665195,14.8439175778561,TRUE,
"exp3","exp3_014","Aff P C E_1",100,"affirmative",,"path","conflated","E","chair","1",,48.5114794287253,14.8439175778561,TRUE,
"exp3","exp3_036","Aff M C D_1",100,"affirmative",,"manner","conflated","D","plank","1",,34.0770072665195,14.8439175778561,TRUE,
"exp3","exp3_014","Aff M C D_1",100,"affirmative",,"manner","conflated","D","plank","1",,48.5114794287253,14.8439175778561,TRUE,
"exp3","exp3_059","Aff M M D_1",100,"affirmative",,"manner","manner","D","plank","1",,45.2336526640656,14.8439175778561,TRUE,
"exp3","exp3_030","Neg C C E_1",100,"negative",,"conflated","conflated","E","chair","1",,45.2267016866645,14.8439175778561,TRUE,
"exp3","exp3_144","Aff M M E_1",100,"affirmative",,"manner","manner","E","chair","1",,46.5372936145807,14.8439175778561,TRUE,
"exp3","exp3_144","Aff P 0 D_1",100,"affirmative",,"path","no_motion","D","plank","1",,46.5372936145807,14.8439175778561,TRUE,
"exp3","exp3_017","Aff M M E_1",100,"affirmative",,"manner","manner","E","chair","1",,50.3035482813784,14.8439175778561,TRUE,
"exp3","exp3_017","Aff C M D_1",100,"affirmative",,"conflated","manner","D","plank","1",,50.3035482813784,14.8439175778561,TRUE,
"exp3","exp3_039","Aff M C C_1",100,"affirmative",,"manner","conflated","C","paper","1",,46.3334423369112,14.8439175778561,TRUE,
"exp3","exp3_056","Aff P P E_1",100,"affirmative",,"path","path","E","chair","1",,50.7817671885085,14.8439175778561,TRUE,
"exp3","exp3_085","Aff M M D_1",100,"affirmative",,"manner","manner","D","plank","1",,43.1572178730911,14.8439175778561,TRUE,
"exp3","exp3_056","Aff C P D_1",100,"affirmative",,"conflated","path","D","plank","1",,50.7817671885085,14.8439175778561,TRUE,
"exp3","exp3_030","Aff C M C_1",100,"affirmative",,"conflated","manner","C","paper","1",,45.2267016866645,14.8439175778561,TRUE,
"exp3","exp3_144","Aff C M D_1",100,"affirmative",,"conflated","manner","D","plank","1",,46.5372936145807,14.8439175778561,TRUE,
"exp3","exp3_030","Neg M P B_1",100,"negative",,"manner","path","B","car","1",,45.2267016866645,14.8439175778561,TRUE,
"exp3","exp3_059","Neg M 0 A_1",100,"negative",,"manner","no_motion","A","leaf","1",,45.2336526640656,14.8439175778561,TRUE,
"exp3","exp3_036","Aff C C E_1",100,"affirmative",,"conflated","conflated","E","chair","1",,34.0770072665195,14.8439175778561,TRUE,
"exp3","exp3_065","Aff P C D_1",100,"affirmative",,"path","conflated","D","plank","1",,52.2232967867094,14.8439175778561,TRUE,
"exp3","exp3_065","Aff C P E_1",100,"affirmative",,"conflated","path","E","chair","1",,52.2232967867094,14.8439175778561,TRUE,
"exp3","exp3_048","Aff M M A_1",100,"affirmative",,"manner","manner","A","leaf","1",,45.7869737992911,14.8439175778561,TRUE,
"exp3","exp3_065","Aff C C D_1",100,"affirmative",,"conflated","conflated","D","plank","1",,52.2232967867094,14.8439175778561,TRUE,
"exp3","exp3_065","Aff M C C_1",100,"affirmative",,"manner","conflated","C","paper","1",,52.2232967867094,14.8439175778561,TRUE,
"exp3","exp3_076","Aff M M B_1",100,"affirmative",,"manner","manner","B","car","1",,49.3610691893435,14.8439175778561,TRUE,
"exp3","exp3_076","Neg C 0 E_1",100,"negative",,"conflated","no_motion","E","chair","1",,49.3610691893435,14.8439175778561,TRUE,
"exp3","exp3_009","Aff P P E_1",100,"affirmative",,"path","path","E","chair","1",,40.153021698437,14.8439175778561,TRUE,
"exp3","exp3_076","Aff P M D_1",100,"affirmative",,"path","manner","D","plank","1",,49.3610691893435,14.8439175778561,TRUE,
"exp3","exp3_036","Aff C P A_1",100,"affirmative",,"conflated","path","A","leaf","1",,34.0770072665195,14.8439175778561,TRUE,
"exp3","exp3_016","Neg M 0 B_1",100,"negative",,"manner","no_motion","B","car","1",,51.2766560390345,14.8439175778561,TRUE,
"exp3","exp3_088","Neg C 0 A_1",100,"negative",,"conflated","no_motion","A","leaf","1",,50.1200830732824,14.8439175778561,TRUE,
"exp3","exp3_088","Aff P M E_1",100,"affirmative",,"path","manner","E","chair","1",,50.1200830732824,14.8439175778561,TRUE,
"exp3","exp3_088","Aff M M C_1",100,"affirmative",,"manner","manner","C","paper","1",,50.1200830732824,14.8439175778561,TRUE,
"exp3","exp3_088","Neg M 0 E_1",100,"negative",,"manner","no_motion","E","chair","1",,50.1200830732824,14.8439175778561,TRUE,
"exp3","exp3_107","Neg C 0 E_1",100,"negative",,"conflated","no_motion","E","chair","1",,45.7592514242649,14.8439175778561,TRUE,
"exp3","exp3_144","Aff M P C_1",100,"affirmative",,"manner","path","C","paper","1",,46.5372936145807,14.8439175778561,TRUE,
"exp3","exp3_059","Aff C M C_1",100,"affirmative",,"conflated","manner","C","paper","1",,45.2336526640656,14.8439175778561,TRUE,
"exp3","exp3_126","Aff M M D_1",100,"affirmative",,"manner","manner","D","plank","1",,46.9803311519993,14.8439175778561,TRUE,
"exp3","exp3_126","Aff M P B_1",100,"affirmative",,"manner","path","B","car","1",,46.9803311519993,14.8439175778561,TRUE,
"exp3","exp3_088","Aff M P A_1",100,"affirmative",,"manner","path","A","leaf","1",,50.1200830732824,14.8439175778561,TRUE,
"exp3","exp3_083","Aff P C B_1",100,"affirmative",,"path","conflated","B","car","1",,52.2232967867094,14.8439175778561,TRUE,
"exp3","exp3_030","Aff P M A_1",100,"affirmative",,"path","manner","A","leaf","1",,45.2267016866645,14.8439175778561,TRUE,
"exp3","exp3_039","Aff P P A_1",100,"affirmative",,"path","path","A","leaf","1",,46.3334423369112,14.8439175778561,TRUE,
"exp3","exp3_130","Aff M P E_1",100,"affirmative",,"manner","path","E","chair","1",,48.0273754006898,14.8439175778561,TRUE,
"exp3","exp3_143","Aff P M A_1",100,"affirmative",,"path","manner","A","leaf","1",,50.9589109583457,14.8439175778561,TRUE,
"exp3","exp3_130","Neg M 0 D_1",100,"negative",,"manner","no_motion","D","plank","1",,48.0273754006898,14.8439175778561,TRUE,
"exp3","exp3_143","Aff C M C_1",100,"affirmative",,"conflated","manner","C","paper","1",,50.9589109583457,14.8439175778561,TRUE,
"exp3","exp3_049","Aff C C E_1",100,"affirmative",,"conflated","conflated","E","chair","1",,50.8982943096953,14.8439175778561,TRUE,
"exp3","exp3_049","Aff C P A_1",100,"affirmative",,"conflated","path","A","leaf","1",,50.8982943096953,14.8439175778561,TRUE,
"exp3","exp3_019","Neg M M E_1",100,"negative",,"manner","manner","E","chair","1",,38.1538949121803,14.8439175778561,TRUE,
"exp3","exp3_049","Aff P P B_1",100,"affirmative",,"path","path","B","car","1",,50.8982943096953,14.8439175778561,TRUE,
"exp3","exp3_049","Aff P C E_1",100,"affirmative",,"path","conflated","E","chair","1",,50.8982943096953,14.8439175778561,TRUE,
"exp3","exp3_081","Aff P P E_1",100,"affirmative",,"path","path","E","chair","1",,44.9494665758621,14.8439175778561,TRUE,
"exp3","exp3_049","Aff M C D_1",100,"affirmative",,"manner","conflated","D","plank","1",,50.8982943096953,14.8439175778561,TRUE,
"exp3","exp3_019","Aff C C B_1",100,"affirmative",,"conflated","conflated","B","car","1",,38.1538949121803,14.8439175778561,TRUE,
"exp3","exp3_084","Neg M 0 A_1",100,"negative",,"manner","no_motion","A","leaf","1",,43.8325843927261,14.8439175778561,TRUE,
"exp3","exp3_084","Aff P M A_1",100,"affirmative",,"path","manner","A","leaf","1",,43.8325843927261,14.8439175778561,TRUE,
"exp3","exp3_083","Aff C C B_1",100,"affirmative",,"conflated","conflated","B","car","1",,52.2232967867094,14.8439175778561,TRUE,
"exp3","exp3_081","Aff C P D_1",100,"affirmative",,"conflated","path","D","plank","1",,44.9494665758621,14.8439175778561,TRUE,
"exp3","exp3_083","Aff M C A_1",100,"affirmative",,"manner","conflated","A","leaf","1",,52.2232967867094,14.8439175778561,TRUE,
"exp3","exp3_130","Neg C 0 E_1",100,"negative",,"conflated","no_motion","E","chair","1",,48.0273754006898,14.8439175778561,TRUE,
"exp3","exp3_083","Aff P P D_1",100,"affirmative",,"path","path","D","plank","1",,52.2232967867094,14.8439175778561,TRUE,
"exp3","exp3_083","Aff C P C_1",100,"affirmative",,"conflated","path","C","paper","1",,52.2232967867094,14.8439175778561,TRUE,
"exp3","exp3_080","Aff M P A_1",100,"affirmative",,"manner","path","A","leaf","1",,52.2232967867094,14.8439175778561,TRUE,
"exp3","exp3_056","Aff P C C_1",100,"affirmative",,"path","conflated","C","paper","1",,50.7817671885085,14.8439175778561,TRUE,
"exp3","exp3_085","Aff C M C_1",100,"affirmative",,"conflated","manner","C","paper","1",,43.1572178730911,14.8439175778561,TRUE,
"exp3","exp3_143","Aff M M D_1",100,"affirmative",,"manner","manner","D","plank","1",,50.9589109583457,14.8439175778561,TRUE,
"exp3","exp3_017","Aff M P C_1",100,"affirmative",,"manner","path","C","paper","1",,50.3035482813784,14.8439175778561,TRUE,
"exp3","exp3_005","Aff C M C_1",100,"affirmative",,"conflated","manner","C","paper","1",,51.4928650544437,14.8439175778561,TRUE,
"exp3","exp3_056","Aff M C B_1",100,"affirmative",,"manner","conflated","B","car","1",,50.7817671885085,14.8439175778561,TRUE,
"exp3","exp3_056","Neg P 0 B_1",100,"negative",,"path","no_motion","B","car","1",,50.7817671885085,14.8439175778561,TRUE,
"exp3","exp3_040","Aff M M A_1",100,"affirmative",,"manner","manner","A","leaf","1",,48.0160168984046,14.8439175778561,TRUE,
"exp3","exp3_017","Aff P M B_1",100,"affirmative",,"path","manner","B","car","1",,50.3035482813784,14.8439175778561,TRUE,
"exp3","exp3_030","Neg M 0 A_1",100,"negative",,"manner","no_motion","A","leaf","1",,45.2267016866645,14.8439175778561,TRUE,
"exp3","exp3_030","Aff M M D_1",100,"affirmative",,"manner","manner","D","plank","1",,45.2267016866645,14.8439175778561,TRUE,
"exp3","exp3_030","Aff M P B_1",100,"affirmative",,"manner","path","B","car","1",,45.2267016866645,14.8439175778561,TRUE,
"exp3","exp3_143","Neg C 0 B_1",100,"negative",,"conflated","no_motion","B","car","1",,50.9589109583457,14.8439175778561,TRUE,
"exp3","exp3_030","Neg C P E_1",100,"negative",,"conflated","path","E","chair","1",,45.2267016866645,14.8439175778561,TRUE,
"exp3","exp3_005","Neg M 0 A_1",100,"negative",,"manner","no_motion","A","leaf","1",,51.4928650544437,14.8439175778561,TRUE,
"exp3","exp3_005","Aff M M D_1",100,"affirmative",,"manner","manner","D","plank","1",,51.4928650544437,14.8439175778561,TRUE,
"exp3","exp3_005","Aff M P B_1",100,"affirmative",,"manner","path","B","car","1",,51.4928650544437,14.8439175778561,TRUE,
"exp3","exp3_056","Aff C C C_1",100,"affirmative",,"conflated","conflated","C","paper","1",,50.7817671885085,14.8439175778561,TRUE,
"exp3","exp3_040","Aff M P D_1",100,"affirmative",,"manner","path","D","plank","1",,48.0160168984046,14.8439175778561,TRUE,
"exp3","exp3_011","Neg C 0 C_1",100,"negative",,"conflated","no_motion","C","paper","1",,34.7793913202353,14.8439175778561,TRUE,
"exp3","exp3_143","Aff M P B_1",100,"affirmative",,"manner","path","B","car","1",,50.9589109583457,14.8439175778561,TRUE,
"exp3","exp3_025","Aff M C E_1",100,"affirmative",,"manner","conflated","E","chair","1",,40.8752722166823,14.8439175778561,TRUE,
"exp3","exp3_040","Aff C M E_1",100,"affirmative",,"conflated","manner","E","chair","1",,48.0160168984046,14.8439175778561,TRUE,
"exp3","exp3_005","Neg C 0 B_1",100,"negative",,"conflated","no_motion","B","car","1",,51.4928650544437,14.8439175778561,TRUE,
"exp3","exp3_099","Aff M P E_1",100,"affirmative",,"manner","path","E","chair","1",,45.8740039938116,14.8439175778561,TRUE,
"exp3","exp3_065","Aff P P A_1",100,"affirmative",,"path","path","A","leaf","1",,52.2232967867094,14.8439175778561,TRUE,
"exp3","exp3_064","Aff P P D_1",100,"affirmative",,"path","path","D","plank","1",,47.6721759901556,14.8439175778561,TRUE,
"exp3","exp3_121","Neg M 0 E_1",100,"negative",,"manner","no_motion","E","chair","1",,49.323529943229,14.8439175778561,TRUE,
"exp3","exp3_092","Aff M P B_1",100,"affirmative",,"manner","path","B","car","1",,48.8742976389121,14.8439175778561,TRUE,
"exp3","exp3_090","Neg C 0 B_1",100,"negative",,"conflated","no_motion","B","car","1",,51.4266173269929,14.8439175778561,TRUE,
"exp3","exp3_131","Aff P C B_1",100,"affirmative",,"path","conflated","B","car","1",,46.6349459291869,14.8439175778561,TRUE,
"exp3","exp3_045","Aff M M E_1",100,"affirmative",,"manner","manner","E","chair","1",,50.1059483555202,14.8439175778561,TRUE,
"exp3","exp3_092","Aff M M D_1",100,"affirmative",,"manner","manner","D","plank","1",,48.8742976389121,14.8439175778561,TRUE,
"exp3","exp3_142","Aff C C D_1",100,"affirmative",,"conflated","conflated","D","plank","1",,51.3233215344967,14.8439175778561,TRUE,
"exp3","exp3_142","Aff C P E_1",100,"affirmative",,"conflated","path","E","chair","1",,51.3233215344967,14.8439175778561,TRUE,
"exp3","exp3_131","Aff C P C_1",100,"affirmative",,"conflated","path","C","paper","1",,46.6349459291869,14.8439175778561,TRUE,
"exp3","exp3_092","Neg M 0 A_1",100,"negative",,"manner","no_motion","A","leaf","1",,48.8742976389121,14.8439175778561,TRUE,
"exp3","exp3_033","Aff C C A_1",100,"affirmative",,"conflated","conflated","A","leaf","1",,47.4765492350985,14.8439175778561,TRUE,
"exp3","exp3_092","Neg C 0 B_1",100,"negative",,"conflated","no_motion","B","car","1",,48.8742976389121,14.8439175778561,TRUE,
"exp3","exp3_142","Neg P 0 C_1",100,"negative",,"path","no_motion","C","paper","1",,51.3233215344967,14.8439175778561,TRUE,
"exp3","exp3_138","Aff C M B_1",100,"affirmative",,"conflated","manner","B","car","1",,45.1750802853507,14.8439175778561,TRUE,
"exp3","exp3_121","Aff M M C_1",100,"affirmative",,"manner","manner","C","paper","1",,49.323529943229,14.8439175778561,TRUE,
"exp3","exp3_033","Neg P 0 E_1",100,"negative",,"path","no_motion","E","chair","1",,47.4765492350985,14.8439175778561,TRUE,
"exp3","exp3_128","Aff C M E_1",100,"affirmative",,"conflated","manner","E","chair","1",,39.5332617915444,14.8439175778561,TRUE,
"exp3","exp3_047","Aff M C D_1",100,"affirmative",,"manner","conflated","D","plank","1",,51.4928650544437,14.8439175778561,TRUE,
"exp3","exp3_121","Neg C 0 A_1",100,"negative",,"conflated","no_motion","A","leaf","1",,49.323529943229,14.8439175778561,TRUE,
"exp3","exp3_106","Aff C P A_1",100,"affirmative",,"conflated","path","A","leaf","1",,50.0408166733251,14.8439175778561,TRUE,
"exp3","exp3_038","Aff C C D_1",100,"affirmative",,"conflated","conflated","D","plank","1",,52.2232967867094,14.8439175778561,TRUE,
"exp3","exp3_090","Aff C M C_1",100,"affirmative",,"conflated","manner","C","paper","1",,51.4266173269929,14.8439175778561,TRUE,
"exp3","exp3_057","Aff M C E_1",100,"affirmative",,"manner","conflated","E","chair","1",,42.6408539342545,14.8439175778561,TRUE,
"exp3","exp3_067","Aff M M A_1",100,"affirmative",,"manner","manner","A","leaf","1",,52.2232967867094,14.8439175778561,TRUE,
"exp3","exp3_055","Aff M C D_1",100,"affirmative",,"manner","conflated","D","plank","1",,45.3440551046478,14.8439175778561,TRUE,
"exp3","exp3_142","Aff M C C_1",100,"affirmative",,"manner","conflated","C","paper","1",,51.3233215344967,14.8439175778561,TRUE,
"exp3","exp3_142","Aff P C D_1",100,"affirmative",,"path","conflated","D","plank","1",,51.3233215344967,14.8439175778561,TRUE,
"exp3","exp3_033","Aff P C A_1",100,"affirmative",,"path","conflated","A","leaf","1",,47.4765492350985,14.8439175778561,TRUE,
"exp3","exp3_033","Aff M C E_1",100,"affirmative",,"manner","conflated","E","chair","1",,47.4765492350985,14.8439175778561,TRUE,
"exp3","exp3_121","Aff P M E_1",100,"affirmative",,"path","manner","E","chair","1",,49.323529943229,14.8439175778561,TRUE,
"exp3","exp3_142","Aff P P A_1",100,"affirmative",,"path","path","A","leaf","1",,51.3233215344967,14.8439175778561,TRUE,
"exp3","exp3_114","Aff C M D_1",100,"affirmative",,"conflated","manner","D","plank","1",,38.6460237477952,14.8439175778561,TRUE,
"exp3","exp3_138","Aff P M E_1",100,"affirmative",,"path","manner","E","chair","1",,45.1750802853507,14.8439175778561,TRUE,
"exp3","exp3_047","Aff P C E_1",100,"affirmative",,"path","conflated","E","chair","1",,51.4928650544437,14.8439175778561,TRUE,
"exp3","exp3_047","Neg P 0 D_1",100,"negative",,"path","no_motion","D","plank","1",,51.4928650544437,14.8439175778561,TRUE,
"exp3","exp3_067","Aff C M E_1",100,"affirmative",,"conflated","manner","E","chair","1",,52.2232967867094,14.8439175778561,TRUE,
"exp3","exp3_067","Neg C 0 D_1",100,"negative",,"conflated","no_motion","D","plank","1",,52.2232967867094,14.8439175778561,TRUE,
"exp3","exp3_064","Aff P C B_1",100,"affirmative",,"path","conflated","B","car","1",,47.6721759901556,14.8439175778561,TRUE,
"exp3","exp3_007","Neg M 0 E_1",100,"negative",,"manner","no_motion","E","chair","1",,46.1403491337226,14.8439175778561,TRUE,
"exp3","exp3_007","Aff M M C_1",100,"affirmative",,"manner","manner","C","paper","1",,46.1403491337226,14.8439175778561,TRUE,
"exp3","exp3_007","Neg C 0 A_1",100,"negative",,"conflated","no_motion","A","leaf","1",,46.1403491337226,14.8439175778561,TRUE,
"exp3","exp3_067","Aff P M C_1",100,"affirmative",,"path","manner","C","paper","1",,52.2232967867094,14.8439175778561,TRUE,
"exp3","exp3_045","Aff M P C_1",100,"affirmative",,"manner","path","C","paper","1",,50.1059483555202,14.8439175778561,TRUE,
"exp3","exp3_046","Aff M P E_1",100,"affirmative",,"manner","path","E","chair","1",,49.2214384186403,14.8439175778561,TRUE,
"exp3","exp3_047","Aff C C E_1",100,"affirmative",,"conflated","conflated","E","chair","1",,51.4928650544437,14.8439175778561,TRUE,
"exp3","exp3_045","Aff P M B_1",100,"affirmative",,"path","manner","B","car","1",,50.1059483555202,14.8439175778561,TRUE,
"exp3","exp3_110","Neg M 0 D_1",100,"negative",,"manner","no_motion","D","plank","1",,41.161176176616,14.8439175778561,TRUE,
"exp3","exp3_046","Aff M M B_1",100,"affirmative",,"manner","manner","B","car","1",,49.2214384186403,14.8439175778561,TRUE,
"exp3","exp3_047","Aff C P A_1",100,"affirmative",,"conflated","path","A","leaf","1",,51.4928650544437,14.8439175778561,TRUE,
"exp3","exp3_007","Aff M P A_1",100,"affirmative",,"manner","path","A","leaf","1",,46.1403491337226,14.8439175778561,TRUE,
"exp3","exp3_057","Neg P 0 E_1",100,"negative",,"path","no_motion","E","chair","1",,42.6408539342545,14.8439175778561,TRUE,
"exp3","exp3_064","Aff C P C_1",100,"affirmative",,"conflated","path","C","paper","1",,47.6721759901556,14.8439175778561,TRUE,
"exp3","exp3_134","Aff P C C_1",100,"affirmative",,"path","conflated","C","paper","1",,48.3744078344462,14.8439175778561,TRUE,
"exp3","exp3_090","Neg M 0 A_1",100,"negative",,"manner","no_motion","A","leaf","1",,51.4266173269929,14.8439175778561,TRUE,
"exp3","exp3_138","Aff M P A_1",100,"affirmative",,"manner","path","A","leaf","1",,45.1750802853507,14.8439175778561,TRUE,
"exp3","exp3_113","Aff P P A_1",100,"affirmative",,"path","path","A","leaf","1",,41.2401503392022,14.8439175778561,TRUE,
"exp3","exp3_047","Aff M 0 B_1",100,"affirmative",,"manner","no_motion","B","car","1",,51.4928650544437,14.8439175778561,TRUE,
"exp3","exp3_090","Aff M M D_1",100,"affirmative",,"manner","manner","D","plank","1",,51.4266173269929,14.8439175778561,TRUE,
"exp3","exp3_067","Aff M P D_1",100,"affirmative",,"manner","path","D","plank","1",,52.2232967867094,14.8439175778561,TRUE,
"exp3","exp3_043","Aff P C E_1",100,"affirmative",,"path","conflated","E","chair","1",,44.2551144108243,14.8439175778561,TRUE,
"exp3","exp3_090","Aff M P B_1",100,"affirmative",,"manner","path","B","car","1",,51.4266173269929,14.8439175778561,TRUE,
"exp3","exp3_064","Aff C C B_1",100,"affirmative",,"conflated","conflated","B","car","1",,47.6721759901556,14.8439175778561,TRUE,
"exp3","exp3_064","Aff M C A_1",100,"affirmative",,"manner","conflated","A","leaf","1",,47.6721759901556,14.8439175778561,TRUE,
"exp3","exp3_113","Aff M C C_1",100,"affirmative",,"manner","conflated","C","paper","1",,41.2401503392022,14.8439175778561,TRUE,
"exp3","exp3_111","Neg M 0 E_1",100,"negative",,"manner","no_motion","E","chair","1",,46.0246146264708,14.8439175778561,TRUE,
"exp3","exp3_067","Neg M 0 C_1",100,"negative",,"manner","no_motion","C","paper","1",,52.2232967867094,14.8439175778561,TRUE,
"exp3","exp3_072","Aff M C A_1",100,"affirmative",,"manner","conflated","A","leaf","1",,46.313163257427,14.8439175778561,TRUE,
"exp3","exp3_121","Aff C M B_1",100,"affirmative",,"conflated","manner","B","car","1",,49.323529943229,14.8439175778561,TRUE,
"exp3","exp3_038","Aff C P E_1",100,"affirmative",,"conflated","path","E","chair","1",,52.2232967867094,14.8439175778561,TRUE,
"exp3","exp3_106","Aff C C E_1",100,"affirmative",,"conflated","conflated","E","chair","1",,50.0408166733251,14.8439175778561,TRUE,
"exp3","exp3_109","Neg P 0 C_1",100,"negative",,"path","no_motion","C","paper","1",,46.9551688186496,14.8439175778561,TRUE,
"exp3","exp3_010","Aff C M D_1",100,"affirmative",,"conflated","manner","D","plank","1",,46.84371178006,14.8439175778561,TRUE,
"exp3","exp3_044","Aff M P B_1",100,"affirmative",,"manner","path","B","car","1",,47.1146248927855,14.8439175778561,TRUE,
"exp3","exp3_096","Aff P P C_1",100,"affirmative",,"path","path","C","paper","1",,48.6417796474669,14.8439175778561,TRUE,
"exp3","exp3_038","Aff M C C_1",100,"affirmative",,"manner","conflated","C","paper","1",,52.2232967867094,14.8439175778561,TRUE,
"exp3","exp3_082","Aff M P E_1",100,"affirmative",,"manner","path","E","chair","1",,48.280352362451,14.8439175778561,TRUE,
"exp3","exp3_135","Aff C P E_1",100,"affirmative",,"conflated","path","E","chair","1",,49.3192291468182,14.8439175778561,TRUE,
"exp3","exp3_092","Aff C M C_1",100,"affirmative",,"conflated","manner","C","paper","1",,48.8742976389121,14.8439175778561,TRUE,
"exp3","exp3_122","Aff M C B_1",100,"affirmative",,"manner","conflated","B","car","1",,48.7432979076005,14.8439175778561,TRUE,
"exp3","exp3_141","Aff M C A_1",100,"affirmative",,"manner","conflated","A","leaf","1",,47.8218759375018,14.8439175778561,TRUE,
"exp3","exp3_121","Aff M P A_1",100,"affirmative",,"manner","path","A","leaf","1",,49.323529943229,14.8439175778561,TRUE,
"exp3","exp3_135","Aff P P A_1",100,"affirmative",,"path","path","A","leaf","1",,49.3192291468182,14.8439175778561,TRUE,
"exp3","exp3_123","Aff M P E_1",100,"affirmative",,"manner","path","E","chair","1",,44.0133416411915,14.8439175778561,TRUE,
"exp3","exp3_020","Aff C P A_1",100,"affirmative",,"conflated","path","A","leaf","1",,52.2232967867094,14.8439175778561,TRUE,
"exp3","exp3_096","Aff C C A_1",100,"affirmative",,"conflated","conflated","A","leaf","1",,48.6417796474669,14.8439175778561,TRUE,
"exp3","exp3_020","Aff C C E_1",100,"affirmative",,"conflated","conflated","E","chair","1",,52.2232967867094,14.8439175778561,TRUE,
"exp3","exp3_135","Aff P C D_1",100,"affirmative",,"path","conflated","D","plank","1",,49.3192291468182,14.8439175778561,TRUE,
"exp3","exp3_122","Neg P 0 B_1",100,"negative",,"path","no_motion","B","car","1",,48.7432979076005,14.8439175778561,TRUE,
"exp3","exp3_028","Aff M P A_1",100,"affirmative",,"manner","path","A","leaf","1",,52.2232967867094,14.8439175778561,TRUE,
"exp3","exp3_141","Aff P C B_1",100,"affirmative",,"path","conflated","B","car","1",,47.8218759375018,14.8439175778561,TRUE,
"exp3","exp3_028","Neg C 0 A_1",100,"negative",,"conflated","no_motion","A","leaf","1",,52.2232967867094,14.8439175778561,TRUE,
"exp3","exp3_028","Aff P M E_1",100,"affirmative",,"path","manner","E","chair","1",,52.2232967867094,14.8439175778561,TRUE,
"exp3","exp3_028","Aff M M C_1",100,"affirmative",,"manner","manner","C","paper","1",,52.2232967867094,14.8439175778561,TRUE,
"exp3","exp3_028","Neg M 0 E_1",100,"negative",,"manner","no_motion","E","chair","1",,52.2232967867094,14.8439175778561,TRUE,
"exp3","exp3_141","Neg P 0 A_1",100,"negative",,"path","no_motion","A","leaf","1",,47.8218759375018,14.8439175778561,TRUE,
"exp3","exp3_028","Aff C M B_1",100,"affirmative",,"conflated","manner","B","car","1",,52.2232967867094,14.8439175778561,TRUE,
"exp3","exp3_134","Aff P P E_1",100,"affirmative",,"path","path","E","chair","1",,48.3744078344462,14.8439175778561,TRUE,
"exp3","exp3_134","Aff C P D_1",100,"affirmative",,"conflated","path","D","plank","1",,48.3744078344462,14.8439175778561,TRUE,
"exp3","exp3_099","Neg C 0 E_1",100,"negative",,"conflated","no_motion","E","chair","1",,45.8740039938116,14.8439175778561,TRUE,
"exp3","exp3_141","Aff P P D_1",100,"affirmative",,"path","path","D","plank","1",,47.8218759375018,14.8439175778561,TRUE,
"exp3","exp3_020","Aff P P B_1",100,"affirmative",,"path","path","B","car","1",,52.2232967867094,14.8439175778561,TRUE,
"exp3","exp3_047","Aff P P B_1",100,"affirmative",,"path","path","B","car","1",,51.4928650544437,14.8439175778561,TRUE,
"exp3","exp3_038","Aff P C D_1",100,"affirmative",,"path","conflated","D","plank","1",,52.2232967867094,14.8439175778561,TRUE,
"exp3","exp3_106","Aff P C E_1",100,"affirmative",,"path","conflated","E","chair","1",,50.0408166733251,14.8439175778561,TRUE,
"exp3","exp3_038","Aff P P A_1",100,"affirmative",,"path","path","A","leaf","1",,52.2232967867094,14.8439175778561,TRUE,
"exp3","exp3_020","Aff M C D_1",100,"affirmative",,"manner","conflated","D","plank","1",,52.2232967867094,14.8439175778561,TRUE,
"exp3","exp3_038","Neg P 0 C_1",100,"negative",,"path","no_motion","C","paper","1",,52.2232967867094,14.8439175778561,TRUE,
"exp3","exp3_109","Aff P P A_1",100,"affirmative",,"path","path","A","leaf","1",,46.9551688186496,14.8439175778561,TRUE,
"exp3","exp3_020","Aff P C E_1",100,"affirmative",,"path","conflated","E","chair","1",,52.2232967867094,14.8439175778561,TRUE,
"exp3","exp3_055","Aff C C E_1",100,"affirmative",,"conflated","conflated","E","chair","1",,45.3440551046478,14.8439175778561,TRUE,
"exp3","exp3_106","Aff M C D_1",100,"affirmative",,"manner","conflated","D","plank","1",,50.0408166733251,14.8439175778561,TRUE,
"exp3","exp3_020","Neg P 0 D_1",100,"negative",,"path","no_motion","D","plank","1",,52.2232967867094,14.8439175778561,TRUE,
"exp3","exp3_109","Aff M C C_1",100,"affirmative",,"manner","conflated","C","paper","1",,46.9551688186496,14.8439175778561,TRUE,
"exp3","exp3_045","Neg C 0 C_1",99,"negative",,"conflated","no_motion","C","paper","1",,50.1059483555202,14.8439175778561,TRUE,
"exp3","exp3_120","Aff C P B_1",99,"affirmative",,"conflated","path","B","car","1",,50.0129528676867,14.8439175778561,TRUE,
"exp3","exp3_016","Aff M P C_1",99,"affirmative",,"manner","path","C","paper","1",,51.2766560390345,14.8439175778561,TRUE,
"exp3","exp3_043","Neg P 0 D_1",99,"negative",,"path","no_motion","D","plank","1",,44.2551144108243,14.8439175778561,TRUE,
"exp3","exp3_110","Aff M M B_1",99,"affirmative",,"manner","manner","B","car","1",,41.161176176616,14.8439175778561,TRUE,
"exp3","exp3_050","Aff P M B_1",99,"affirmative",,"path","manner","B","car","1",,48.9027327736117,14.8439175778561,TRUE,
"exp3","exp3_016","Aff C M D_1",99,"affirmative",,"conflated","manner","D","plank","1",,51.2766560390345,14.8439175778561,TRUE,
"exp3","exp3_016","Neg C 0 C_1",99,"negative",,"conflated","no_motion","C","paper","1",,51.2766560390345,14.8439175778561,TRUE,
"exp3","exp3_045","Aff C M D_1",99,"affirmative",,"conflated","manner","D","plank","1",,50.1059483555202,14.8439175778561,TRUE,
"exp3","exp3_134","Neg M C A_1",99,"negative",,"manner","conflated","A","leaf","1",,48.3744078344462,14.8439175778561,TRUE,
"exp3","exp3_018","Aff M P A_1",99,"affirmative",,"manner","path","A","leaf","1",,44.7155148994985,14.8439175778561,TRUE,
"exp3","exp3_137","Neg C 0 E_1",99,"negative",,"conflated","no_motion","E","chair","1",,44.8816625846641,14.8439175778561,TRUE,
"exp3","exp3_022","Neg M 0 D_1",99,"negative",,"manner","no_motion","D","plank","1",,43.6774506693064,14.8439175778561,TRUE,
"exp3","exp3_082","Aff P M D_1",99,"affirmative",,"path","manner","D","plank","1",,48.280352362451,14.8439175778561,TRUE,
"exp3","exp3_068","Aff C C B_1",98,"affirmative",,"conflated","conflated","B","car","1",,46.7575143855525,14.8439175778561,TRUE,
"exp3","exp3_082","Neg M 0 D_1",98,"negative",,"manner","no_motion","D","plank","1",,48.280352362451,14.8439175778561,TRUE,
"exp3","exp3_093","Aff P P C_1",98,"affirmative",,"path","path","C","paper","1",,37.6904255987934,14.8439175778561,TRUE,
"exp3","exp3_050","Neg C 0 C_1",98,"negative",,"conflated","no_motion","C","paper","1",,48.9027327736117,14.8439175778561,TRUE,
"exp3","exp3_124","Aff M C D_1",98,"affirmative",,"manner","conflated","D","plank","1",,39.0107793960965,14.8439175778561,TRUE,
"exp3","exp3_018","Neg C 0 A_1",98,"negative",,"conflated","no_motion","A","leaf","1",,44.7155148994985,14.8439175778561,TRUE,
"exp3","exp3_082","Neg C 0 E_1",98,"negative",,"conflated","no_motion","E","chair","1",,48.280352362451,14.8439175778561,TRUE,
"exp3","exp3_096","Neg P 0 E_1",98,"negative",,"path","no_motion","E","chair","1",,48.6417796474669,14.8439175778561,TRUE,
"exp3","exp3_009","Neg M C A_1",98,"negative",,"manner","conflated","A","leaf","1",,40.153021698437,14.8439175778561,TRUE,
"exp3","exp3_134","Aff C C C_1",98,"affirmative",,"conflated","conflated","C","paper","1",,48.3744078344462,14.8439175778561,TRUE,
"exp3","exp3_076","Neg M 0 D_1",98,"negative",,"manner","no_motion","D","plank","1",,49.3610691893435,14.8439175778561,TRUE,
"exp3","exp3_039","Aff C C D_1",98,"affirmative",,"conflated","conflated","D","plank","1",,46.3334423369112,14.8439175778561,TRUE,
"exp3","exp3_079","Aff M M C_1",98,"affirmative",,"manner","manner","C","paper","1",,41.7706581081491,14.8439175778561,TRUE,
"exp3","exp3_136","Neg C 0 E_1",98,"negative",,"conflated","no_motion","E","chair","1",,44.9460956608193,14.8439175778561,TRUE,
"exp3","exp3_068","Aff M C A_1",98,"affirmative",,"manner","conflated","A","leaf","1",,46.7575143855525,14.8439175778561,TRUE,
"exp3","exp3_022","Neg C 0 E_1",98,"negative",,"conflated","no_motion","E","chair","1",,43.6774506693064,14.8439175778561,TRUE,
"exp3","exp3_091","Aff C C A_1",97,"affirmative",,"conflated","conflated","A","leaf","1",,38.7395147104349,14.8439175778561,TRUE,
"exp3","exp3_088","Aff C M B_1",97,"affirmative",,"conflated","manner","B","car","1",,50.1200830732824,14.8439175778561,TRUE,
"exp3","exp3_054","Aff C C A_1",97,"affirmative",,"conflated","conflated","A","leaf","1",,41.4936103149593,14.8439175778561,TRUE,
"exp3","exp3_076","Aff M P E_1",97,"affirmative",,"manner","path","E","chair","1",,49.3610691893435,14.8439175778561,TRUE,
"exp3","exp3_046","Aff P M D_1",97,"affirmative",,"path","manner","D","plank","1",,49.2214384186403,14.8439175778561,TRUE,
"exp3","exp3_111","Neg C 0 A_1",97,"negative",,"conflated","no_motion","A","leaf","1",,46.0246146264708,14.8439175778561,TRUE,
"exp3","exp3_058","Aff M M C_1",97,"affirmative",,"manner","manner","C","paper","1",,40.7998625963224,14.8439175778561,TRUE,
"exp3","exp3_035","Aff M C A_1",97,"affirmative",,"manner","conflated","A","leaf","1",,43.4831907613491,14.8439175778561,TRUE,
"exp3","exp3_044","Aff P M A_1",97,"affirmative",,"path","manner","A","leaf","1",,47.1146248927855,14.8439175778561,TRUE,
"exp3","exp3_050","Aff M M E_1",97,"affirmative",,"manner","manner","E","chair","1",,48.9027327736117,14.8439175778561,TRUE,
"exp3","exp3_050","Aff C M D_1",97,"affirmative",,"conflated","manner","D","plank","1",,48.9027327736117,14.8439175778561,TRUE,
"exp3","exp3_016","Aff P M B_1",97,"affirmative",,"path","manner","B","car","1",,51.2766560390345,14.8439175778561,TRUE,
"exp3","exp3_063","Aff P P A_1",97,"affirmative",,"path","path","A","leaf","1",,44.7182255570332,14.8439175778561,TRUE,
"exp3","exp3_044","Neg C 0 B_1",97,"negative",,"conflated","no_motion","B","car","1",,47.1146248927855,14.8439175778561,TRUE,
"exp3","exp3_027","Aff P M C_1",96,"affirmative",,"path","manner","C","paper","1",,44.5121706203296,14.8439175778561,TRUE,
"exp3","exp3_015","Aff M C B_1",96,"affirmative",,"manner","conflated","B","car","1",,41.7774587619455,14.8439175778561,TRUE,
"exp3","exp3_058","Aff M P A_1",96,"affirmative",,"manner","path","A","leaf","1",,40.7998625963224,14.8439175778561,TRUE,
"exp3","exp3_041","Neg M 0 D_1",96,"negative",,"manner","no_motion","D","plank","1",,43.3292538872324,14.8439175778561,TRUE,
"exp3","exp3_138","Aff M M C_1",96,"affirmative",,"manner","manner","C","paper","1",,45.1750802853507,14.8439175778561,TRUE,
"exp3","exp3_004","Aff P P C_1",96,"affirmative",,"path","path","C","paper","1",,39.7411129764387,14.8439175778561,TRUE,
"exp3","exp3_029","Aff P M D_1",96,"affirmative",,"path","manner","D","plank","1",,49.9474724085213,14.8439175778561,TRUE,
"exp3","exp3_010","Aff M M E_1",96,"affirmative",,"manner","manner","E","chair","1",,46.84371178006,14.8439175778561,TRUE,
"exp3","exp3_016","Aff M M E_1",96,"affirmative",,"manner","manner","E","chair","1",,51.2766560390345,14.8439175778561,TRUE,
"exp3","exp3_006","Neg C 0 E_1",96,"negative",,"conflated","no_motion","E","chair","1",,50.5179236119281,14.8439175778561,TRUE,
"exp3","exp3_004","Aff C C A_1",96,"affirmative",,"conflated","conflated","A","leaf","1",,39.7411129764387,14.8439175778561,TRUE,
"exp3","exp3_041","Aff M M B_1",96,"affirmative",,"manner","manner","B","car","1",,43.3292538872324,14.8439175778561,TRUE,
"exp3","exp3_147","Aff M M B_1",96,"affirmative",,"manner","manner","B","car","1",,47.3561618018824,14.8439175778561,TRUE,
"exp3","exp3_010","Neg M 0 B_1",96,"negative",,"manner","no_motion","B","car","1",,46.84371178006,14.8439175778561,TRUE,
"exp3","exp3_111","Aff P M E_1",95,"affirmative",,"path","manner","E","chair","1",,46.0246146264708,14.8439175778561,TRUE,
"exp3","exp3_099","Aff M M B_1",95,"affirmative",,"manner","manner","B","car","1",,45.8740039938116,14.8439175778561,TRUE,
"exp3","exp3_140","Aff C C C_1",95,"affirmative",,"conflated","conflated","C","paper","1",,49.8235522984498,14.8439175778561,TRUE,
"exp3","exp3_081","Aff M C B_1",95,"affirmative",,"manner","conflated","B","car","1",,44.9494665758621,14.8439175778561,TRUE,
"exp3","exp3_135","Aff M C C_1",95,"affirmative",,"manner","conflated","C","paper","1",,49.3192291468182,14.8439175778561,TRUE,
"exp3","exp3_140","Aff P C C_1",95,"affirmative",,"path","conflated","C","paper","1",,49.8235522984498,14.8439175778561,TRUE,
"exp3","exp3_081","Neg P 0 B_1",95,"negative",,"path","no_motion","B","car","1",,44.9494665758621,14.8439175778561,TRUE,
"exp3","exp3_087","Aff C P B_1",95,"affirmative",,"conflated","path","B","car","1",,5.40762648880489,14.8439175778561,FALSE,"low_response_variability"
"exp3","exp3_105","Aff C C E_1",95,"affirmative",,"conflated","conflated","E","chair","1",,49.0979231801719,14.8439175778561,TRUE,
"exp3","exp3_126","Aff P 0 C_1",95,"affirmative",,"path","no_motion","C","paper","1",,46.9803311519993,14.8439175778561,TRUE,
"exp3","exp3_053","Aff P P A_1",95,"affirmative",,"path","path","A","leaf","1",,36.0386997377525,14.8439175778561,TRUE,
"exp3","exp3_126","Aff C M C_1",95,"affirmative",,"conflated","manner","C","paper","1",,46.9803311519993,14.8439175778561,TRUE,
"exp3","exp3_029","Aff C M A_1",95,"affirmative",,"conflated","manner","A","leaf","1",,49.9474724085213,14.8439175778561,TRUE,
"exp3","exp3_081","Aff P C C_1",95,"affirmative",,"path","conflated","C","paper","1",,44.9494665758621,14.8439175778561,TRUE,
"exp3","exp3_026","Aff C M A_1",95,"affirmative",,"conflated","manner","A","leaf","1",,43.757250481457,14.8439175778561,TRUE,
"exp3","exp3_044","Aff M M D_1",95,"affirmative",,"manner","manner","D","plank","1",,47.1146248927855,14.8439175778561,TRUE,
"exp3","exp3_072","Aff C P C_1",95,"affirmative",,"conflated","path","C","paper","1",,46.313163257427,14.8439175778561,TRUE,
"exp3","exp3_068","Aff P C B_1",95,"affirmative",,"path","conflated","B","car","1",,46.7575143855525,14.8439175778561,TRUE,
"exp3","exp3_107","Aff M P E_1",95,"affirmative",,"manner","path","E","chair","1",,45.7592514242649,14.8439175778561,TRUE,
"exp3","exp3_048","Neg C 0 D_1",95,"negative",,"conflated","no_motion","D","plank","1",,45.7869737992911,14.8439175778561,TRUE,
"exp3","exp3_136","Neg M 0 D_1",95,"negative",,"manner","no_motion","D","plank","1",,44.9460956608193,14.8439175778561,TRUE,
"exp3","exp3_087","Aff P C A_1",95,"affirmative",,"path","conflated","A","leaf","1",,5.40762648880489,14.8439175778561,FALSE,"low_response_variability"
"exp3","exp3_141","Aff C P C_1",95,"affirmative",,"conflated","path","C","paper","1",,47.8218759375018,14.8439175778561,TRUE,
"exp3","exp3_087","Neg P 0 E_1",94,"negative",,"path","no_motion","E","chair","1",,5.40762648880489,14.8439175778561,FALSE,"low_response_variability"
"exp3","exp3_011","Aff M P C_1",94,"affirmative",,"manner","path","C","paper","1",,34.7793913202353,14.8439175778561,TRUE,
"exp3","exp3_013","Aff P C D_1",94,"affirmative",,"path","conflated","D","plank","1",,40.2375521877339,14.8439175778561,TRUE,
"exp3","exp3_013","Aff P P A_1",94,"affirmative",,"path","path","A","leaf","1",,40.2375521877339,14.8439175778561,TRUE,
"exp3","exp3_018","Aff P M E_1",94,"affirmative",,"path","manner","E","chair","1",,44.7155148994985,14.8439175778561,TRUE,
"exp3","exp3_084","Aff M P B_1",94,"affirmative",,"manner","path","B","car","1",,43.8325843927261,14.8439175778561,TRUE,
"exp3","exp3_082","Aff M M B_1",94,"affirmative",,"manner","manner","B","car","1",,48.280352362451,14.8439175778561,TRUE,
"exp3","exp3_087","Aff M 0 C_1",94,"affirmative",,"manner","no_motion","C","paper","1",,5.40762648880489,14.8439175778561,FALSE,"low_response_variability"
"exp3","exp3_122","Aff P P E_1",94,"affirmative",,"path","path","E","chair","1",,48.7432979076005,14.8439175778561,TRUE,
"exp3","exp3_043","Aff M C D_1",94,"affirmative",,"manner","conflated","D","plank","1",,44.2551144108243,14.8439175778561,TRUE,
"exp3","exp3_035","Neg P 0 A_1",94,"negative",,"path","no_motion","A","leaf","1",,43.4831907613491,14.8439175778561,TRUE,
"exp3","exp3_087","Aff M C E_1",94,"affirmative",,"manner","conflated","E","chair","1",,5.40762648880489,14.8439175778561,FALSE,"low_response_variability"
"exp3","exp3_087","Neg P M C_1",94,"negative",,"path","manner","C","paper","1",,5.40762648880489,14.8439175778561,FALSE,"low_response_variability"
"exp3","exp3_035","Aff P C B_1",94,"affirmative",,"path","conflated","B","car","1",,43.4831907613491,14.8439175778561,TRUE,
"exp3","exp3_136","Aff M M B_1",94,"affirmative",,"manner","manner","B","car","1",,44.9460956608193,14.8439175778561,TRUE,
"exp3","exp3_124","Aff C C E_1",94,"affirmative",,"conflated","conflated","E","chair","1",,39.0107793960965,14.8439175778561,TRUE,
"exp3","exp3_008","Aff M C E_1",94,"affirmative",,"manner","conflated","E","chair","1",,40.6828085201957,14.8439175778561,TRUE,
"exp3","exp3_093","Aff M C E_1",94,"affirmative",,"manner","conflated","E","chair","1",,37.6904255987934,14.8439175778561,TRUE,
"exp3","exp3_042","Aff M C A_1",93,"affirmative",,"manner","conflated","A","leaf","1",,42.2749836478294,14.8439175778561,TRUE,
"exp3","exp3_096","Aff P C A_1",93,"affirmative",,"path","conflated","A","leaf","1",,48.6417796474669,14.8439175778561,TRUE,
"exp3","exp3_015","Neg P 0 B_1",93,"negative",,"path","no_motion","B","car","1",,41.7774587619455,14.8439175778561,TRUE,
"exp3","exp3_072","Aff P P D_1",93,"affirmative",,"path","path","D","plank","1",,46.313163257427,14.8439175778561,TRUE,
"exp3","exp3_087","Aff C 0 B_1",93,"affirmative",,"conflated","no_motion","B","car","1",,5.40762648880489,14.8439175778561,FALSE,"low_response_variability"
"exp3","exp3_077","Aff M P E_1",93,"affirmative",,"manner","path","E","chair","1",,40.1507575686105,14.8439175778561,TRUE,
"exp3","exp3_048","Aff P M C_1",93,"affirmative",,"path","manner","C","paper","1",,45.7869737992911,14.8439175778561,TRUE,
"exp3","exp3_041","Aff M P E_1",93,"affirmative",,"manner","path","E","chair","1",,43.3292538872324,14.8439175778561,TRUE,
"exp3","exp3_136","Aff P M D_1",93,"affirmative",,"path","manner","D","plank","1",,44.9460956608193,14.8439175778561,TRUE,
"exp3","exp3_013","Aff C C D_1",93,"affirmative",,"conflated","conflated","D","plank","1",,40.2375521877339,14.8439175778561,TRUE,
"exp3","exp3_036","Neg P M B_1",93,"negative",,"path","manner","B","car","1",,34.0770072665195,14.8439175778561,TRUE,
"exp3","exp3_044","Neg M 0 A_1",93,"negative",,"manner","no_motion","A","leaf","1",,47.1146248927855,14.8439175778561,TRUE,
"exp3","exp3_087","Neg M M D_1",93,"negative",,"manner","manner","D","plank","1",,5.40762648880489,14.8439175778561,FALSE,"low_response_variability"
"exp3","exp3_093","Aff P C A_1",92,"affirmative",,"path","conflated","A","leaf","1",,37.6904255987934,14.8439175778561,TRUE,
"exp3","exp3_044","Aff C M C_1",92,"affirmative",,"conflated","manner","C","paper","1",,47.1146248927855,14.8439175778561,TRUE,
"exp3","exp3_146","Neg P P D_1",92,"negative",,"path","path","D","plank","1",,5.93078767317145,14.8439175778561,FALSE,"low_response_variability"
"exp3","exp3_063","Aff M C C_1",92,"affirmative",,"manner","conflated","C","paper","1",,44.7182255570332,14.8439175778561,TRUE,
"exp3","exp3_137","Neg M 0 D_1",92,"negative",,"manner","no_motion","D","plank","1",,44.8816625846641,14.8439175778561,TRUE,
"exp3","exp3_001","Neg P 0 B_1",92,"negative",,"path","no_motion","B","car","1",,29.5675907750771,14.8439175778561,TRUE,
"exp3","exp3_035","Aff C P C_1",92,"affirmative",,"conflated","path","C","paper","1",,43.4831907613491,14.8439175778561,TRUE,
"exp3","exp3_097","Aff C M A_1",92,"affirmative",,"conflated","manner","A","leaf","1",,32.6481471932408,14.8439175778561,TRUE,
"exp3","exp3_095","Aff P M E_1",92,"affirmative",,"path","manner","E","chair","1",,40.8240867700192,14.8439175778561,TRUE,
"exp3","exp3_131","Aff P P D_1",92,"affirmative",,"path","path","D","plank","1",,46.6349459291869,14.8439175778561,TRUE,
"exp3","exp3_075","Aff M M D_1",92,"affirmative",,"manner","manner","D","plank","1",,42.2656641215581,14.8439175778561,TRUE,
"exp3","exp3_050","Aff M P C_1",92,"affirmative",,"manner","path","C","paper","1",,48.9027327736117,14.8439175778561,TRUE,
"exp3","exp3_099","Aff C M A_1",92,"affirmative",,"conflated","manner","A","leaf","1",,45.8740039938116,14.8439175778561,TRUE,
"exp3","exp3_063","Neg C M C_1",92,"negative",,"conflated","manner","C","paper","1",,44.7182255570332,14.8439175778561,TRUE,
"exp3","exp3_118","Neg M C E_1",92,"negative",,"manner","conflated","E","chair","1",,7.22998805481221,14.8439175778561,FALSE,"low_response_variability"
"exp3","exp3_095","Neg C 0 A_1",92,"negative",,"conflated","no_motion","A","leaf","1",,40.8240867700192,14.8439175778561,TRUE,
"exp3","exp3_112","Neg C 0 B_1",91,"negative",,"conflated","no_motion","B","car","1",,37.871693274993,14.8439175778561,TRUE,
"exp3","exp3_035","Aff C C B_1",91,"affirmative",,"conflated","conflated","B","car","1",,43.4831907613491,14.8439175778561,TRUE,
"exp3","exp3_136","Aff C M A_1",91,"affirmative",,"conflated","manner","A","leaf","1",,44.9460956608193,14.8439175778561,TRUE,
"exp3","exp3_118","Aff C C B_1",91,"affirmative",,"conflated","conflated","B","car","1",,7.22998805481221,14.8439175778561,FALSE,"low_response_variability"
"exp3","exp3_063","Aff C C D_1",91,"affirmative",,"conflated","conflated","D","plank","1",,44.7182255570332,14.8439175778561,TRUE,
"exp3","exp3_109","Aff P C D_1",91,"affirmative",,"path","conflated","D","plank","1",,46.9551688186496,14.8439175778561,TRUE,
"exp3","exp3_026","Neg M 0 D_1",91,"negative",,"manner","no_motion","D","plank","1",,43.757250481457,14.8439175778561,TRUE,
"exp3","exp3_048","Aff C M E_1",91,"affirmative",,"conflated","manner","E","chair","1",,45.7869737992911,14.8439175778561,TRUE,
"exp3","exp3_046","Neg M 0 D_1",91,"negative",,"manner","no_motion","D","plank","1",,49.2214384186403,14.8439175778561,TRUE,
"exp3","exp3_048","Neg M 0 C_1",91,"negative",,"manner","no_motion","C","paper","1",,45.7869737992911,14.8439175778561,TRUE,
"exp3","exp3_094","Aff C C B_1",91,"affirmative",,"conflated","conflated","B","car","1",,46.8585071995438,14.8439175778561,TRUE,
"exp3","exp3_123","Aff M M B_1",91,"affirmative",,"manner","manner","B","car","1",,44.0133416411915,14.8439175778561,TRUE,
"exp3","exp3_095","Neg M 0 E_1",91,"negative",,"manner","no_motion","E","chair","1",,40.8240867700192,14.8439175778561,TRUE,
"exp3","exp3_029","Aff M P E_1",91,"affirmative",,"manner","path","E","chair","1",,49.9474724085213,14.8439175778561,TRUE,
"exp3","exp3_075","Aff M P B_1",91,"affirmative",,"manner","path","B","car","1",,42.2656641215581,14.8439175778561,TRUE,
"exp3","exp3_146","Neg M P B_1",91,"negative",,"manner","path","B","car","1",,5.93078767317145,14.8439175778561,FALSE,"low_response_variability"
"exp3","exp3_029","Neg M 0 D_1",91,"negative",,"manner","no_motion","D","plank","1",,49.9474724085213,14.8439175778561,TRUE,
"exp3","exp3_108","Aff C C E_1",90,"affirmative",,"conflated","conflated","E","chair","1",,37.7250820831687,14.8439175778561,TRUE,
"exp3","exp3_073","Aff P P E_1",90,"affirmative",,"path","path","E","chair","1",,39.1566395933362,14.8439175778561,TRUE,
"exp3","exp3_103","Aff P C E_1",90,"affirmative",,"path","conflated","E","chair","1",,32.6129738080731,14.8439175778561,TRUE,
"exp3","exp3_063","Neg P 0 C_1",90,"negative",,"path","no_motion","C","paper","1",,44.7182255570332,14.8439175778561,TRUE,
"exp3","exp3_099","Aff P M D_1",90,"affirmative",,"path","manner","D","plank","1",,45.8740039938116,14.8439175778561,TRUE,
"exp3","exp3_061","Aff C M A_1",90,"affirmative",,"conflated","manner","A","leaf","1",,51.4266173269929,14.8439175778561,TRUE,
"exp3","exp3_081","Aff C C C_1",90,"affirmative",,"conflated","conflated","C","paper","1",,44.9494665758621,14.8439175778561,TRUE,
"exp3","exp3_106","Aff P P B_1",90,"affirmative",,"path","path","B","car","1",,50.0408166733251,14.8439175778561,TRUE,
"exp3","exp3_008","Aff P C A_1",90,"affirmative",,"path","conflated","A","leaf","1",,40.6828085201957,14.8439175778561,TRUE,
"exp3","exp3_117","Aff M M C_1",90,"affirmative",,"manner","manner","C","paper","1",,47.8643126373128,14.8439175778561,TRUE,
"exp3","exp3_118","Neg P 0 A_1",90,"negative",,"path","no_motion","A","leaf","1",,7.22998805481221,14.8439175778561,FALSE,"low_response_variability"
"exp3","exp3_122","Aff C P D_1",90,"affirmative",,"conflated","path","D","plank","1",,48.7432979076005,14.8439175778561,TRUE,
"exp3","exp3_082","Aff C M A_1",90,"affirmative",,"conflated","manner","A","leaf","1",,48.280352362451,14.8439175778561,TRUE,
"exp3","exp3_127","Aff P M D_1",90,"affirmative",,"path","manner","D","plank","1",,34.4220683265661,14.8439175778561,TRUE,
"exp3","exp3_075","Neg M 0 A_1",90,"negative",,"manner","no_motion","A","leaf","1",,42.2656641215581,14.8439175778561,TRUE,
"exp3","exp3_054","Aff M C E_1",90,"affirmative",,"manner","conflated","E","chair","1",,41.4936103149593,14.8439175778561,TRUE,
"exp3","exp3_050","Neg M 0 B_1",90,"negative",,"manner","no_motion","B","car","1",,48.9027327736117,14.8439175778561,TRUE,
"exp3","exp3_101","Aff M P A_1",90,"affirmative",,"manner","path","A","leaf","1",,38.8434113597223,14.8439175778561,TRUE,
"exp3","exp3_131","Aff M C A_1",90,"affirmative",,"manner","conflated","A","leaf","1",,46.6349459291869,14.8439175778561,TRUE,
"exp3","exp3_090","Aff P M A_1",90,"affirmative",,"path","manner","A","leaf","1",,51.4266173269929,14.8439175778561,TRUE,
"exp3","exp3_146","Aff P M A_1",90,"affirmative",,"path","manner","A","leaf","1",,5.93078767317145,14.8439175778561,FALSE,"low_response_variability"
"exp3","exp3_144","Aff P M B_1",90,"affirmative",,"path","manner","B","car","1",,46.5372936145807,14.8439175778561,TRUE,
"exp3","exp3_127","Aff M P E_1",90,"affirmative",,"manner","path","E","chair","1",,34.4220683265661,14.8439175778561,TRUE,
"exp3","exp3_009","Aff M C B_1",90,"affirmative",,"manner","conflated","B","car","1",,40.153021698437,14.8439175778561,TRUE,
"exp3","exp3_139","Aff P P E_1",90,"affirmative",,"path","path","E","chair","1",,40.2720859788875,14.8439175778561,TRUE,
"exp3","exp3_137","Aff M P E_1",90,"affirmative",,"manner","path","E","chair","1",,44.8816625846641,14.8439175778561,TRUE,
"exp3","exp3_135","Aff C C D_1",90,"affirmative",,"conflated","conflated","D","plank","1",,49.3192291468182,14.8439175778561,TRUE,
"exp3","exp3_095","Aff M M C_1",90,"affirmative",,"manner","manner","C","paper","1",,40.8240867700192,14.8439175778561,TRUE,
"exp3","exp3_008","Neg P 0 E_1",90,"negative",,"path","no_motion","E","chair","1",,40.6828085201957,14.8439175778561,TRUE,
"exp3","exp3_131","Neg P 0 A_1",90,"negative",,"path","no_motion","A","leaf","1",,46.6349459291869,14.8439175778561,TRUE,
"exp3","exp3_095","Aff M P A_1",90,"affirmative",,"manner","path","A","leaf","1",,40.8240867700192,14.8439175778561,TRUE,
"exp3","exp3_123","Neg C 0 E_1",90,"negative",,"conflated","no_motion","E","chair","1",,44.0133416411915,14.8439175778561,TRUE,
"exp3","exp3_137","Aff M M B_1",90,"affirmative",,"manner","manner","B","car","1",,44.8816625846641,14.8439175778561,TRUE,
"exp3","exp3_093","Aff C C A_1",90,"affirmative",,"conflated","conflated","A","leaf","1",,37.6904255987934,14.8439175778561,TRUE,
"exp3","exp3_039","Aff P C D_1",89,"affirmative",,"path","conflated","D","plank","1",,46.3334423369112,14.8439175778561,TRUE,
"exp3","exp3_039","Neg P 0 C_1",89,"negative",,"path","no_motion","C","paper","1",,46.3334423369112,14.8439175778561,TRUE,
"exp3","exp3_015","Aff P P E_1",89,"affirmative",,"path","path","E","chair","1",,41.7774587619455,14.8439175778561,TRUE,
"exp3","exp3_046","Aff C M A_1",89,"affirmative",,"conflated","manner","A","leaf","1",,49.2214384186403,14.8439175778561,TRUE,
"exp3","exp3_017","Neg M 0 B_1",89,"negative",,"manner","no_motion","B","car","1",,50.3035482813784,14.8439175778561,TRUE,
"exp3","exp3_002","Aff M C C_1",89,"affirmative",,"manner","conflated","C","paper","1",,36.2967566795512,14.8439175778561,TRUE,
"exp3","exp3_078","Aff C P A_1",89,"affirmative",,"conflated","path","A","leaf","1",,41.5352168939111,14.8439175778561,TRUE,
"exp3","exp3_077","Neg M 0 D_1",89,"negative",,"manner","no_motion","D","plank","1",,40.1507575686105,14.8439175778561,TRUE,
"exp3","exp3_070","Aff P P D_1",89,"affirmative",,"path","path","D","plank","1",,41.9916117164542,14.8439175778561,TRUE,
"exp3","exp3_041","Aff P M D_1",89,"affirmative",,"path","manner","D","plank","1",,43.3292538872324,14.8439175778561,TRUE,
"exp3","exp3_122","Aff C C C_1",89,"affirmative",,"conflated","conflated","C","paper","1",,48.7432979076005,14.8439175778561,TRUE,
"exp3","exp3_117","Aff C M B_1",89,"affirmative",,"conflated","manner","B","car","1",,47.8643126373128,14.8439175778561,TRUE,
"exp3","exp3_118","Aff M 0 D_1",89,"affirmative",,"manner","no_motion","D","plank","1",,7.22998805481221,14.8439175778561,FALSE,"low_response_variability"
"exp3","exp3_146","Neg C C E_1",88,"negative",,"conflated","conflated","E","chair","1",,5.93078767317145,14.8439175778561,FALSE,"low_response_variability"
"exp3","exp3_106","Neg P 0 D_1",88,"negative",,"path","no_motion","D","plank","1",,50.0408166733251,14.8439175778561,TRUE,
"exp3","exp3_111","Aff M M C_1",88,"affirmative",,"manner","manner","C","paper","1",,46.0246146264708,14.8439175778561,TRUE,
"exp3","exp3_018","Aff M M C_1",88,"affirmative",,"manner","manner","C","paper","1",,44.7155148994985,14.8439175778561,TRUE,
"exp3","exp3_087","Neg C M A_1",88,"negative",,"conflated","manner","A","leaf","1",,5.40762648880489,14.8439175778561,FALSE,"low_response_variability"
"exp3","exp3_023","Neg M 0 A_1",88,"negative",,"manner","no_motion","A","leaf","1",,29.8643397361935,14.8439175778561,TRUE,
"exp3","exp3_053","Aff M C C_1",88,"affirmative",,"manner","conflated","C","paper","1",,36.0386997377525,14.8439175778561,TRUE,
"exp3","exp3_107","Neg M 0 D_1",88,"negative",,"manner","no_motion","D","plank","1",,45.7592514242649,14.8439175778561,TRUE,
"exp3","exp3_023","Aff M P B_1",88,"affirmative",,"manner","path","B","car","1",,29.8643397361935,14.8439175778561,TRUE,
"exp3","exp3_110","Aff P M D_1",88,"affirmative",,"path","manner","D","plank","1",,41.161176176616,14.8439175778561,TRUE,
"exp3","exp3_108","Aff M C D_1",88,"affirmative",,"manner","conflated","D","plank","1",,37.7250820831687,14.8439175778561,TRUE,
"exp3","exp3_107","Aff C M A_1",88,"affirmative",,"conflated","manner","A","leaf","1",,45.7592514242649,14.8439175778561,TRUE,
"exp3","exp3_032","Aff M M C_1",88,"affirmative",,"manner","manner","C","paper","1",,44.1567455981324,14.8439175778561,TRUE,
"exp3","exp3_070","Aff M C A_1",88,"affirmative",,"manner","conflated","A","leaf","1",,41.9916117164542,14.8439175778561,TRUE,
"exp3","exp3_018","Neg M 0 E_1",88,"negative",,"manner","no_motion","E","chair","1",,44.7155148994985,14.8439175778561,TRUE,
"exp3","exp3_051","Aff P P D_1",87,"affirmative",,"path","path","D","plank","1",,35.8594689747564,14.8439175778561,TRUE,
"exp3","exp3_074","Aff M C A_1",87,"affirmative",,"manner","conflated","A","leaf","1",,43.9676189388454,14.8439175778561,TRUE,
"exp3","exp3_138","Neg C 0 A_1",87,"negative",,"conflated","no_motion","A","leaf","1",,45.1750802853507,14.8439175778561,TRUE,
"exp3","exp3_022","Aff M P E_1",87,"affirmative",,"manner","path","E","chair","1",,43.6774506693064,14.8439175778561,TRUE,
"exp3","exp3_139","Aff C P D_1",87,"affirmative",,"conflated","path","D","plank","1",,40.2720859788875,14.8439175778561,TRUE,
"exp3","exp3_040","Aff P M C_1",87,"affirmative",,"path","manner","C","paper","1",,48.0160168984046,14.8439175778561,TRUE,
"exp3","exp3_146","Neg P C D_1",87,"negative",,"path","conflated","D","plank","1",,5.93078767317145,14.8439175778561,FALSE,"low_response_variability"
"exp3","exp3_025","Neg P 0 E_1",87,"negative",,"path","no_motion","E","chair","1",,40.8752722166823,14.8439175778561,TRUE,
"exp3","exp3_013","Aff M C C_1",87,"affirmative",,"manner","conflated","C","paper","1",,40.2375521877339,14.8439175778561,TRUE,
"exp3","exp3_147","Neg M 0 D_1",87,"negative",,"manner","no_motion","D","plank","1",,47.3561618018824,14.8439175778561,TRUE,
"exp3","exp3_087","Neg M C D_1",87,"negative",,"manner","conflated","D","plank","1",,5.40762648880489,14.8439175778561,FALSE,"low_response_variability"
"exp3","exp3_136","Aff M P E_1",87,"affirmative",,"manner","path","E","chair","1",,44.9460956608193,14.8439175778561,TRUE,
"exp3","exp3_022","Aff P M D_1",87,"affirmative",,"path","manner","D","plank","1",,43.6774506693064,14.8439175778561,TRUE,
"exp3","exp3_070","Aff P C B_1",87,"affirmative",,"path","conflated","B","car","1",,41.9916117164542,14.8439175778561,TRUE,
"exp3","exp3_075","Neg C 0 B_1",87,"negative",,"conflated","no_motion","B","car","1",,42.2656641215581,14.8439175778561,TRUE,
"exp3","exp3_055","Neg P 0 D_1",87,"negative",,"path","no_motion","D","plank","1",,45.3440551046478,14.8439175778561,TRUE,
"exp3","exp3_109","Aff C C D_1",87,"affirmative",,"conflated","conflated","D","plank","1",,46.9551688186496,14.8439175778561,TRUE,
"exp3","exp3_132","Aff P P C_1",87,"affirmative",,"path","path","C","paper","1",,48.5526112645454,14.8439175778561,TRUE,
"exp3","exp3_146","Aff M M D_1",86,"affirmative",,"manner","manner","D","plank","1",,5.93078767317145,14.8439175778561,FALSE,"low_response_variability"
"exp3","exp3_025","Aff C C A_1",86,"affirmative",,"conflated","conflated","A","leaf","1",,40.8752722166823,14.8439175778561,TRUE,
"exp3","exp3_078","Aff M C D_1",86,"affirmative",,"manner","conflated","D","plank","1",,41.5352168939111,14.8439175778561,TRUE,
"exp3","exp3_054","Aff P C A_1",86,"affirmative",,"path","conflated","A","leaf","1",,41.4936103149593,14.8439175778561,TRUE,
"exp3","exp3_010","Aff M P C_1",86,"affirmative",,"manner","path","C","paper","1",,46.84371178006,14.8439175778561,TRUE,
"exp3","exp3_133","Aff C P A_1",86,"affirmative",,"conflated","path","A","leaf","1",,32.5767159830825,14.8439175778561,TRUE,
"exp3","exp3_035","Aff P P D_1",86,"affirmative",,"path","path","D","plank","1",,43.4831907613491,14.8439175778561,TRUE,
"exp3","exp3_041","Aff C M A_1",86,"affirmative",,"conflated","manner","A","leaf","1",,43.3292538872324,14.8439175778561,TRUE,
"exp3","exp3_087","Aff C C A_1",86,"affirmative",,"conflated","conflated","A","leaf","1",,5.40762648880489,14.8439175778561,FALSE,"low_response_variability"
"exp3","exp3_070","Aff C P C_1",86,"affirmative",,"conflated","path","C","paper","1",,41.9916117164542,14.8439175778561,TRUE,
"exp3","exp3_042","Aff P C B_1",86,"affirmative",,"path","conflated","B","car","1",,42.2749836478294,14.8439175778561,TRUE,
"exp3","exp3_041","Neg C 0 E_1",86,"negative",,"conflated","no_motion","E","chair","1",,43.3292538872324,14.8439175778561,TRUE,
"exp3","exp3_107","Neg C C C_1",85,"negative",,"conflated","conflated","C","paper","1",,45.7592514242649,14.8439175778561,TRUE,
"exp3","exp3_125","Aff M M D_1",85,"affirmative",,"manner","manner","D","plank","1",,40.0473204944835,14.8439175778561,TRUE,
"exp3","exp3_103","Neg P M B_1",85,"negative",,"path","manner","B","car","1",,32.6129738080731,14.8439175778561,TRUE,
"exp3","exp3_125","Neg C 0 B_1",85,"negative",,"conflated","no_motion","B","car","1",,40.0473204944835,14.8439175778561,TRUE,
"exp3","exp3_128","Aff M P D_1",85,"affirmative",,"manner","path","D","plank","1",,39.5332617915444,14.8439175778561,TRUE,
"exp3","exp3_024","Neg P M A_1",85,"negative",,"path","manner","A","leaf","1",,25.06521796265,14.8439175778561,TRUE,
"exp3","exp3_033","Neg C M A_1",85,"negative",,"conflated","manner","A","leaf","1",,47.4765492350985,14.8439175778561,TRUE,
"exp3","exp3_122","Aff P C C_1",85,"affirmative",,"path","conflated","C","paper","1",,48.7432979076005,14.8439175778561,TRUE,
"exp3","exp3_101","Aff M M C_1",85,"affirmative",,"manner","manner","C","paper","1",,38.8434113597223,14.8439175778561,TRUE,
"exp3","exp3_126","Neg C 0 B_1",85,"negative",,"conflated","no_motion","B","car","1",,46.9803311519993,14.8439175778561,TRUE,
"exp3","exp3_010","Aff P M B_1",85,"affirmative",,"path","manner","B","car","1",,46.84371178006,14.8439175778561,TRUE,
"exp3","exp3_019","Aff C P C_1",85,"affirmative",,"conflated","path","C","paper","1",,38.1538949121803,14.8439175778561,TRUE,
"exp3","exp3_140","Aff M C B_1",85,"affirmative",,"manner","conflated","B","car","1",,49.8235522984498,14.8439175778561,TRUE,
"exp3","exp3_003","Aff M M E_1",85,"affirmative",,"manner","manner","E","chair","1",,37.0146367445816,14.8439175778561,TRUE,
"exp3","exp3_112","Aff P M A_1",85,"affirmative",,"path","manner","A","leaf","1",,37.871693274993,14.8439175778561,TRUE,
"exp3","exp3_128","Aff P M C_1",85,"affirmative",,"path","manner","C","paper","1",,39.5332617915444,14.8439175778561,TRUE,
"exp3","exp3_078","Neg P 0 D_1",85,"negative",,"path","no_motion","D","plank","1",,41.5352168939111,14.8439175778561,TRUE,
"exp3","exp3_071","Aff C M D_1",85,"affirmative",,"conflated","manner","D","plank","1",,41.879607390131,14.8439175778561,TRUE,
"exp3","exp3_073","Aff C C C_1",85,"affirmative",,"conflated","conflated","C","paper","1",,39.1566395933362,14.8439175778561,TRUE,
"exp3","exp3_105","Aff C P A_1",85,"affirmative",,"conflated","path","A","leaf","1",,49.0979231801719,14.8439175778561,TRUE,
"exp3","exp3_060","Neg C 0 C_1",85,"negative",,"conflated","no_motion","C","paper","1",,45.842285627084,14.8439175778561,TRUE,
"exp3","exp3_053","Aff P C D_1",85,"affirmative",,"path","conflated","D","plank","1",,36.0386997377525,14.8439175778561,TRUE,
"exp3","exp3_085","Neg M 0 A_1",85,"negative",,"manner","no_motion","A","leaf","1",,43.1572178730911,14.8439175778561,TRUE,
"exp3","exp3_118","Neg M M E_1",85,"negative",,"manner","manner","E","chair","1",,7.22998805481221,14.8439175778561,FALSE,"low_response_variability"
"exp3","exp3_146","Neg C P E_1",85,"negative",,"conflated","path","E","chair","1",,5.93078767317145,14.8439175778561,FALSE,"low_response_variability"
"exp3","exp3_146","Aff M P B_1",84,"affirmative",,"manner","path","B","car","1",,5.93078767317145,14.8439175778561,FALSE,"low_response_variability"
"exp3","exp3_072","Aff C C B_1",84,"affirmative",,"conflated","conflated","B","car","1",,46.313163257427,14.8439175778561,TRUE,
"exp3","exp3_042","Aff C P C_1",84,"affirmative",,"conflated","path","C","paper","1",,42.2749836478294,14.8439175778561,TRUE,
"exp3","exp3_022","Aff M M B_1",84,"affirmative",,"manner","manner","B","car","1",,43.6774506693064,14.8439175778561,TRUE,
"exp3","exp3_114","Aff M M E_1",84,"affirmative",,"manner","manner","E","chair","1",,38.6460237477952,14.8439175778561,TRUE,
"exp3","exp3_092","Aff P M A_1",84,"affirmative",,"path","manner","A","leaf","1",,48.8742976389121,14.8439175778561,TRUE,
"exp3","exp3_146","Neg C 0 B_1",84,"negative",,"conflated","no_motion","B","car","1",,5.93078767317145,14.8439175778561,FALSE,"low_response_variability"
"exp3","exp3_146","Neg M 0 A_1",84,"negative",,"manner","no_motion","A","leaf","1",,5.93078767317145,14.8439175778561,FALSE,"low_response_variability"
"exp3","exp3_116","Aff P C D_1",84,"affirmative",,"path","conflated","D","plank","1",,38.6651318922156,14.8439175778561,TRUE,
"exp3","exp3_001","Aff C C C_1",84,"affirmative",,"conflated","conflated","C","paper","1",,29.5675907750771,14.8439175778561,TRUE,
"exp3","exp3_003","Neg M 0 B_1",84,"negative",,"manner","no_motion","B","car","1",,37.0146367445816,14.8439175778561,TRUE,
"exp3","exp3_015","Aff P C C_1",84,"affirmative",,"path","conflated","C","paper","1",,41.7774587619455,14.8439175778561,TRUE,
"exp3","exp3_072","Neg P 0 A_1",84,"negative",,"path","no_motion","A","leaf","1",,46.313163257427,14.8439175778561,TRUE,
"exp3","exp3_112","Aff C M C_1",84,"affirmative",,"conflated","manner","C","paper","1",,37.871693274993,14.8439175778561,TRUE,
"exp3","exp3_072","Aff P C B_1",84,"affirmative",,"path","conflated","B","car","1",,46.313163257427,14.8439175778561,TRUE,
"exp3","exp3_043","Aff C P A_1",84,"affirmative",,"conflated","path","A","leaf","1",,44.2551144108243,14.8439175778561,TRUE,
"exp3","exp3_071","Aff M P C_1",84,"affirmative",,"manner","path","C","paper","1",,41.879607390131,14.8439175778561,TRUE,
"exp3","exp3_143","Neg M 0 A_1",83,"negative",,"manner","no_motion","A","leaf","1",,50.9589109583457,14.8439175778561,TRUE,
"exp3","exp3_095","Aff C M B_1",83,"affirmative",,"conflated","manner","B","car","1",,40.8240867700192,14.8439175778561,TRUE,
"exp3","exp3_006","Aff C M A_1",83,"affirmative",,"conflated","manner","A","leaf","1",,50.5179236119281,14.8439175778561,TRUE,
"exp3","exp3_137","Aff P M D_1",83,"affirmative",,"path","manner","D","plank","1",,44.8816625846641,14.8439175778561,TRUE,
"exp3","exp3_112","Neg M 0 A_1",83,"negative",,"manner","no_motion","A","leaf","1",,37.871693274993,14.8439175778561,TRUE,
"exp3","exp3_039","Aff C P E_1",83,"affirmative",,"conflated","path","E","chair","1",,46.3334423369112,14.8439175778561,TRUE,
"exp3","exp3_031","Aff C M A_1",83,"affirmative",,"conflated","manner","A","leaf","1",,27.955998976747,14.8439175778561,TRUE,
"exp3","exp3_077","Neg C 0 E_1",83,"negative",,"conflated","no_motion","E","chair","1",,40.1507575686105,14.8439175778561,TRUE,
"exp3","exp3_116","Aff M C C_1",83,"affirmative",,"manner","conflated","C","paper","1",,38.6651318922156,14.8439175778561,TRUE,
"exp3","exp3_062","Aff M M B_1",83,"affirmative",,"manner","manner","B","car","1",,30.4705521028836,14.8439175778561,TRUE,
"exp3","exp3_013","Neg P 0 C_1",82,"negative",,"path","no_motion","C","paper","1",,40.2375521877339,14.8439175778561,TRUE,
"exp3","exp3_069","Aff P M E_1",82,"affirmative",,"path","manner","E","chair","1",,33.1561960021552,14.8439175778561,TRUE,
"exp3","exp3_069","Aff M P A_1",82,"affirmative",,"manner","path","A","leaf","1",,33.1561960021552,14.8439175778561,TRUE,
"exp3","exp3_139","Aff M C B_1",82,"affirmative",,"manner","conflated","B","car","1",,40.2720859788875,14.8439175778561,TRUE,
"exp3","exp3_021","Aff C 0 C_1",82,"affirmative",,"conflated","no_motion","C","paper","1",,6.94731253904354,14.8439175778561,FALSE,"low_response_variability"
"exp3","exp3_075","Aff C M C_1",82,"affirmative",,"conflated","manner","C","paper","1",,42.2656641215581,14.8439175778561,TRUE,
"exp3","exp3_096","Aff M C E_1",82,"affirmative",,"manner","conflated","E","chair","1",,48.6417796474669,14.8439175778561,TRUE,
"exp3","exp3_049","Neg P 0 D_1",82,"negative",,"path","no_motion","D","plank","1",,50.8982943096953,14.8439175778561,TRUE,
"exp3","exp3_055","Aff C P A_1",82,"affirmative",,"conflated","path","A","leaf","1",,45.3440551046478,14.8439175778561,TRUE,
"exp3","exp3_059","Aff P M A_1",82,"affirmative",,"path","manner","A","leaf","1",,45.2336526640656,14.8439175778561,TRUE,
"exp3","exp3_123","Aff P M D_1",82,"affirmative",,"path","manner","D","plank","1",,44.0133416411915,14.8439175778561,TRUE,
"exp3","exp3_116","Aff P P A_1",82,"affirmative",,"path","path","A","leaf","1",,38.6651318922156,14.8439175778561,TRUE,
"exp3","exp3_118","Aff C 0 C_1",82,"affirmative",,"conflated","no_motion","C","paper","1",,7.22998805481221,14.8439175778561,FALSE,"low_response_variability"
"exp3","exp3_027","Aff C M E_1",82,"affirmative",,"conflated","manner","E","chair","1",,44.5121706203296,14.8439175778561,TRUE,
"exp3","exp3_118","Neg P M D_1",82,"negative",,"path","manner","D","plank","1",,7.22998805481221,14.8439175778561,FALSE,"low_response_variability"
"exp3","exp3_023","Aff M M D_1",82,"affirmative",,"manner","manner","D","plank","1",,29.8643397361935,14.8439175778561,TRUE,
"exp3","exp3_008","Aff C C A_1",82,"affirmative",,"conflated","conflated","A","leaf","1",,40.6828085201957,14.8439175778561,TRUE,
"exp3","exp3_077","Aff M M B_1",82,"affirmative",,"manner","manner","B","car","1",,40.1507575686105,14.8439175778561,TRUE,
"exp3","exp3_107","Aff M M B_1",81,"affirmative",,"manner","manner","B","car","1",,45.7592514242649,14.8439175778561,TRUE,
"exp3","exp3_032","Aff C M B_1",81,"affirmative",,"conflated","manner","B","car","1",,44.1567455981324,14.8439175778561,TRUE,
"exp3","exp3_021","Neg C M B_1",81,"negative",,"conflated","manner","B","car","1",,6.94731253904354,14.8439175778561,FALSE,"low_response_variability"
"exp3","exp3_002","Aff P P A_1",81,"affirmative",,"path","path","A","leaf","1",,36.2967566795512,14.8439175778561,TRUE,
"exp3","exp3_026","Aff M P E_1",81,"affirmative",,"manner","path","E","chair","1",,43.757250481457,14.8439175778561,TRUE,
"exp3","exp3_118","Aff P C B_1",81,"affirmative",,"path","conflated","B","car","1",,7.22998805481221,14.8439175778561,FALSE,"low_response_variability"
"exp3","exp3_025","Aff P C A_1",81,"affirmative",,"path","conflated","A","leaf","1",,40.8752722166823,14.8439175778561,TRUE,
"exp3","exp3_107","Aff P M D_1",81,"affirmative",,"path","manner","D","plank","1",,45.7592514242649,14.8439175778561,TRUE,
"exp3","exp3_024","Aff C P E_1",81,"affirmative",,"conflated","path","E","chair","1",,25.06521796265,14.8439175778561,TRUE,
"exp3","exp3_145","Neg P P C_1",81,"negative",,"path","path","C","paper","1",,20.2684633374266,14.8439175778561,TRUE,
"exp3","exp3_068","Aff C P C_1",81,"affirmative",,"conflated","path","C","paper","1",,46.7575143855525,14.8439175778561,TRUE,
"exp3","exp3_123","Aff C M A_1",80,"affirmative",,"conflated","manner","A","leaf","1",,44.0133416411915,14.8439175778561,TRUE,
"exp3","exp3_035","Neg C M B_1",80,"negative",,"conflated","manner","B","car","1",,43.4831907613491,14.8439175778561,TRUE,
"exp3","exp3_057","Aff P P C_1",80,"affirmative",,"path","path","C","paper","1",,42.6408539342545,14.8439175778561,TRUE,
"exp3","exp3_128","Aff M M A_1",80,"affirmative",,"manner","manner","A","leaf","1",,39.5332617915444,14.8439175778561,TRUE,
"exp3","exp3_031","Aff M M B_1",80,"affirmative",,"manner","manner","B","car","1",,27.955998976747,14.8439175778561,TRUE,
"exp3","exp3_101","Neg C 0 A_1",80,"negative",,"conflated","no_motion","A","leaf","1",,38.8434113597223,14.8439175778561,TRUE,
"exp3","exp3_105","Aff P P B_1",80,"affirmative",,"path","path","B","car","1",,49.0979231801719,14.8439175778561,TRUE,
"exp3","exp3_085","Neg C 0 B_1",80,"negative",,"conflated","no_motion","B","car","1",,43.1572178730911,14.8439175778561,TRUE,
"exp3","exp3_148","Aff C C B_1",80,"affirmative",,"conflated","conflated","B","car","1",,47.8317759222756,14.8439175778561,TRUE,
"exp3","exp3_148","Aff P C B_1",80,"affirmative",,"path","conflated","B","car","1",,47.8317759222756,14.8439175778561,TRUE,
"exp3","exp3_040","Neg C 0 D_1",80,"negative",,"conflated","no_motion","D","plank","1",,48.0160168984046,14.8439175778561,TRUE,
"exp3","exp3_003","Aff P M B_1",80,"affirmative",,"path","manner","B","car","1",,37.0146367445816,14.8439175778561,TRUE,
"exp3","exp3_069","Aff C M B_1",80,"affirmative",,"conflated","manner","B","car","1",,33.1561960021552,14.8439175778561,TRUE,
"exp3","exp3_060","Neg M 0 B_1",80,"negative",,"manner","no_motion","B","car","1",,45.842285627084,14.8439175778561,TRUE,
"exp3","exp3_060","Aff M P C_1",80,"affirmative",,"manner","path","C","paper","1",,45.842285627084,14.8439175778561,TRUE,
"exp3","exp3_004","Aff P C A_1",80,"affirmative",,"path","conflated","A","leaf","1",,39.7411129764387,14.8439175778561,TRUE,
"exp3","exp3_112","Aff M P B_1",80,"affirmative",,"manner","path","B","car","1",,37.871693274993,14.8439175778561,TRUE,
"exp3","exp3_009","Neg P 0 B_1",80,"negative",,"path","no_motion","B","car","1",,40.153021698437,14.8439175778561,TRUE,
"exp3","exp3_150","Neg P 0 A_1",80,"negative",,"path","no_motion","A","leaf","1",,13.7342195948218,14.8439175778561,FALSE,"low_response_variability"
"exp3","exp3_125","Aff C M C_1",80,"affirmative",,"conflated","manner","C","paper","1",,40.0473204944835,14.8439175778561,TRUE,
"exp3","exp3_002","Aff P C D_1",80,"affirmative",,"path","conflated","D","plank","1",,36.2967566795512,14.8439175778561,TRUE,
"exp3","exp3_125","Aff M P B_1",80,"affirmative",,"manner","path","B","car","1",,40.0473204944835,14.8439175778561,TRUE,
"exp3","exp3_150","Aff M 0 D_1",80,"affirmative",,"manner","no_motion","D","plank","1",,13.7342195948218,14.8439175778561,FALSE,"low_response_variability"
"exp3","exp3_043","Aff P P B_1",79,"affirmative",,"path","path","B","car","1",,44.2551144108243,14.8439175778561,TRUE,
"exp3","exp3_024","Aff P C D_1",79,"affirmative",,"path","conflated","D","plank","1",,25.06521796265,14.8439175778561,TRUE,
"exp3","exp3_097","Aff P M D_1",79,"affirmative",,"path","manner","D","plank","1",,32.6481471932408,14.8439175778561,TRUE,
"exp3","exp3_102","Aff M P D_1",79,"affirmative",,"manner","path","D","plank","1",,21.7191090279895,14.8439175778561,TRUE,
"exp3","exp3_024","Aff C C D_1",79,"affirmative",,"conflated","conflated","D","plank","1",,25.06521796265,14.8439175778561,TRUE,
"exp3","exp3_129","Aff M C B_1",79,"affirmative",,"manner","conflated","B","car","1",,13.6869767784319,14.8439175778561,FALSE,"low_response_variability"
"exp3","exp3_074","Aff C C B_1",79,"affirmative",,"conflated","conflated","B","car","1",,43.9676189388454,14.8439175778561,TRUE,
"exp3","exp3_116","Neg P 0 C_1",79,"negative",,"path","no_motion","C","paper","1",,38.6651318922156,14.8439175778561,TRUE,
"exp3","exp3_002","Aff C P E_1",79,"affirmative",,"conflated","path","E","chair","1",,36.2967566795512,14.8439175778561,TRUE,
"exp3","exp3_114","Neg C 0 C_1",79,"negative",,"conflated","no_motion","C","paper","1",,38.6460237477952,14.8439175778561,TRUE,
"exp3","exp3_003","Aff M P C_1",79,"affirmative",,"manner","path","C","paper","1",,37.0146367445816,14.8439175778561,TRUE,
"exp3","exp3_139","Neg P 0 B_1",79,"negative",,"path","no_motion","B","car","1",,40.2720859788875,14.8439175778561,TRUE,
"exp3","exp3_073","Aff C P D_1",79,"affirmative",,"conflated","path","D","plank","1",,39.1566395933362,14.8439175778561,TRUE,
"exp3","exp3_057","Neg C M A_1",79,"negative",,"conflated","manner","A","leaf","1",,42.6408539342545,14.8439175778561,TRUE,
"exp3","exp3_103","Aff C 0 A_1",78,"affirmative",,"conflated","no_motion","A","leaf","1",,32.6129738080731,14.8439175778561,TRUE,
"exp3","exp3_042","Neg P 0 A_1",78,"negative",,"path","no_motion","A","leaf","1",,42.2749836478294,14.8439175778561,TRUE,
"exp3","exp3_110","Aff M P E_1",78,"affirmative",,"manner","path","E","chair","1",,41.161176176616,14.8439175778561,TRUE,
"exp3","exp3_062","Aff M P E_1",78,"affirmative",,"manner","path","E","chair","1",,30.4705521028836,14.8439175778561,TRUE,
"exp3","exp3_007","Aff C M B_1",78,"affirmative",,"conflated","manner","B","car","1",,46.1403491337226,14.8439175778561,TRUE,
"exp3","exp3_111","Aff M P A_1",78,"affirmative",,"manner","path","A","leaf","1",,46.0246146264708,14.8439175778561,TRUE,
"exp3","exp3_118","Neg C M B_1",78,"negative",,"conflated","manner","B","car","1",,7.22998805481221,14.8439175778561,FALSE,"low_response_variability"
"exp3","exp3_053","Aff C P E_1",78,"affirmative",,"conflated","path","E","chair","1",,36.0386997377525,14.8439175778561,TRUE,
"exp3","exp3_054","Aff P P C_1",78,"affirmative",,"path","path","C","paper","1",,41.4936103149593,14.8439175778561,TRUE,
"exp3","exp3_053","Neg P 0 C_1",78,"negative",,"path","no_motion","C","paper","1",,36.0386997377525,14.8439175778561,TRUE,
"exp3","exp3_053","Neg P M A_1",78,"negative",,"path","manner","A","leaf","1",,36.0386997377525,14.8439175778561,TRUE,
"exp3","exp3_021","Neg P M D_1",78,"negative",,"path","manner","D","plank","1",,6.94731253904354,14.8439175778561,FALSE,"low_response_variability"
"exp3","exp3_146","Aff C M C_1",77,"affirmative",,"conflated","manner","C","paper","1",,5.93078767317145,14.8439175778561,FALSE,"low_response_variability"
"exp3","exp3_008","Aff C P B_1",77,"affirmative",,"conflated","path","B","car","1",,40.6828085201957,14.8439175778561,TRUE,
"exp3","exp3_139","Aff P C C_1",77,"affirmative",,"path","conflated","C","paper","1",,40.2720859788875,14.8439175778561,TRUE,
"exp3","exp3_066","Aff M C C_1",77,"affirmative",,"manner","conflated","C","paper","1",,31.2277799791186,14.8439175778561,TRUE,
"exp3","exp3_015","Aff C C C_1",77,"affirmative",,"conflated","conflated","C","paper","1",,41.7774587619455,14.8439175778561,TRUE,
"exp3","exp3_150","Aff M C A_1",77,"affirmative",,"manner","conflated","A","leaf","1",,13.7342195948218,14.8439175778561,FALSE,"low_response_variability"
"exp3","exp3_043","Aff C C E_1",77,"affirmative",,"conflated","conflated","E","chair","1",,44.2551144108243,14.8439175778561,TRUE,
"exp3","exp3_063","Aff P C D_1",77,"affirmative",,"path","conflated","D","plank","1",,44.7182255570332,14.8439175778561,TRUE,
"exp3","exp3_149","Aff P M A_1",77,"affirmative",,"path","manner","A","leaf","1",,31.3353078036823,14.8439175778561,TRUE,
"exp3","exp3_069","Neg C 0 A_1",77,"negative",,"conflated","no_motion","A","leaf","1",,33.1561960021552,14.8439175778561,TRUE,
"exp3","exp3_118","Aff C P C_1",77,"affirmative",,"conflated","path","C","paper","1",,7.22998805481221,14.8439175778561,FALSE,"low_response_variability"
"exp3","exp3_021","Aff C C B_1",77,"affirmative",,"conflated","conflated","B","car","1",,6.94731253904354,14.8439175778561,FALSE,"low_response_variability"
"exp3","exp3_100","Neg P 0 B_1",77,"negative",,"path","no_motion","B","car","1",,28.9925539029969,14.8439175778561,TRUE,
"exp3","exp3_022","Aff C M A_1",77,"affirmative",,"conflated","manner","A","leaf","1",,43.6774506693064,14.8439175778561,TRUE,
"exp3","exp3_085","Aff P M A_1",77,"affirmative",,"path","manner","A","leaf","1",,43.1572178730911,14.8439175778561,TRUE,
"exp3","exp3_102","Aff P M C_1",77,"affirmative",,"path","manner","C","paper","1",,21.7191090279895,14.8439175778561,TRUE,
"exp3","exp3_097","Neg C 0 E_1",77,"negative",,"conflated","no_motion","E","chair","1",,32.6481471932408,14.8439175778561,TRUE,
"exp3","exp3_116","Aff C P E_1",77,"affirmative",,"conflated","path","E","chair","1",,38.6651318922156,14.8439175778561,TRUE,
"exp3","exp3_087","Aff P P C_1",77,"affirmative",,"path","path","C","paper","1",,5.40762648880489,14.8439175778561,FALSE,"low_response_variability"
"exp3","exp3_102","Neg C 0 D_1",76,"negative",,"conflated","no_motion","D","plank","1",,21.7191090279895,14.8439175778561,TRUE,
"exp3","exp3_113","Aff P C D_1",76,"affirmative",,"path","conflated","D","plank","1",,41.2401503392022,14.8439175778561,TRUE,
"exp3","exp3_033","Aff C P B_1",76,"affirmative",,"conflated","path","B","car","1",,47.4765492350985,14.8439175778561,TRUE,
"exp3","exp3_085","Aff M P B_1",76,"affirmative",,"manner","path","B","car","1",,43.1572178730911,14.8439175778561,TRUE,
"exp3","exp3_102","Aff C M E_1",76,"affirmative",,"conflated","manner","E","chair","1",,21.7191090279895,14.8439175778561,TRUE,
"exp3","exp3_051","Aff M C A_1",76,"affirmative",,"manner","conflated","A","leaf","1",,35.8594689747564,14.8439175778561,TRUE,
"exp3","exp3_004","Aff M C E_1",76,"affirmative",,"manner","conflated","E","chair","1",,39.7411129764387,14.8439175778561,TRUE,
"exp3","exp3_145","Aff M M C_1",76,"affirmative",,"manner","manner","C","paper","1",,20.2684633374266,14.8439175778561,TRUE,
"exp3","exp3_023","Neg C 0 B_1",76,"negative",,"conflated","no_motion","B","car","1",,29.8643397361935,14.8439175778561,TRUE,
"exp3","exp3_103","Aff M C D_1",76,"affirmative",,"manner","conflated","D","plank","1",,32.6129738080731,14.8439175778561,TRUE,
"exp3","exp3_078","Aff P C E_1",76,"affirmative",,"path","conflated","E","chair","1",,41.5352168939111,14.8439175778561,TRUE,
"exp3","exp3_019","Neg M C E_1",76,"negative",,"manner","conflated","E","chair","1",,38.1538949121803,14.8439175778561,TRUE,
"exp3","exp3_069","Aff M M C_1",75,"affirmative",,"manner","manner","C","paper","1",,33.1561960021552,14.8439175778561,TRUE,
"exp3","exp3_034","Aff M M D_1",75,"affirmative",,"manner","manner","D","plank","1",,28.4285387978668,14.8439175778561,TRUE,
"exp3","exp3_034","Aff M P B_1",75,"affirmative",,"manner","path","B","car","1",,28.4285387978668,14.8439175778561,TRUE,
"exp3","exp3_110","Neg C 0 E_1",75,"negative",,"conflated","no_motion","E","chair","1",,41.161176176616,14.8439175778561,TRUE,
"exp3","exp3_112","Neg P C D_1",75,"negative",,"path","conflated","D","plank","1",,37.871693274993,14.8439175778561,TRUE,
"exp3","exp3_023","Aff P M A_1",75,"affirmative",,"path","manner","A","leaf","1",,29.8643397361935,14.8439175778561,TRUE,
"exp3","exp3_001","Aff P C C_1",75,"affirmative",,"path","conflated","C","paper","1",,29.5675907750771,14.8439175778561,TRUE,
"exp3","exp3_015","Aff C P D_1",75,"affirmative",,"conflated","path","D","plank","1",,41.7774587619455,14.8439175778561,TRUE,
"exp3","exp3_128","Neg C 0 D_1",75,"negative",,"conflated","no_motion","D","plank","1",,39.5332617915444,14.8439175778561,TRUE,
"exp3","exp3_078","Aff C C E_1",75,"affirmative",,"conflated","conflated","E","chair","1",,41.5352168939111,14.8439175778561,TRUE,
"exp3","exp3_144","Neg C C A_1",75,"negative",,"conflated","conflated","A","leaf","1",,46.5372936145807,14.8439175778561,TRUE,
"exp3","exp3_059","Neg C 0 B_1",75,"negative",,"conflated","no_motion","B","car","1",,45.2336526640656,14.8439175778561,TRUE,
"exp3","exp3_031","Aff M P E_1",75,"affirmative",,"manner","path","E","chair","1",,27.955998976747,14.8439175778561,TRUE,
"exp3","exp3_130","Aff M M B_1",75,"affirmative",,"manner","manner","B","car","1",,48.0273754006898,14.8439175778561,TRUE,
"exp3","exp3_060","Aff P M B_1",75,"affirmative",,"path","manner","B","car","1",,45.842285627084,14.8439175778561,TRUE,
"exp3","exp3_098","Aff P M B_1",75,"affirmative",,"path","manner","B","car","1",,50.5181485540923,14.8439175778561,TRUE,
"exp3","exp3_108","Aff P C E_1",75,"affirmative",,"path","conflated","E","chair","1",,37.7250820831687,14.8439175778561,TRUE,
"exp3","exp3_073","Aff M C B_1",75,"affirmative",,"manner","conflated","B","car","1",,39.1566395933362,14.8439175778561,TRUE,
"exp3","exp3_042","Aff P P D_1",75,"affirmative",,"path","path","D","plank","1",,42.2749836478294,14.8439175778561,TRUE,
"exp3","exp3_120","Aff P P C_1",75,"affirmative",,"path","path","C","paper","1",,50.0129528676867,14.8439175778561,TRUE,
"exp3","exp3_071","Aff P M B_1",75,"affirmative",,"path","manner","B","car","1",,41.879607390131,14.8439175778561,TRUE,
"exp3","exp3_118","Aff M C A_1",74,"affirmative",,"manner","conflated","A","leaf","1",,7.22998805481221,14.8439175778561,FALSE,"low_response_variability"
"exp3","exp3_069","Neg M 0 E_1",74,"negative",,"manner","no_motion","E","chair","1",,33.1561960021552,14.8439175778561,TRUE,
"exp3","exp3_011","Neg C C A_1",74,"negative",,"conflated","conflated","A","leaf","1",,34.7793913202353,14.8439175778561,TRUE,
"exp3","exp3_066","Aff P C D_1",74,"affirmative",,"path","conflated","D","plank","1",,31.2277799791186,14.8439175778561,TRUE,
"exp3","exp3_058","Aff P M E_1",74,"affirmative",,"path","manner","E","chair","1",,40.7998625963224,14.8439175778561,TRUE,
"exp3","exp3_113","Neg P 0 C_1",74,"negative",,"path","no_motion","C","paper","1",,41.2401503392022,14.8439175778561,TRUE,
"exp3","exp3_002","Neg P 0 C_1",74,"negative",,"path","no_motion","C","paper","1",,36.2967566795512,14.8439175778561,TRUE,
"exp3","exp3_066","Aff P P A_1",73,"affirmative",,"path","path","A","leaf","1",,31.2277799791186,14.8439175778561,TRUE,
"exp3","exp3_129","Neg M C A_1",73,"negative",,"manner","conflated","A","leaf","1",,13.6869767784319,14.8439175778561,FALSE,"low_response_variability"
"exp3","exp3_012","Aff M M A_1",73,"affirmative",,"manner","manner","A","leaf","1",,28.9508465360085,14.8439175778561,TRUE,
"exp3","exp3_102","Aff M M A_1",73,"affirmative",,"manner","manner","A","leaf","1",,21.7191090279895,14.8439175778561,TRUE,
"exp3","exp3_021","Aff P C B_1",73,"affirmative",,"path","conflated","B","car","1",,6.94731253904354,14.8439175778561,FALSE,"low_response_variability"
"exp3","exp3_041","Neg C C C_1",73,"negative",,"conflated","conflated","C","paper","1",,43.3292538872324,14.8439175778561,TRUE,
"exp3","exp3_150","Neg M C E_1",73,"negative",,"manner","conflated","E","chair","1",,13.7342195948218,14.8439175778561,FALSE,"low_response_variability"
"exp3","exp3_054","Neg C M A_1",73,"negative",,"conflated","manner","A","leaf","1",,41.4936103149593,14.8439175778561,TRUE,
"exp3","exp3_123","Neg M 0 D_1",73,"negative",,"manner","no_motion","D","plank","1",,44.0133416411915,14.8439175778561,TRUE,
"exp3","exp3_111","Aff C M B_1",73,"affirmative",,"conflated","manner","B","car","1",,46.0246146264708,14.8439175778561,TRUE,
"exp3","exp3_055","Aff P P B_1",72,"affirmative",,"path","path","B","car","1",,45.3440551046478,14.8439175778561,TRUE,
"exp3","exp3_109","Neg P M A_1",72,"negative",,"path","manner","A","leaf","1",,46.9551688186496,14.8439175778561,TRUE,
"exp3","exp3_150","Aff C P C_1",72,"affirmative",,"conflated","path","C","paper","1",,13.7342195948218,14.8439175778561,FALSE,"low_response_variability"
"exp3","exp3_021","Aff M C A_1",72,"affirmative",,"manner","conflated","A","leaf","1",,6.94731253904354,14.8439175778561,FALSE,"low_response_variability"
"exp3","exp3_031","Neg M 0 D_1",72,"negative",,"manner","no_motion","D","plank","1",,27.955998976747,14.8439175778561,TRUE,
"exp3","exp3_023","Aff C M C_1",72,"affirmative",,"conflated","manner","C","paper","1",,29.8643397361935,14.8439175778561,TRUE,
"exp3","exp3_033","Aff P P C_1",72,"affirmative",,"path","path","C","paper","1",,47.4765492350985,14.8439175778561,TRUE,
"exp3","exp3_103","Aff P P B_1",72,"affirmative",,"path","path","B","car","1",,32.6129738080731,14.8439175778561,TRUE,
"exp3","exp3_100","Aff C P D_1",72,"affirmative",,"conflated","path","D","plank","1",,28.9925539029969,14.8439175778561,TRUE,
"exp3","exp3_071","Neg M 0 B_1",71,"negative",,"manner","no_motion","B","car","1",,41.879607390131,14.8439175778561,TRUE,
"exp3","exp3_104","Aff M C D_1",71,"affirmative",,"manner","conflated","D","plank","1",,12.77396737213,14.8439175778561,FALSE,"low_response_variability"
"exp3","exp3_139","Aff C C C_1",71,"affirmative",,"conflated","conflated","C","paper","1",,40.2720859788875,14.8439175778561,TRUE,
"exp3","exp3_026","Aff M M B_1",71,"affirmative",,"manner","manner","B","car","1",,43.757250481457,14.8439175778561,TRUE,
"exp3","exp3_146","Aff P 0 C_1",71,"affirmative",,"path","no_motion","C","paper","1",,5.93078767317145,14.8439175778561,FALSE,"low_response_variability"
"exp3","exp3_048","Aff M P D_1",71,"affirmative",,"manner","path","D","plank","1",,45.7869737992911,14.8439175778561,TRUE,
"exp3","exp3_077","Aff P M D_1",71,"affirmative",,"path","manner","D","plank","1",,40.1507575686105,14.8439175778561,TRUE,
"exp3","exp3_058","Neg C 0 A_1",71,"negative",,"conflated","no_motion","A","leaf","1",,40.7998625963224,14.8439175778561,TRUE,
"exp3","exp3_150","Aff C C B_1",70,"affirmative",,"conflated","conflated","B","car","1",,13.7342195948218,14.8439175778561,FALSE,"low_response_variability"
"exp3","exp3_066","Neg P 0 C_1",70,"negative",,"path","no_motion","C","paper","1",,31.2277799791186,14.8439175778561,TRUE,
"exp3","exp3_125","Neg M 0 A_1",70,"negative",,"manner","no_motion","A","leaf","1",,40.0473204944835,14.8439175778561,TRUE,
"exp3","exp3_027","Neg M 0 C_1",70,"negative",,"manner","no_motion","C","paper","1",,44.5121706203296,14.8439175778561,TRUE,
"exp3","exp3_127","Neg M 0 D_1",70,"negative",,"manner","no_motion","D","plank","1",,34.4220683265661,14.8439175778561,TRUE,
"exp3","exp3_112","Aff M M D_1",70,"affirmative",,"manner","manner","D","plank","1",,37.871693274993,14.8439175778561,TRUE,
"exp3","exp3_055","Aff P C E_1",70,"affirmative",,"path","conflated","E","chair","1",,45.3440551046478,14.8439175778561,TRUE,
"exp3","exp3_062","Aff C M A_1",70,"affirmative",,"conflated","manner","A","leaf","1",,30.4705521028836,14.8439175778561,TRUE,
"exp3","exp3_128","Neg M 0 C_1",70,"negative",,"manner","no_motion","C","paper","1",,39.5332617915444,14.8439175778561,TRUE,
"exp3","exp3_036","Aff M 0 B_1",70,"affirmative",,"manner","no_motion","B","car","1",,34.0770072665195,14.8439175778561,TRUE,
"exp3","exp3_100","Aff M 0 E_1",70,"affirmative",,"manner","no_motion","E","chair","1",,28.9925539029969,14.8439175778561,TRUE,
"exp3","exp3_045","Neg M 0 B_1",70,"negative",,"manner","no_motion","B","car","1",,50.1059483555202,14.8439175778561,TRUE,
"exp3","exp3_118","Aff P P D_1",69,"affirmative",,"path","path","D","plank","1",,7.22998805481221,14.8439175778561,FALSE,"low_response_variability"
"exp3","exp3_021","Aff C P C_1",69,"affirmative",,"conflated","path","C","paper","1",,6.94731253904354,14.8439175778561,FALSE,"low_response_variability"
"exp3","exp3_021","Neg P 0 A_1",69,"negative",,"path","no_motion","A","leaf","1",,6.94731253904354,14.8439175778561,FALSE,"low_response_variability"
"exp3","exp3_024","Aff P P A_1",69,"affirmative",,"path","path","A","leaf","1",,25.06521796265,14.8439175778561,TRUE,
"exp3","exp3_079","Aff M P A_1",69,"affirmative",,"manner","path","A","leaf","1",,41.7706581081491,14.8439175778561,TRUE,
"exp3","exp3_100","Aff P P E_1",69,"affirmative",,"path","path","E","chair","1",,28.9925539029969,14.8439175778561,TRUE,
"exp3","exp3_104","Aff C C E_1",69,"affirmative",,"conflated","conflated","E","chair","1",,12.77396737213,14.8439175778561,FALSE,"low_response_variability"
"exp3","exp3_058","Neg M 0 E_1",69,"negative",,"manner","no_motion","E","chair","1",,40.7998625963224,14.8439175778561,TRUE,
"exp3","exp3_150","Neg P M D_1",68,"negative",,"path","manner","D","plank","1",,13.7342195948218,14.8439175778561,FALSE,"low_response_variability"
"exp3","exp3_079","Aff P M E_1",68,"affirmative",,"path","manner","E","chair","1",,41.7706581081491,14.8439175778561,TRUE,
"exp3","exp3_150","Aff P C B_1",68,"affirmative",,"path","conflated","B","car","1",,13.7342195948218,14.8439175778561,FALSE,"low_response_variability"
"exp3","exp3_150","Aff P P D_1",68,"affirmative",,"path","path","D","plank","1",,13.7342195948218,14.8439175778561,FALSE,"low_response_variability"
"exp3","exp3_024","Aff M C C_1",68,"affirmative",,"manner","conflated","C","paper","1",,25.06521796265,14.8439175778561,TRUE,
"exp3","exp3_051","Aff C P C_1",68,"affirmative",,"conflated","path","C","paper","1",,35.8594689747564,14.8439175778561,TRUE,
"exp3","exp3_094","Aff P C B_1",68,"affirmative",,"path","conflated","B","car","1",,46.8585071995438,14.8439175778561,TRUE,
"exp3","exp3_057","Aff P C A_1",68,"affirmative",,"path","conflated","A","leaf","1",,42.6408539342545,14.8439175778561,TRUE,
"exp3","exp3_149","Aff M M D_1",67,"affirmative",,"manner","manner","D","plank","1",,31.3353078036823,14.8439175778561,TRUE,
"exp3","exp3_013","Aff C P E_1",67,"affirmative",,"conflated","path","E","chair","1",,40.2375521877339,14.8439175778561,TRUE,
"exp3","exp3_021","Neg M M E_1",67,"negative",,"manner","manner","E","chair","1",,6.94731253904354,14.8439175778561,FALSE,"low_response_variability"
"exp3","exp3_110","Aff C M A_1",67,"affirmative",,"conflated","manner","A","leaf","1",,41.161176176616,14.8439175778561,TRUE,
"exp3","exp3_133","Aff C C E_1",67,"affirmative",,"conflated","conflated","E","chair","1",,32.5767159830825,14.8439175778561,TRUE,
"exp3","exp3_004","Neg P 0 E_1",67,"negative",,"path","no_motion","E","chair","1",,39.7411129764387,14.8439175778561,TRUE,
"exp3","exp3_091","Aff P P C_1",67,"affirmative",,"path","path","C","paper","1",,38.7395147104349,14.8439175778561,TRUE,
"exp3","exp3_084","Neg C 0 B_1",67,"negative",,"conflated","no_motion","B","car","1",,43.8325843927261,14.8439175778561,TRUE,
"exp3","exp3_073","Neg P 0 B_1",66,"negative",,"path","no_motion","B","car","1",,39.1566395933362,14.8439175778561,TRUE,
"exp3","exp3_113","Aff C C D_1",66,"affirmative",,"conflated","conflated","D","plank","1",,41.2401503392022,14.8439175778561,TRUE,
"exp3","exp3_001","Aff C P D_1",66,"affirmative",,"conflated","path","D","plank","1",,29.5675907750771,14.8439175778561,TRUE,
"exp3","exp3_079","Neg C 0 A_1",66,"negative",,"conflated","no_motion","A","leaf","1",,41.7706581081491,14.8439175778561,TRUE,
"exp3","exp3_031","Neg C 0 E_1",66,"negative",,"conflated","no_motion","E","chair","1",,27.955998976747,14.8439175778561,TRUE,
"exp3","exp3_133","Aff C 0 A_1",66,"affirmative",,"conflated","no_motion","A","leaf","1",,32.5767159830825,14.8439175778561,TRUE,
"exp3","exp3_138","Neg M 0 E_1",66,"negative",,"manner","no_motion","E","chair","1",,45.1750802853507,14.8439175778561,TRUE,
"exp3","exp3_021","Aff M 0 D_1",65,"affirmative",,"manner","no_motion","D","plank","1",,6.94731253904354,14.8439175778561,FALSE,"low_response_variability"
"exp3","exp3_066","Aff C C D_1",65,"affirmative",,"conflated","conflated","D","plank","1",,31.2277799791186,14.8439175778561,TRUE,
"exp3","exp3_141","Aff C C B_1",65,"affirmative",,"conflated","conflated","B","car","1",,47.8218759375018,14.8439175778561,TRUE,
"exp3","exp3_023","Neg M P B_1",65,"negative",,"manner","path","B","car","1",,29.8643397361935,14.8439175778561,TRUE,
"exp3","exp3_001","Aff P P E_1",65,"affirmative",,"path","path","E","chair","1",,29.5675907750771,14.8439175778561,TRUE,
"exp3","exp3_073","Aff P C C_1",65,"affirmative",,"path","conflated","C","paper","1",,39.1566395933362,14.8439175778561,TRUE,
"exp3","exp3_081","Neg M C A_1",65,"negative",,"manner","conflated","A","leaf","1",,44.9494665758621,14.8439175778561,TRUE,
"exp3","exp3_116","Aff C C D_1",65,"affirmative",,"conflated","conflated","D","plank","1",,38.6651318922156,14.8439175778561,TRUE,
"exp3","exp3_133","Aff P C E_1",65,"affirmative",,"path","conflated","E","chair","1",,32.5767159830825,14.8439175778561,TRUE,
"exp3","exp3_149","Aff C M C_1",64,"affirmative",,"conflated","manner","C","paper","1",,31.3353078036823,14.8439175778561,TRUE,
"exp3","exp3_031","Aff P M D_1",64,"affirmative",,"path","manner","D","plank","1",,27.955998976747,14.8439175778561,TRUE,
"exp3","exp3_101","Aff C M B_1",64,"affirmative",,"conflated","manner","B","car","1",,38.8434113597223,14.8439175778561,TRUE,
"exp3","exp3_086","Aff M C E_1",64,"affirmative",,"manner","conflated","E","chair","1",,3.80987552488943,14.8439175778561,FALSE,"low_response_variability"
"exp3","exp3_064","Neg C M B_1",64,"negative",,"conflated","manner","B","car","1",,47.6721759901556,14.8439175778561,TRUE,
"exp3","exp3_066","Aff C P E_1",64,"affirmative",,"conflated","path","E","chair","1",,31.2277799791186,14.8439175778561,TRUE,
"exp3","exp3_093","Aff C P B_1",64,"affirmative",,"conflated","path","B","car","1",,37.6904255987934,14.8439175778561,TRUE,
"exp3","exp3_089","Aff C M A_1",64,"affirmative",,"conflated","manner","A","leaf","1",,26.8136102934629,14.8439175778561,TRUE,
"exp3","exp3_004","Aff C P B_1",64,"affirmative",,"conflated","path","B","car","1",,39.7411129764387,14.8439175778561,TRUE,
"exp3","exp3_133","Aff M C D_1",64,"affirmative",,"manner","conflated","D","plank","1",,32.5767159830825,14.8439175778561,TRUE,
"exp3","exp3_074","Aff P C B_1",64,"affirmative",,"path","conflated","B","car","1",,43.9676189388454,14.8439175778561,TRUE,
"exp3","exp3_064","Neg P 0 A_1",63,"negative",,"path","no_motion","A","leaf","1",,47.6721759901556,14.8439175778561,TRUE,
"exp3","exp3_104","Aff P C E_1",63,"affirmative",,"path","conflated","E","chair","1",,12.77396737213,14.8439175778561,FALSE,"low_response_variability"
"exp3","exp3_124","Neg P 0 D_1",63,"negative",,"path","no_motion","D","plank","1",,39.0107793960965,14.8439175778561,TRUE,
"exp3","exp3_100","Aff M C B_1",63,"affirmative",,"manner","conflated","B","car","1",,28.9925539029969,14.8439175778561,TRUE,
"exp3","exp3_009","Aff C C C_1",63,"affirmative",,"conflated","conflated","C","paper","1",,40.153021698437,14.8439175778561,TRUE,
"exp3","exp3_042","Aff C C B_1",63,"affirmative",,"conflated","conflated","B","car","1",,42.2749836478294,14.8439175778561,TRUE,
"exp3","exp3_104","Neg P 0 D_1",63,"negative",,"path","no_motion","D","plank","1",,12.77396737213,14.8439175778561,FALSE,"low_response_variability"
"exp3","exp3_002","Aff C C D_1",63,"affirmative",,"conflated","conflated","D","plank","1",,36.2967566795512,14.8439175778561,TRUE,
"exp3","exp3_011","Aff M M E_1",63,"affirmative",,"manner","manner","E","chair","1",,34.7793913202353,14.8439175778561,TRUE,
"exp3","exp3_129","Aff C P D_1",62,"affirmative",,"conflated","path","D","plank","1",,13.6869767784319,14.8439175778561,FALSE,"low_response_variability"
"exp3","exp3_145","Aff C M B_1",62,"affirmative",,"conflated","manner","B","car","1",,20.2684633374266,14.8439175778561,TRUE,
"exp3","exp3_104","Neg C M E_1",62,"negative",,"conflated","manner","E","chair","1",,12.77396737213,14.8439175778561,FALSE,"low_response_variability"
"exp3","exp3_021","Aff P P D_1",62,"affirmative",,"path","path","D","plank","1",,6.94731253904354,14.8439175778561,FALSE,"low_response_variability"
"exp3","exp3_086","Aff C P B_1",62,"affirmative",,"conflated","path","B","car","1",,3.80987552488943,14.8439175778561,FALSE,"low_response_variability"
"exp3","exp3_021","Neg M C E_1",62,"negative",,"manner","conflated","E","chair","1",,6.94731253904354,14.8439175778561,FALSE,"low_response_variability"
"exp3","exp3_129","Neg M M A_1",62,"negative",,"manner","manner","A","leaf","1",,13.6869767784319,14.8439175778561,FALSE,"low_response_variability"
"exp3","exp3_023","Aff P 0 C_1",62,"affirmative",,"path","no_motion","C","paper","1",,29.8643397361935,14.8439175778561,TRUE,
"exp3","exp3_074","Aff C P C_1",62,"affirmative",,"conflated","path","C","paper","1",,43.9676189388454,14.8439175778561,TRUE,
"exp3","exp3_007","Aff P M E_1",62,"affirmative",,"path","manner","E","chair","1",,46.1403491337226,14.8439175778561,TRUE,
"exp3","exp3_051","Aff C C B_1",61,"affirmative",,"conflated","conflated","B","car","1",,35.8594689747564,14.8439175778561,TRUE,
"exp3","exp3_059","Aff M P B_1",61,"affirmative",,"manner","path","B","car","1",,45.2336526640656,14.8439175778561,TRUE,
"exp3","exp3_025","Aff P P C_1",61,"affirmative",,"path","path","C","paper","1",,40.8752722166823,14.8439175778561,TRUE,
"exp3","exp3_051","Neg P 0 A_1",61,"negative",,"path","no_motion","A","leaf","1",,35.8594689747564,14.8439175778561,TRUE,
"exp3","exp3_129","Aff C 0 D_1",61,"affirmative",,"conflated","no_motion","D","plank","1",,13.6869767784319,14.8439175778561,FALSE,"low_response_variability"
"exp3","exp3_012","Aff M P D_1",61,"affirmative",,"manner","path","D","plank","1",,28.9508465360085,14.8439175778561,TRUE,
"exp3","exp3_058","Aff C M B_1",61,"affirmative",,"conflated","manner","B","car","1",,40.7998625963224,14.8439175778561,TRUE,
"exp3","exp3_104","Aff C P A_1",61,"affirmative",,"conflated","path","A","leaf","1",,12.77396737213,14.8439175778561,FALSE,"low_response_variability"
"exp3","exp3_124","Aff P C E_1",61,"affirmative",,"path","conflated","E","chair","1",,39.0107793960965,14.8439175778561,TRUE,
"exp3","exp3_113","Aff C P E_1",61,"affirmative",,"conflated","path","E","chair","1",,41.2401503392022,14.8439175778561,TRUE,
"exp3","exp3_099","Neg M 0 D_1",60,"negative",,"manner","no_motion","D","plank","1",,45.8740039938116,14.8439175778561,TRUE,
"exp3","exp3_015","Neg C M D_1",60,"negative",,"conflated","manner","D","plank","1",,41.7774587619455,14.8439175778561,TRUE,
"exp3","exp3_089","Aff M M B_1",60,"affirmative",,"manner","manner","B","car","1",,26.8136102934629,14.8439175778561,TRUE,
"exp3","exp3_144","Neg M 0 B_1",60,"negative",,"manner","no_motion","B","car","1",,46.5372936145807,14.8439175778561,TRUE,
"exp3","exp3_069","Neg C C D_1",60,"negative",,"conflated","conflated","D","plank","1",,33.1561960021552,14.8439175778561,TRUE,
"exp3","exp3_130","Aff C M A_1",60,"affirmative",,"conflated","manner","A","leaf","1",,48.0273754006898,14.8439175778561,TRUE,
"exp3","exp3_002","Neg P M A_1",60,"negative",,"path","manner","A","leaf","1",,36.2967566795512,14.8439175778561,TRUE,
"exp3","exp3_145","Neg P C C_1",59,"negative",,"path","conflated","C","paper","1",,20.2684633374266,14.8439175778561,TRUE,
"exp3","exp3_079","Neg M 0 E_1",59,"negative",,"manner","no_motion","E","chair","1",,41.7706581081491,14.8439175778561,TRUE,
"exp3","exp3_003","Aff C M D_1",59,"affirmative",,"conflated","manner","D","plank","1",,37.0146367445816,14.8439175778561,TRUE,
"exp3","exp3_025","Aff C P B_1",59,"affirmative",,"conflated","path","B","car","1",,40.8752722166823,14.8439175778561,TRUE,
"exp3","exp3_097","Aff M P E_1",59,"affirmative",,"manner","path","E","chair","1",,32.6481471932408,14.8439175778561,TRUE,
"exp3","exp3_012","Aff C M E_1",59,"affirmative",,"conflated","manner","E","chair","1",,28.9508465360085,14.8439175778561,TRUE,
"exp3","exp3_070","Aff C C B_1",59,"affirmative",,"conflated","conflated","B","car","1",,41.9916117164542,14.8439175778561,TRUE,
"exp3","exp3_051","Aff P C B_1",59,"affirmative",,"path","conflated","B","car","1",,35.8594689747564,14.8439175778561,TRUE,
"exp3","exp3_076","Aff C M A_1",58,"affirmative",,"conflated","manner","A","leaf","1",,49.3610691893435,14.8439175778561,TRUE,
"exp3","exp3_089","Aff M P E_1",58,"affirmative",,"manner","path","E","chair","1",,26.8136102934629,14.8439175778561,TRUE,
"exp3","exp3_097","Neg M 0 D_1",58,"negative",,"manner","no_motion","D","plank","1",,32.6481471932408,14.8439175778561,TRUE,
"exp3","exp3_078","Aff P P B_1",58,"affirmative",,"path","path","B","car","1",,41.5352168939111,14.8439175778561,TRUE,
"exp3","exp3_086","Aff M 0 C_1",57,"affirmative",,"manner","no_motion","C","paper","1",,3.80987552488943,14.8439175778561,FALSE,"low_response_variability"
"exp3","exp3_149","Aff M P B_1",57,"affirmative",,"manner","path","B","car","1",,31.3353078036823,14.8439175778561,TRUE,
"exp3","exp3_012","Aff P M C_1",57,"affirmative",,"path","manner","C","paper","1",,28.9508465360085,14.8439175778561,TRUE,
"exp3","exp3_008","Aff P P C_1",57,"affirmative",,"path","path","C","paper","1",,40.6828085201957,14.8439175778561,TRUE,
"exp3","exp3_129","Aff P C C_1",57,"affirmative",,"path","conflated","C","paper","1",,13.6869767784319,14.8439175778561,FALSE,"low_response_variability"
"exp3","exp3_129","Neg C M D_1",57,"negative",,"conflated","manner","D","plank","1",,13.6869767784319,14.8439175778561,FALSE,"low_response_variability"
"exp3","exp3_086","Neg M C D_1",57,"negative",,"manner","conflated","D","plank","1",,3.80987552488943,14.8439175778561,FALSE,"low_response_variability"
"exp3","exp3_086","Aff C C A_1",56,"affirmative",,"conflated","conflated","A","leaf","1",,3.80987552488943,14.8439175778561,FALSE,"low_response_variability"
"exp3","exp3_086","Aff P C A_1",55,"affirmative",,"path","conflated","A","leaf","1",,3.80987552488943,14.8439175778561,FALSE,"low_response_variability"
"exp3","exp3_001","Aff M C B_1",55,"affirmative",,"manner","conflated","B","car","1",,29.5675907750771,14.8439175778561,TRUE,
"exp3","exp3_086","Neg P 0 E_1",55,"negative",,"path","no_motion","E","chair","1",,3.80987552488943,14.8439175778561,FALSE,"low_response_variability"
"exp3","exp3_018","Aff P 0 B_1",55,"affirmative",,"path","no_motion","B","car","1",,44.7155148994985,14.8439175778561,TRUE,
"exp3","exp3_149","Neg M 0 A_1",54,"negative",,"manner","no_motion","A","leaf","1",,31.3353078036823,14.8439175778561,TRUE,
"exp3","exp3_086","Neg M M D_1",54,"negative",,"manner","manner","D","plank","1",,3.80987552488943,14.8439175778561,FALSE,"low_response_variability"
"exp3","exp3_114","Aff P M B_1",54,"affirmative",,"path","manner","B","car","1",,38.6460237477952,14.8439175778561,TRUE,
"exp3","exp3_009","Aff P C C_1",54,"affirmative",,"path","conflated","C","paper","1",,40.153021698437,14.8439175778561,TRUE,
"exp3","exp3_024","Neg C M C_1",54,"negative",,"conflated","manner","C","paper","1",,25.06521796265,14.8439175778561,TRUE,
"exp3","exp3_150","Neg C M B_1",54,"negative",,"conflated","manner","B","car","1",,13.7342195948218,14.8439175778561,FALSE,"low_response_variability"
"exp3","exp3_086","Aff C 0 B_1",54,"affirmative",,"conflated","no_motion","B","car","1",,3.80987552488943,14.8439175778561,FALSE,"low_response_variability"
"exp3","exp3_075","Aff P M A_1",53,"affirmative",,"path","manner","A","leaf","1",,42.2656641215581,14.8439175778561,TRUE,
"exp3","exp3_003","Neg C 0 C_1",53,"negative",,"conflated","no_motion","C","paper","1",,37.0146367445816,14.8439175778561,TRUE,
"exp3","exp3_097","Aff M M B_1",53,"affirmative",,"manner","manner","B","car","1",,32.6481471932408,14.8439175778561,TRUE,
"exp3","exp3_086","Neg C M A_1",52,"negative",,"conflated","manner","A","leaf","1",,3.80987552488943,14.8439175778561,FALSE,"low_response_variability"
"exp3","exp3_012","Neg C 0 D_1",52,"negative",,"conflated","no_motion","D","plank","1",,28.9508465360085,14.8439175778561,TRUE,
"exp3","exp3_086","Neg P M C_1",52,"negative",,"path","manner","C","paper","1",,3.80987552488943,14.8439175778561,FALSE,"low_response_variability"
"exp3","exp3_086","Aff P P C_1",52,"affirmative",,"path","path","C","paper","1",,3.80987552488943,14.8439175778561,FALSE,"low_response_variability"
"exp3","exp3_018","Aff C M B_1",51,"affirmative",,"conflated","manner","B","car","1",,44.7155148994985,14.8439175778561,TRUE,
"exp3","exp3_104","Neg P M B_1",51,"negative",,"path","manner","B","car","1",,12.77396737213,14.8439175778561,FALSE,"low_response_variability"
"exp3","exp3_124","Aff P P B_1",51,"affirmative",,"path","path","B","car","1",,39.0107793960965,14.8439175778561,TRUE,
"exp3","exp3_114","Neg M 0 B_1",50,"negative",,"manner","no_motion","B","car","1",,38.6460237477952,14.8439175778561,TRUE,
"exp3","exp3_104","Aff P P B_1",50,"affirmative",,"path","path","B","car","1",,12.77396737213,14.8439175778561,FALSE,"low_response_variability"
"exp3","exp3_117","Neg C 0 A_1",50,"negative",,"conflated","no_motion","A","leaf","1",,47.8643126373128,14.8439175778561,TRUE,
"exp3","exp3_121","Aff P 0 B_1",50,"affirmative",,"path","no_motion","B","car","1",,49.323529943229,14.8439175778561,TRUE,
"exp3","exp3_116","Neg P M A_1",50,"negative",,"path","manner","A","leaf","1",,38.6651318922156,14.8439175778561,TRUE,
"exp3","exp3_081","Neg M M A_1",50,"negative",,"manner","manner","A","leaf","1",,44.9494665758621,14.8439175778561,TRUE,
"exp3","exp3_034","Neg C 0 B_1",50,"negative",,"conflated","no_motion","B","car","1",,28.4285387978668,14.8439175778561,TRUE,
"exp3","exp3_108","Neg P 0 D_1",50,"negative",,"path","no_motion","D","plank","1",,37.7250820831687,14.8439175778561,TRUE,
"exp3","exp3_112","Neg P P D_1",50,"negative",,"path","path","D","plank","1",,37.871693274993,14.8439175778561,TRUE,
"exp3","exp3_115","Aff P P D_1",50,"affirmative",,"path","path","D","plank","1",,20.8303028098853,14.8439175778561,TRUE,
"exp3","exp3_129","Aff C C C_1",50,"affirmative",,"conflated","conflated","C","paper","1",,13.6869767784319,14.8439175778561,FALSE,"low_response_variability"
"exp3","exp3_091","Aff C P B_1",50,"affirmative",,"conflated","path","B","car","1",,38.7395147104349,14.8439175778561,TRUE,
"exp3","exp3_129","Aff M 0 E_1",50,"affirmative",,"manner","no_motion","E","chair","1",,13.6869767784319,14.8439175778561,FALSE,"low_response_variability"
"exp3","exp3_102","Neg M 0 C_1",50,"negative",,"manner","no_motion","C","paper","1",,21.7191090279895,14.8439175778561,TRUE,
"exp3","exp3_102","Aff P 0 E_1",50,"affirmative",,"path","no_motion","E","chair","1",,21.7191090279895,14.8439175778561,TRUE,
"exp3","exp3_129","Aff P P E_1",50,"affirmative",,"path","path","E","chair","1",,13.6869767784319,14.8439175778561,FALSE,"low_response_variability"
"exp3","exp3_091","Aff P C A_1",50,"affirmative",,"path","conflated","A","leaf","1",,38.7395147104349,14.8439175778561,TRUE,
"exp3","exp3_124","Aff C P A_1",50,"affirmative",,"conflated","path","A","leaf","1",,39.0107793960965,14.8439175778561,TRUE,
"exp3","exp3_024","Neg P 0 C_1",47,"negative",,"path","no_motion","C","paper","1",,25.06521796265,14.8439175778561,TRUE,
"exp3","exp3_104","Neg M C C_1",46,"negative",,"manner","conflated","C","paper","1",,12.77396737213,14.8439175778561,FALSE,"low_response_variability"
"exp3","exp3_104","Neg M M C_1",46,"negative",,"manner","manner","C","paper","1",,12.77396737213,14.8439175778561,FALSE,"low_response_variability"
"exp3","exp3_084","Aff C M C_1",45,"affirmative",,"conflated","manner","C","paper","1",,43.8325843927261,14.8439175778561,TRUE,
"exp3","exp3_115","Aff C C B_1",45,"affirmative",,"conflated","conflated","B","car","1",,20.8303028098853,14.8439175778561,TRUE,
"exp3","exp3_115","Aff P C B_1",45,"affirmative",,"path","conflated","B","car","1",,20.8303028098853,14.8439175778561,TRUE,
"exp3","exp3_094","Aff C P C_1",44,"affirmative",,"conflated","path","C","paper","1",,46.8585071995438,14.8439175778561,TRUE,
"exp3","exp3_137","Aff C M A_1",44,"affirmative",,"conflated","manner","A","leaf","1",,44.8816625846641,14.8439175778561,TRUE,
"exp3","exp3_101","Neg M 0 E_1",44,"negative",,"manner","no_motion","E","chair","1",,38.8434113597223,14.8439175778561,TRUE,
"exp3","exp3_145","Neg C P D_1",44,"negative",,"conflated","path","D","plank","1",,20.2684633374266,14.8439175778561,TRUE,
"exp3","exp3_002","Neg C M C_1",44,"negative",,"conflated","manner","C","paper","1",,36.2967566795512,14.8439175778561,TRUE,
"exp3","exp3_147","Neg C 0 E_1",42,"negative",,"conflated","no_motion","E","chair","1",,47.3561618018824,14.8439175778561,TRUE,
"exp3","exp3_093","Neg P 0 E_1",42,"negative",,"path","no_motion","E","chair","1",,37.6904255987934,14.8439175778561,TRUE,
"exp3","exp3_115","Neg P 0 A_1",42,"negative",,"path","no_motion","A","leaf","1",,20.8303028098853,14.8439175778561,TRUE,
"exp3","exp3_150","Neg M M E_1",42,"negative",,"manner","manner","E","chair","1",,13.7342195948218,14.8439175778561,FALSE,"low_response_variability"
"exp3","exp3_024","Neg M C B_1",42,"negative",,"manner","conflated","B","car","1",,25.06521796265,14.8439175778561,TRUE,
"exp3","exp3_032","Aff P M E_1",41,"affirmative",,"path","manner","E","chair","1",,44.1567455981324,14.8439175778561,TRUE,
"exp3","exp3_022","Aff P 0 A_1",41,"affirmative",,"path","no_motion","A","leaf","1",,43.6774506693064,14.8439175778561,TRUE,
"exp3","exp3_145","Aff M P A_1",41,"affirmative",,"manner","path","A","leaf","1",,20.2684633374266,14.8439175778561,TRUE,
"exp3","exp3_127","Aff C M A_1",40,"affirmative",,"conflated","manner","A","leaf","1",,34.4220683265661,14.8439175778561,TRUE,
"exp3","exp3_134","Neg M M A_1",40,"negative",,"manner","manner","A","leaf","1",,48.3744078344462,14.8439175778561,TRUE,
"exp3","exp3_093","Neg C M A_1",40,"negative",,"conflated","manner","A","leaf","1",,37.6904255987934,14.8439175778561,TRUE,
"exp3","exp3_052","Aff M C D_1",40,"affirmative",,"manner","conflated","D","plank","1",,16.2002151126758,14.8439175778561,TRUE,
"exp3","exp3_052","Aff P C E_1",40,"affirmative",,"path","conflated","E","chair","1",,16.2002151126758,14.8439175778561,TRUE,
"exp3","exp3_150","Aff C 0 C_1",39,"affirmative",,"conflated","no_motion","C","paper","1",,13.7342195948218,14.8439175778561,FALSE,"low_response_variability"
"exp3","exp3_031","Aff P 0 A_1",39,"affirmative",,"path","no_motion","A","leaf","1",,27.955998976747,14.8439175778561,TRUE,
"exp3","exp3_145","Aff P M E_1",39,"affirmative",,"path","manner","E","chair","1",,20.2684633374266,14.8439175778561,TRUE,
"exp3","exp3_012","Neg C C B_1",39,"negative",,"conflated","conflated","B","car","1",,28.9508465360085,14.8439175778561,TRUE,
"exp3","exp3_149","Neg C 0 B_1",38,"negative",,"conflated","no_motion","B","car","1",,31.3353078036823,14.8439175778561,TRUE,
"exp3","exp3_062","Neg M 0 D_1",38,"negative",,"manner","no_motion","D","plank","1",,30.4705521028836,14.8439175778561,TRUE,
"exp3","exp3_062","Aff P M D_1",38,"affirmative",,"path","manner","D","plank","1",,30.4705521028836,14.8439175778561,TRUE,
"exp3","exp3_052","Aff P P B_1",38,"affirmative",,"path","path","B","car","1",,16.2002151126758,14.8439175778561,TRUE,
"exp3","exp3_145","Neg M P A_1",38,"negative",,"manner","path","A","leaf","1",,20.2684633374266,14.8439175778561,TRUE,
"exp3","exp3_009","Neg M M A_1",38,"negative",,"manner","manner","A","leaf","1",,40.153021698437,14.8439175778561,TRUE,
"exp3","exp3_001","Neg M C A_1",37,"negative",,"manner","conflated","A","leaf","1",,29.5675907750771,14.8439175778561,TRUE,
"exp3","exp3_102","Neg C C B_1",37,"negative",,"conflated","conflated","B","car","1",,21.7191090279895,14.8439175778561,TRUE,
"exp3","exp3_053","Neg C M C_1",37,"negative",,"conflated","manner","C","paper","1",,36.0386997377525,14.8439175778561,TRUE,
"exp3","exp3_129","Neg P M E_1",37,"negative",,"path","manner","E","chair","1",,13.6869767784319,14.8439175778561,FALSE,"low_response_variability"
"exp3","exp3_024","Aff C 0 E_1",36,"affirmative",,"conflated","no_motion","E","chair","1",,25.06521796265,14.8439175778561,TRUE,
"exp3","exp3_019","Aff M C A_1",36,"affirmative",,"manner","conflated","A","leaf","1",,38.1538949121803,14.8439175778561,TRUE,
"exp3","exp3_001","Neg C M D_1",36,"negative",,"conflated","manner","D","plank","1",,29.5675907750771,14.8439175778561,TRUE,
"exp3","exp3_104","Aff M 0 B_1",36,"affirmative",,"manner","no_motion","B","car","1",,12.77396737213,14.8439175778561,FALSE,"low_response_variability"
"exp3","exp3_100","Aff C C C_1",36,"affirmative",,"conflated","conflated","C","paper","1",,28.9925539029969,14.8439175778561,TRUE,
"exp3","exp3_071","Neg C 0 C_1",36,"negative",,"conflated","no_motion","C","paper","1",,41.879607390131,14.8439175778561,TRUE,
"exp3","exp3_102","Neg M P D_1",35,"negative",,"manner","path","D","plank","1",,21.7191090279895,14.8439175778561,TRUE,
"exp3","exp3_031","Neg M P E_1",35,"negative",,"manner","path","E","chair","1",,27.955998976747,14.8439175778561,TRUE,
"exp3","exp3_099","Neg C C C_1",35,"negative",,"conflated","conflated","C","paper","1",,45.8740039938116,14.8439175778561,TRUE,
"exp3","exp3_019","Aff P P D_1",35,"affirmative",,"path","path","D","plank","1",,38.1538949121803,14.8439175778561,TRUE,
"exp3","exp3_019","Neg C M B_1",34,"negative",,"conflated","manner","B","car","1",,38.1538949121803,14.8439175778561,TRUE,
"exp3","exp3_145","Neg C 0 A_1",34,"negative",,"conflated","no_motion","A","leaf","1",,20.2684633374266,14.8439175778561,TRUE,
"exp3","exp3_025","Neg C M A_1",34,"negative",,"conflated","manner","A","leaf","1",,40.8752722166823,14.8439175778561,TRUE,
"exp3","exp3_009","Aff C P D_1",34,"affirmative",,"conflated","path","D","plank","1",,40.153021698437,14.8439175778561,TRUE,
"exp3","exp3_001","Neg P M E_1",34,"negative",,"path","manner","E","chair","1",,29.5675907750771,14.8439175778561,TRUE,
"exp3","exp3_003","Neg P C E_1",33,"negative",,"path","conflated","E","chair","1",,37.0146367445816,14.8439175778561,TRUE,
"exp3","exp3_053","Aff C C D_1",32,"affirmative",,"conflated","conflated","D","plank","1",,36.0386997377525,14.8439175778561,TRUE,
"exp3","exp3_103","Neg M C C_1",32,"negative",,"manner","conflated","C","paper","1",,32.6129738080731,14.8439175778561,TRUE,
"exp3","exp3_013","Neg C M C_1",31,"negative",,"conflated","manner","C","paper","1",,40.2375521877339,14.8439175778561,TRUE,
"exp3","exp3_104","Aff C 0 A_1",31,"affirmative",,"conflated","no_motion","A","leaf","1",,12.77396737213,14.8439175778561,FALSE,"low_response_variability"
"exp3","exp3_125","Aff P M A_1",30,"affirmative",,"path","manner","A","leaf","1",,40.0473204944835,14.8439175778561,TRUE,
"exp3","exp3_129","Neg P 0 B_1",30,"negative",,"path","no_motion","B","car","1",,13.6869767784319,14.8439175778561,FALSE,"low_response_variability"
"exp3","exp3_131","Aff C C B_1",30,"affirmative",,"conflated","conflated","B","car","1",,46.6349459291869,14.8439175778561,TRUE,
"exp3","exp3_102","Neg C P B_1",30,"negative",,"conflated","path","B","car","1",,21.7191090279895,14.8439175778561,TRUE,
"exp3","exp3_103","Aff C C E_1",30,"affirmative",,"conflated","conflated","E","chair","1",,32.6129738080731,14.8439175778561,TRUE,
"exp3","exp3_036","Neg M C C_1",30,"negative",,"manner","conflated","C","paper","1",,34.0770072665195,14.8439175778561,TRUE,
"exp3","exp3_036","Neg M M C_1",30,"negative",,"manner","manner","C","paper","1",,34.0770072665195,14.8439175778561,TRUE,
"exp3","exp3_007","Neg C C D_1",29,"negative",,"conflated","conflated","D","plank","1",,46.1403491337226,14.8439175778561,TRUE,
"exp3","exp3_011","Neg M 0 B_1",29,"negative",,"manner","no_motion","B","car","1",,34.7793913202353,14.8439175778561,TRUE,
"exp3","exp3_084","Aff P 0 C_1",28,"affirmative",,"path","no_motion","C","paper","1",,43.8325843927261,14.8439175778561,TRUE,
"exp3","exp3_031","Neg P P B_1",28,"negative",,"path","path","B","car","1",,27.955998976747,14.8439175778561,TRUE,
"exp3","exp3_102","Neg P C A_1",27,"negative",,"path","conflated","A","leaf","1",,21.7191090279895,14.8439175778561,TRUE,
"exp3","exp3_100","Neg M C A_1",27,"negative",,"manner","conflated","A","leaf","1",,28.9925539029969,14.8439175778561,TRUE,
"exp3","exp3_034","Aff C M C_1",27,"affirmative",,"conflated","manner","C","paper","1",,28.4285387978668,14.8439175778561,TRUE,
"exp3","exp3_023","Neg C C E_1",27,"negative",,"conflated","conflated","E","chair","1",,29.8643397361935,14.8439175778561,TRUE,
"exp3","exp3_041","Neg P C B_1",27,"negative",,"path","conflated","B","car","1",,43.3292538872324,14.8439175778561,TRUE,
"exp3","exp3_102","Neg P P A_1",27,"negative",,"path","path","A","leaf","1",,21.7191090279895,14.8439175778561,TRUE,
"exp3","exp3_093","Neg P M C_1",26,"negative",,"path","manner","C","paper","1",,37.6904255987934,14.8439175778561,TRUE,
"exp3","exp3_032","Neg C C D_1",26,"negative",,"conflated","conflated","D","plank","1",,44.1567455981324,14.8439175778561,TRUE,
"exp3","exp3_052","Aff C C E_1",25,"affirmative",,"conflated","conflated","E","chair","1",,16.2002151126758,14.8439175778561,TRUE,
"exp3","exp3_110","Neg C P C_1",25,"negative",,"conflated","path","C","paper","1",,41.161176176616,14.8439175778561,TRUE,
"exp3","exp3_133","Aff P P B_1",25,"affirmative",,"path","path","B","car","1",,32.5767159830825,14.8439175778561,TRUE,
"exp3","exp3_034","Aff P M A_1",25,"affirmative",,"path","manner","A","leaf","1",,28.4285387978668,14.8439175778561,TRUE,
"exp3","exp3_103","Aff C P A_1",25,"affirmative",,"conflated","path","A","leaf","1",,32.6129738080731,14.8439175778561,TRUE,
"exp3","exp3_127","Aff M M B_1",25,"affirmative",,"manner","manner","B","car","1",,34.4220683265661,14.8439175778561,TRUE,
"exp3","exp3_054","Aff C P B_1",25,"affirmative",,"conflated","path","B","car","1",,41.4936103149593,14.8439175778561,TRUE,
"exp3","exp3_145","Neg C C D_1",25,"negative",,"conflated","conflated","D","plank","1",,20.2684633374266,14.8439175778561,TRUE,
"exp3","exp3_034","Neg M 0 A_1",24,"negative",,"manner","no_motion","A","leaf","1",,28.4285387978668,14.8439175778561,TRUE,
"exp3","exp3_052","Aff C P A_1",24,"affirmative",,"conflated","path","A","leaf","1",,16.2002151126758,14.8439175778561,TRUE,
"exp3","exp3_057","Aff C C A_1",23,"affirmative",,"conflated","conflated","A","leaf","1",,42.6408539342545,14.8439175778561,TRUE,
"exp3","exp3_024","Neg M M B_1",23,"negative",,"manner","manner","B","car","1",,25.06521796265,14.8439175778561,TRUE,
"exp3","exp3_097","Neg P P B_1",23,"negative",,"path","path","B","car","1",,32.6481471932408,14.8439175778561,TRUE,
"exp3","exp3_100","Aff P C C_1",23,"affirmative",,"path","conflated","C","paper","1",,28.9925539029969,14.8439175778561,TRUE,
"exp3","exp3_109","Aff C P E_1",22,"affirmative",,"conflated","path","E","chair","1",,46.9551688186496,14.8439175778561,TRUE,
"exp3","exp3_115","Aff C P C_1",22,"affirmative",,"conflated","path","C","paper","1",,20.8303028098853,14.8439175778561,TRUE,
"exp3","exp3_138","Neg C P D_1",22,"negative",,"conflated","path","D","plank","1",,45.1750802853507,14.8439175778561,TRUE,
"exp3","exp3_145","Aff P 0 B_1",22,"affirmative",,"path","no_motion","B","car","1",,20.2684633374266,14.8439175778561,TRUE,
"exp3","exp3_019","Aff P C B_1",22,"affirmative",,"path","conflated","B","car","1",,38.1538949121803,14.8439175778561,TRUE,
"exp3","exp3_023","Neg P C D_1",22,"negative",,"path","conflated","D","plank","1",,29.8643397361935,14.8439175778561,TRUE,
"exp3","exp3_019","Neg P M D_1",21,"negative",,"path","manner","D","plank","1",,38.1538949121803,14.8439175778561,TRUE,
"exp3","exp3_068","Neg P 0 A_1",21,"negative",,"path","no_motion","A","leaf","1",,46.7575143855525,14.8439175778561,TRUE,
"exp3","exp3_011","Aff P 0 D_1",21,"affirmative",,"path","no_motion","D","plank","1",,34.7793913202353,14.8439175778561,TRUE,
"exp3","exp3_026","Aff P M D_1",21,"affirmative",,"path","manner","D","plank","1",,43.757250481457,14.8439175778561,TRUE,
"exp3","exp3_031","Neg C P C_1",21,"negative",,"conflated","path","C","paper","1",,27.955998976747,14.8439175778561,TRUE,
"exp3","exp3_091","Neg M C D_1",21,"negative",,"manner","conflated","D","plank","1",,38.7395147104349,14.8439175778561,TRUE,
"exp3","exp3_039","Neg P M A_1",21,"negative",,"path","manner","A","leaf","1",,46.3334423369112,14.8439175778561,TRUE,
"exp3","exp3_103","Neg C M E_1",21,"negative",,"conflated","manner","E","chair","1",,32.6129738080731,14.8439175778561,TRUE,
"exp3","exp3_089","Neg C C C_1",21,"negative",,"conflated","conflated","C","paper","1",,26.8136102934629,14.8439175778561,TRUE,
"exp3","exp3_056","Neg M M A_1",20,"negative",,"manner","manner","A","leaf","1",,50.7817671885085,14.8439175778561,TRUE,
"exp3","exp3_145","Neg M 0 E_1",20,"negative",,"manner","no_motion","E","chair","1",,20.2684633374266,14.8439175778561,TRUE,
"exp3","exp3_132","Neg C M A_1",20,"negative",,"conflated","manner","A","leaf","1",,48.5526112645454,14.8439175778561,TRUE,
"exp3","exp3_027","Neg C 0 D_1",20,"negative",,"conflated","no_motion","D","plank","1",,44.5121706203296,14.8439175778561,TRUE,
"exp3","exp3_031","Neg P C B_1",20,"negative",,"path","conflated","B","car","1",,27.955998976747,14.8439175778561,TRUE,
"exp3","exp3_126","Neg M 0 A_1",20,"negative",,"manner","no_motion","A","leaf","1",,46.9803311519993,14.8439175778561,TRUE,
"exp3","exp3_141","Neg C M B_1",20,"negative",,"conflated","manner","B","car","1",,47.8218759375018,14.8439175778561,TRUE,
"exp3","exp3_138","Neg C C D_1",20,"negative",,"conflated","conflated","D","plank","1",,45.1750802853507,14.8439175778561,TRUE,
"exp3","exp3_128","Neg P C A_1",20,"negative",,"path","conflated","A","leaf","1",,39.5332617915444,14.8439175778561,TRUE,
"exp3","exp3_127","Neg C 0 E_1",20,"negative",,"conflated","no_motion","E","chair","1",,34.4220683265661,14.8439175778561,TRUE,
"exp3","exp3_128","Neg M P D_1",20,"negative",,"manner","path","D","plank","1",,39.5332617915444,14.8439175778561,TRUE,
"exp3","exp3_027","Neg C P B_1",20,"negative",,"conflated","path","B","car","1",,44.5121706203296,14.8439175778561,TRUE,
"exp3","exp3_103","Aff M 0 B_1",19,"affirmative",,"manner","no_motion","B","car","1",,32.6129738080731,14.8439175778561,TRUE,
"exp3","exp3_011","Aff C M D_1",19,"affirmative",,"conflated","manner","D","plank","1",,34.7793913202353,14.8439175778561,TRUE,
"exp3","exp3_110","Neg P P B_1",19,"negative",,"path","path","B","car","1",,41.161176176616,14.8439175778561,TRUE,
"exp3","exp3_066","Neg C M C_1",19,"negative",,"conflated","manner","C","paper","1",,31.2277799791186,14.8439175778561,TRUE,
"exp3","exp3_008","Neg M C D_1",18,"negative",,"manner","conflated","D","plank","1",,40.6828085201957,14.8439175778561,TRUE,
"exp3","exp3_054","Neg P M C_1",18,"negative",,"path","manner","C","paper","1",,41.4936103149593,14.8439175778561,TRUE,
"exp3","exp3_088","Neg C C D_1",18,"negative",,"conflated","conflated","D","plank","1",,50.1200830732824,14.8439175778561,TRUE,
"exp3","exp3_011","Neg C P A_1",18,"negative",,"conflated","path","A","leaf","1",,34.7793913202353,14.8439175778561,TRUE,
"exp3","exp3_063","Neg P M A_1",18,"negative",,"path","manner","A","leaf","1",,44.7182255570332,14.8439175778561,TRUE,
"exp3","exp3_085","Neg M P B_1",18,"negative",,"manner","path","B","car","1",,43.1572178730911,14.8439175778561,TRUE,
"exp3","exp3_053","Neg M C B_1",18,"negative",,"manner","conflated","B","car","1",,36.0386997377525,14.8439175778561,TRUE,
"exp3","exp3_044","Neg M P B_1",17,"negative",,"manner","path","B","car","1",,47.1146248927855,14.8439175778561,TRUE,
"exp3","exp3_059","Neg M P B_1",17,"negative",,"manner","path","B","car","1",,45.2336526640656,14.8439175778561,TRUE,
"exp3","exp3_136","Neg C P C_1",17,"negative",,"conflated","path","C","paper","1",,44.9460956608193,14.8439175778561,TRUE,
"exp3","exp3_058","Aff P 0 B_1",17,"affirmative",,"path","no_motion","B","car","1",,40.7998625963224,14.8439175778561,TRUE,
"exp3","exp3_093","Neg M M D_1",17,"negative",,"manner","manner","D","plank","1",,37.6904255987934,14.8439175778561,TRUE,
"exp3","exp3_035","Neg P M D_1",16,"negative",,"path","manner","D","plank","1",,43.4831907613491,14.8439175778561,TRUE,
"exp3","exp3_100","Neg C M D_1",16,"negative",,"conflated","manner","D","plank","1",,28.9925539029969,14.8439175778561,TRUE,
"exp3","exp3_069","Neg P C C_1",16,"negative",,"path","conflated","C","paper","1",,33.1561960021552,14.8439175778561,TRUE,
"exp3","exp3_069","Aff P 0 B_1",16,"affirmative",,"path","no_motion","B","car","1",,33.1561960021552,14.8439175778561,TRUE,
"exp3","exp3_082","Neg C C C_1",16,"negative",,"conflated","conflated","C","paper","1",,48.280352362451,14.8439175778561,TRUE,
"exp3","exp3_114","Neg C C A_1",15,"negative",,"conflated","conflated","A","leaf","1",,38.6460237477952,14.8439175778561,TRUE,
"exp3","exp3_062","Neg C 0 E_1",15,"negative",,"conflated","no_motion","E","chair","1",,30.4705521028836,14.8439175778561,TRUE,
"exp3","exp3_085","Neg P P D_1",15,"negative",,"path","path","D","plank","1",,43.1572178730911,14.8439175778561,TRUE,
"exp3","exp3_011","Neg P P E_1",15,"negative",,"path","path","E","chair","1",,34.7793913202353,14.8439175778561,TRUE,
"exp3","exp3_095","Neg P P C_1",15,"negative",,"path","path","C","paper","1",,40.8240867700192,14.8439175778561,TRUE,
"exp3","exp3_128","Neg C P B_1",15,"negative",,"conflated","path","B","car","1",,39.5332617915444,14.8439175778561,TRUE,
"exp3","exp3_001","Neg M M A_1",15,"negative",,"manner","manner","A","leaf","1",,29.5675907750771,14.8439175778561,TRUE,
"exp3","exp3_097","Neg M P E_1",14,"negative",,"manner","path","E","chair","1",,32.6481471932408,14.8439175778561,TRUE,
"exp3","exp3_063","Aff C P E_1",14,"affirmative",,"conflated","path","E","chair","1",,44.7182255570332,14.8439175778561,TRUE,
"exp3","exp3_070","Neg P 0 A_1",14,"negative",,"path","no_motion","A","leaf","1",,41.9916117164542,14.8439175778561,TRUE,
"exp3","exp3_113","Neg P M A_1",14,"negative",,"path","manner","A","leaf","1",,41.2401503392022,14.8439175778561,TRUE,
"exp3","exp3_097","Neg C C C_1",14,"negative",,"conflated","conflated","C","paper","1",,32.6481471932408,14.8439175778561,TRUE,
"exp3","exp3_077","Aff C M A_1",13,"affirmative",,"conflated","manner","A","leaf","1",,40.1507575686105,14.8439175778561,TRUE,
"exp3","exp3_095","Aff P 0 B_1",13,"affirmative",,"path","no_motion","B","car","1",,40.8240867700192,14.8439175778561,TRUE,
"exp3","exp3_066","Aff M 0 A_1",13,"affirmative",,"manner","no_motion","A","leaf","1",,31.2277799791186,14.8439175778561,TRUE,
"exp3","exp3_013","Neg P M A_1",13,"negative",,"path","manner","A","leaf","1",,40.2375521877339,14.8439175778561,TRUE,
"exp3","exp3_011","Aff P M B_1",13,"affirmative",,"path","manner","B","car","1",,34.7793913202353,14.8439175778561,TRUE,
"exp3","exp3_014","Aff P P B_1",13,"affirmative",,"path","path","B","car","1",,48.5114794287253,14.8439175778561,TRUE,
"exp3","exp3_048","Neg M P D_1",13,"negative",,"manner","path","D","plank","1",,45.7869737992911,14.8439175778561,TRUE,
"exp3","exp3_032","Neg M P A_1",13,"negative",,"manner","path","A","leaf","1",,44.1567455981324,14.8439175778561,TRUE,
"exp3","exp3_043","Neg M C C_1",13,"negative",,"manner","conflated","C","paper","1",,44.2551144108243,14.8439175778561,TRUE,
"exp3","exp3_115","Aff M C A_1",13,"affirmative",,"manner","conflated","A","leaf","1",,20.8303028098853,14.8439175778561,TRUE,
"exp3","exp3_069","Neg P P C_1",12,"negative",,"path","path","C","paper","1",,33.1561960021552,14.8439175778561,TRUE,
"exp3","exp3_095","Neg P C C_1",12,"negative",,"path","conflated","C","paper","1",,40.8240867700192,14.8439175778561,TRUE,
"exp3","exp3_044","Neg C C E_1",12,"negative",,"conflated","conflated","E","chair","1",,47.1146248927855,14.8439175778561,TRUE,
"exp3","exp3_057","Aff C P B_1",12,"affirmative",,"conflated","path","B","car","1",,42.6408539342545,14.8439175778561,TRUE,
"exp3","exp3_072","Neg C M B_1",12,"negative",,"conflated","manner","B","car","1",,46.313163257427,14.8439175778561,TRUE,
"exp3","exp3_100","Aff C 0 D_1",12,"affirmative",,"conflated","no_motion","D","plank","1",,28.9925539029969,14.8439175778561,TRUE,
"exp3","exp3_008","Neg M M D_1",12,"negative",,"manner","manner","D","plank","1",,40.6828085201957,14.8439175778561,TRUE,
"exp3","exp3_004","Neg M C D_1",12,"negative",,"manner","conflated","D","plank","1",,39.7411129764387,14.8439175778561,TRUE,
"exp3","exp3_011","Neg M P C_1",12,"negative",,"manner","path","C","paper","1",,34.7793913202353,14.8439175778561,TRUE,
"exp3","exp3_149","Neg P C D_1",12,"negative",,"path","conflated","D","plank","1",,31.3353078036823,14.8439175778561,TRUE,
"exp3","exp3_023","Neg C P E_1",12,"negative",,"conflated","path","E","chair","1",,29.8643397361935,14.8439175778561,TRUE,
"exp3","exp3_082","Neg C P C_1",12,"negative",,"conflated","path","C","paper","1",,48.280352362451,14.8439175778561,TRUE,
"exp3","exp3_043","Neg P M B_1",12,"negative",,"path","manner","B","car","1",,44.2551144108243,14.8439175778561,TRUE,
"exp3","exp3_066","Neg M M B_1",11,"negative",,"manner","manner","B","car","1",,31.2277799791186,14.8439175778561,TRUE,
"exp3","exp3_093","Neg M C D_1",11,"negative",,"manner","conflated","D","plank","1",,37.6904255987934,14.8439175778561,TRUE,
"exp3","exp3_023","Neg P P D_1",11,"negative",,"path","path","D","plank","1",,29.8643397361935,14.8439175778561,TRUE,
"exp3","exp3_026","Neg C C C_1",11,"negative",,"conflated","conflated","C","paper","1",,43.757250481457,14.8439175778561,TRUE,
"exp3","exp3_034","Neg C C E_1",11,"negative",,"conflated","conflated","E","chair","1",,28.4285387978668,14.8439175778561,TRUE,
"exp3","exp3_095","Neg C P D_1",11,"negative",,"conflated","path","D","plank","1",,40.8240867700192,14.8439175778561,TRUE,
"exp3","exp3_036","Aff P P B_1",11,"affirmative",,"path","path","B","car","1",,34.0770072665195,14.8439175778561,TRUE,
"exp3","exp3_052","Neg M C C_1",11,"negative",,"manner","conflated","C","paper","1",,16.2002151126758,14.8439175778561,TRUE,
"exp3","exp3_052","Neg M M C_1",11,"negative",,"manner","manner","C","paper","1",,16.2002151126758,14.8439175778561,TRUE,
"exp3","exp3_062","Neg P P B_1",11,"negative",,"path","path","B","car","1",,30.4705521028836,14.8439175778561,TRUE,
"exp3","exp3_133","Neg P 0 D_1",11,"negative",,"path","no_motion","D","plank","1",,32.5767159830825,14.8439175778561,TRUE,
"exp3","exp3_022","Neg C C C_1",10,"negative",,"conflated","conflated","C","paper","1",,43.6774506693064,14.8439175778561,TRUE,
"exp3","exp3_103","Neg P 0 D_1",10,"negative",,"path","no_motion","D","plank","1",,32.6129738080731,14.8439175778561,TRUE,
"exp3","exp3_013","Neg M M B_1",10,"negative",,"manner","manner","B","car","1",,40.2375521877339,14.8439175778561,TRUE,
"exp3","exp3_127","Neg P P B_1",10,"negative",,"path","path","B","car","1",,34.4220683265661,14.8439175778561,TRUE,
"exp3","exp3_127","Neg C P C_1",10,"negative",,"conflated","path","C","paper","1",,34.4220683265661,14.8439175778561,TRUE,
"exp3","exp3_111","Neg C C D_1",10,"negative",,"conflated","conflated","D","plank","1",,46.0246146264708,14.8439175778561,TRUE,
"exp3","exp3_144","Neg C 0 C_1",10,"negative",,"conflated","no_motion","C","paper","1",,46.5372936145807,14.8439175778561,TRUE,
"exp3","exp3_073","Neg M C A_1",10,"negative",,"manner","conflated","A","leaf","1",,39.1566395933362,14.8439175778561,TRUE,
"exp3","exp3_062","Neg P C B_1",10,"negative",,"path","conflated","B","car","1",,30.4705521028836,14.8439175778561,TRUE,
"exp3","exp3_092","Neg P C D_1",10,"negative",,"path","conflated","D","plank","1",,48.8742976389121,14.8439175778561,TRUE,
"exp3","exp3_052","Neg P 0 D_1",10,"negative",,"path","no_motion","D","plank","1",,16.2002151126758,14.8439175778561,TRUE,
"exp3","exp3_010","Neg C 0 C_1",10,"negative",,"conflated","no_motion","C","paper","1",,46.84371178006,14.8439175778561,TRUE,
"exp3","exp3_069","Neg C P D_1",10,"negative",,"conflated","path","D","plank","1",,33.1561960021552,14.8439175778561,TRUE,
"exp3","exp3_084","Neg P P D_1",10,"negative",,"path","path","D","plank","1",,43.8325843927261,14.8439175778561,TRUE,
"exp3","exp3_101","Neg C C D_1",10,"negative",,"conflated","conflated","D","plank","1",,38.8434113597223,14.8439175778561,TRUE,
"exp3","exp3_062","Neg C P C_1",10,"negative",,"conflated","path","C","paper","1",,30.4705521028836,14.8439175778561,TRUE,
"exp3","exp3_126","Aff P M A_1",10,"affirmative",,"path","manner","A","leaf","1",,46.9803311519993,14.8439175778561,TRUE,
"exp3","exp3_101","Neg M P A_1",10,"negative",,"manner","path","A","leaf","1",,38.8434113597223,14.8439175778561,TRUE,
"exp3","exp3_113","Neg C M C_1",10,"negative",,"conflated","manner","C","paper","1",,41.2401503392022,14.8439175778561,TRUE,
"exp3","exp3_123","Neg C C C_1",10,"negative",,"conflated","conflated","C","paper","1",,44.0133416411915,14.8439175778561,TRUE,
"exp3","exp3_095","Neg C C D_1",10,"negative",,"conflated","conflated","D","plank","1",,40.8240867700192,14.8439175778561,TRUE,
"exp3","exp3_015","Aff M 0 E_1",10,"affirmative",,"manner","no_motion","E","chair","1",,41.7774587619455,14.8439175778561,TRUE,
"exp3","exp3_115","Neg P M D_1",10,"negative",,"path","manner","D","plank","1",,20.8303028098853,14.8439175778561,TRUE,
"exp3","exp3_101","Neg C P D_1",10,"negative",,"conflated","path","D","plank","1",,38.8434113597223,14.8439175778561,TRUE,
"exp3","exp3_097","Aff P 0 A_1",9,"affirmative",,"path","no_motion","A","leaf","1",,32.6481471932408,14.8439175778561,TRUE,
"exp3","exp3_101","Neg P C C_1",9,"negative",,"path","conflated","C","paper","1",,38.8434113597223,14.8439175778561,TRUE,
"exp3","exp3_066","Aff C 0 E_1",9,"affirmative",,"conflated","no_motion","E","chair","1",,31.2277799791186,14.8439175778561,TRUE,
"exp3","exp3_077","Neg C P C_1",9,"negative",,"conflated","path","C","paper","1",,40.1507575686105,14.8439175778561,TRUE,
"exp3","exp3_066","Neg P M A_1",9,"negative",,"path","manner","A","leaf","1",,31.2277799791186,14.8439175778561,TRUE,
"exp3","exp3_012","Neg M 0 C_1",9,"negative",,"manner","no_motion","C","paper","1",,28.9508465360085,14.8439175778561,TRUE,
"exp3","exp3_004","Aff C 0 B_1",9,"affirmative",,"conflated","no_motion","B","car","1",,39.7411129764387,14.8439175778561,TRUE,
"exp3","exp3_095","Neg M P A_1",9,"negative",,"manner","path","A","leaf","1",,40.8240867700192,14.8439175778561,TRUE,
"exp3","exp3_139","Neg M C A_1",9,"negative",,"manner","conflated","A","leaf","1",,40.2720859788875,14.8439175778561,TRUE,
"exp3","exp3_142","Neg C M C_1",9,"negative",,"conflated","manner","C","paper","1",,51.3233215344967,14.8439175778561,TRUE,
"exp3","exp3_092","Aff P 0 C_1",8,"affirmative",,"path","no_motion","C","paper","1",,48.8742976389121,14.8439175778561,TRUE,
"exp3","exp3_053","Aff C 0 E_1",8,"affirmative",,"conflated","no_motion","E","chair","1",,36.0386997377525,14.8439175778561,TRUE,
"exp3","exp3_024","Aff M 0 A_1",8,"affirmative",,"manner","no_motion","A","leaf","1",,25.06521796265,14.8439175778561,TRUE,
"exp3","exp3_108","Aff P P B_1",8,"affirmative",,"path","path","B","car","1",,37.7250820831687,14.8439175778561,TRUE,
"exp3","exp3_043","Neg M M C_1",8,"negative",,"manner","manner","C","paper","1",,44.2551144108243,14.8439175778561,TRUE,
"exp3","exp3_092","Neg C C E_1",8,"negative",,"conflated","conflated","E","chair","1",,48.8742976389121,14.8439175778561,TRUE,
"exp3","exp3_013","Neg M C B_1",8,"negative",,"manner","conflated","B","car","1",,40.2375521877339,14.8439175778561,TRUE,
"exp3","exp3_069","Neg M P A_1",8,"negative",,"manner","path","A","leaf","1",,33.1561960021552,14.8439175778561,TRUE,
"exp3","exp3_035","Aff C 0 C_1",8,"affirmative",,"conflated","no_motion","C","paper","1",,43.4831907613491,14.8439175778561,TRUE,
"exp3","exp3_112","Neg C P E_1",8,"negative",,"conflated","path","E","chair","1",,37.871693274993,14.8439175778561,TRUE,
"exp3","exp3_132","Aff C P B_1",8,"affirmative",,"conflated","path","B","car","1",,48.5526112645454,14.8439175778561,TRUE,
"exp3","exp3_136","Neg P C B_1",8,"negative",,"path","conflated","B","car","1",,44.9460956608193,14.8439175778561,TRUE,
"exp3","exp3_075","Neg M P B_1",8,"negative",,"manner","path","B","car","1",,42.2656641215581,14.8439175778561,TRUE,
"exp3","exp3_068","Neg P M D_1",7,"negative",,"path","manner","D","plank","1",,46.7575143855525,14.8439175778561,TRUE,
"exp3","exp3_062","Neg M P E_1",7,"negative",,"manner","path","E","chair","1",,30.4705521028836,14.8439175778561,TRUE,
"exp3","exp3_001","Aff C 0 D_1",7,"affirmative",,"conflated","no_motion","D","plank","1",,29.5675907750771,14.8439175778561,TRUE,
"exp3","exp3_066","Neg M C B_1",7,"negative",,"manner","conflated","B","car","1",,31.2277799791186,14.8439175778561,TRUE,
"exp3","exp3_053","Neg M M B_1",7,"negative",,"manner","manner","B","car","1",,36.0386997377525,14.8439175778561,TRUE,
"exp3","exp3_077","Neg M P E_1",7,"negative",,"manner","path","E","chair","1",,40.1507575686105,14.8439175778561,TRUE,
"exp3","exp3_136","Neg C C C_1",7,"negative",,"conflated","conflated","C","paper","1",,44.9460956608193,14.8439175778561,TRUE,
"exp3","exp3_108","Aff C P A_1",7,"affirmative",,"conflated","path","A","leaf","1",,37.7250820831687,14.8439175778561,TRUE,
"exp3","exp3_101","Neg P P C_1",7,"negative",,"path","path","C","paper","1",,38.8434113597223,14.8439175778561,TRUE,
"exp3","exp3_123","Neg C P C_1",7,"negative",,"conflated","path","C","paper","1",,44.0133416411915,14.8439175778561,TRUE,
"exp3","exp3_003","Neg C C A_1",7,"negative",,"conflated","conflated","A","leaf","1",,37.0146367445816,14.8439175778561,TRUE,
"exp3","exp3_012","Aff P 0 E_1",6,"affirmative",,"path","no_motion","E","chair","1",,28.9508465360085,14.8439175778561,TRUE,
"exp3","exp3_137","Neg C P C_1",6,"negative",,"conflated","path","C","paper","1",,44.8816625846641,14.8439175778561,TRUE,
"exp3","exp3_114","Aff P 0 D_1",6,"affirmative",,"path","no_motion","D","plank","1",,38.6460237477952,14.8439175778561,TRUE,
"exp3","exp3_040","Neg M 0 C_1",6,"negative",,"manner","no_motion","C","paper","1",,48.0160168984046,14.8439175778561,TRUE,
"exp3","exp3_001","Aff M 0 E_1",6,"affirmative",,"manner","no_motion","E","chair","1",,29.5675907750771,14.8439175778561,TRUE,
"exp3","exp3_133","Neg P M B_1",6,"negative",,"path","manner","B","car","1",,32.5767159830825,14.8439175778561,TRUE,
"exp3","exp3_077","Neg C C C_1",6,"negative",,"conflated","conflated","C","paper","1",,40.1507575686105,14.8439175778561,TRUE,
"exp3","exp3_075","Neg P P D_1",6,"negative",,"path","path","D","plank","1",,42.2656641215581,14.8439175778561,TRUE,
"exp3","exp3_088","Neg C P D_1",6,"negative",,"conflated","path","D","plank","1",,50.1200830732824,14.8439175778561,TRUE,
"exp3","exp3_147","Neg C C C_1",6,"negative",,"conflated","conflated","C","paper","1",,47.3561618018824,14.8439175778561,TRUE,
"exp3","exp3_002","Neg M C B_1",6,"negative",,"manner","conflated","B","car","1",,36.2967566795512,14.8439175778561,TRUE,
"exp3","exp3_139","Neg M M A_1",6,"negative",,"manner","manner","A","leaf","1",,40.2720859788875,14.8439175778561,TRUE,
"exp3","exp3_100","Neg M M A_1",6,"negative",,"manner","manner","A","leaf","1",,28.9925539029969,14.8439175778561,TRUE,
"exp3","exp3_091","Neg P 0 E_1",6,"negative",,"path","no_motion","E","chair","1",,38.7395147104349,14.8439175778561,TRUE,
"exp3","exp3_136","Neg P P B_1",6,"negative",,"path","path","B","car","1",,44.9460956608193,14.8439175778561,TRUE,
"exp3","exp3_097","Neg C P C_1",6,"negative",,"conflated","path","C","paper","1",,32.6481471932408,14.8439175778561,TRUE,
"exp3","exp3_044","Neg C P E_1",6,"negative",,"conflated","path","E","chair","1",,47.1146248927855,14.8439175778561,TRUE,
"exp3","exp3_133","Aff M 0 B_1",5,"affirmative",,"manner","no_motion","B","car","1",,32.5767159830825,14.8439175778561,TRUE,
"exp3","exp3_110","Neg C C C_1",5,"negative",,"conflated","conflated","C","paper","1",,41.161176176616,14.8439175778561,TRUE,
"exp3","exp3_050","Neg P P E_1",5,"negative",,"path","path","E","chair","1",,48.9027327736117,14.8439175778561,TRUE,
"exp3","exp3_077","Neg P C B_1",5,"negative",,"path","conflated","B","car","1",,40.1507575686105,14.8439175778561,TRUE,
"exp3","exp3_106","Neg M M C_1",5,"negative",,"manner","manner","C","paper","1",,50.0408166733251,14.8439175778561,TRUE,
"exp3","exp3_120","Neg M M D_1",5,"negative",,"manner","manner","D","plank","1",,50.0129528676867,14.8439175778561,TRUE,
"exp3","exp3_127","Neg C C C_1",5,"negative",,"conflated","conflated","C","paper","1",,34.4220683265661,14.8439175778561,TRUE,
"exp3","exp3_141","Neg P M D_1",5,"negative",,"path","manner","D","plank","1",,47.8218759375018,14.8439175778561,TRUE,
"exp3","exp3_131","Neg P M D_1",5,"negative",,"path","manner","D","plank","1",,46.6349459291869,14.8439175778561,TRUE,
"exp3","exp3_035","Neg M C E_1",5,"negative",,"manner","conflated","E","chair","1",,43.4831907613491,14.8439175778561,TRUE,
"exp3","exp3_010","Neg C P A_1",5,"negative",,"conflated","path","A","leaf","1",,46.84371178006,14.8439175778561,TRUE,
"exp3","exp3_138","Neg M P A_1",5,"negative",,"manner","path","A","leaf","1",,45.1750802853507,14.8439175778561,TRUE,
"exp3","exp3_075","Neg C C E_1",5,"negative",,"conflated","conflated","E","chair","1",,42.2656641215581,14.8439175778561,TRUE,
"exp3","exp3_013","Aff M 0 A_1",5,"affirmative",,"manner","no_motion","A","leaf","1",,40.2375521877339,14.8439175778561,TRUE,
"exp3","exp3_147","Neg C P C_1",5,"negative",,"conflated","path","C","paper","1",,47.3561618018824,14.8439175778561,TRUE,
"exp3","exp3_039","Aff C 0 E_1",5,"affirmative",,"conflated","no_motion","E","chair","1",,46.3334423369112,14.8439175778561,TRUE,
"exp3","exp3_139","Aff M 0 E_1",5,"affirmative",,"manner","no_motion","E","chair","1",,40.2720859788875,14.8439175778561,TRUE,
"exp3","exp3_073","Aff M 0 E_1",5,"affirmative",,"manner","no_motion","E","chair","1",,39.1566395933362,14.8439175778561,TRUE,
"exp3","exp3_135","Neg M C B_1",5,"negative",,"manner","conflated","B","car","1",,49.3192291468182,14.8439175778561,TRUE,
"exp3","exp3_135","Neg P 0 C_1",5,"negative",,"path","no_motion","C","paper","1",,49.3192291468182,14.8439175778561,TRUE,
"exp3","exp3_075","Aff P 0 C_1",5,"affirmative",,"path","no_motion","C","paper","1",,42.2656641215581,14.8439175778561,TRUE,
"exp3","exp3_062","Neg C C C_1",4,"negative",,"conflated","conflated","C","paper","1",,30.4705521028836,14.8439175778561,TRUE,
"exp3","exp3_008","Neg C M A_1",4,"negative",,"conflated","manner","A","leaf","1",,40.6828085201957,14.8439175778561,TRUE,
"exp3","exp3_008","Neg P M C_1",4,"negative",,"path","manner","C","paper","1",,40.6828085201957,14.8439175778561,TRUE,
"exp3","exp3_133","Neg M C C_1",4,"negative",,"manner","conflated","C","paper","1",,32.5767159830825,14.8439175778561,TRUE,
"exp3","exp3_133","Neg M M C_1",4,"negative",,"manner","manner","C","paper","1",,32.5767159830825,14.8439175778561,TRUE,
"exp3","exp3_074","Neg P M D_1",4,"negative",,"path","manner","D","plank","1",,43.9676189388454,14.8439175778561,TRUE,
"exp3","exp3_139","Neg C M D_1",4,"negative",,"conflated","manner","D","plank","1",,40.2720859788875,14.8439175778561,TRUE,
"exp3","exp3_084","Neg P C D_1",4,"negative",,"path","conflated","D","plank","1",,43.8325843927261,14.8439175778561,TRUE,
"exp3","exp3_035","Neg M M E_1",4,"negative",,"manner","manner","E","chair","1",,43.4831907613491,14.8439175778561,TRUE,
"exp3","exp3_112","Neg M P B_1",4,"negative",,"manner","path","B","car","1",,37.871693274993,14.8439175778561,TRUE,
"exp3","exp3_048","Neg P C A_1",4,"negative",,"path","conflated","A","leaf","1",,45.7869737992911,14.8439175778561,TRUE,
"exp3","exp3_116","Neg M M B_1",4,"negative",,"manner","manner","B","car","1",,38.6651318922156,14.8439175778561,TRUE,
"exp3","exp3_053","Aff M 0 A_1",4,"affirmative",,"manner","no_motion","A","leaf","1",,36.0386997377525,14.8439175778561,TRUE,
"exp3","exp3_068","Neg C M B_1",4,"negative",,"conflated","manner","B","car","1",,46.7575143855525,14.8439175778561,TRUE,
"exp3","exp3_004","Neg M M D_1",4,"negative",,"manner","manner","D","plank","1",,39.7411129764387,14.8439175778561,TRUE,
"exp3","exp3_004","Neg P M C_1",4,"negative",,"path","manner","C","paper","1",,39.7411129764387,14.8439175778561,TRUE,
"exp3","exp3_004","Neg C M A_1",4,"negative",,"conflated","manner","A","leaf","1",,39.7411129764387,14.8439175778561,TRUE,
"exp3","exp3_110","Neg P C B_1",4,"negative",,"path","conflated","B","car","1",,41.161176176616,14.8439175778561,TRUE,
"exp3","exp3_094","Neg C M B_1",4,"negative",,"conflated","manner","B","car","1",,46.8585071995438,14.8439175778561,TRUE,
"exp3","exp3_136","Neg M P E_1",4,"negative",,"manner","path","E","chair","1",,44.9460956608193,14.8439175778561,TRUE,
"exp3","exp3_121","Neg C P D_1",3,"negative",,"conflated","path","D","plank","1",,49.323529943229,14.8439175778561,TRUE,
"exp3","exp3_139","Neg P M E_1",3,"negative",,"path","manner","E","chair","1",,40.2720859788875,14.8439175778561,TRUE,
"exp3","exp3_133","Neg C M E_1",3,"negative",,"conflated","manner","E","chair","1",,32.5767159830825,14.8439175778561,TRUE,
"exp3","exp3_073","Neg C M D_1",3,"negative",,"conflated","manner","D","plank","1",,39.1566395933362,14.8439175778561,TRUE,
"exp3","exp3_096","Neg M C D_1",3,"negative",,"manner","conflated","D","plank","1",,48.6417796474669,14.8439175778561,TRUE,
"exp3","exp3_089","Aff P M D_1",3,"affirmative",,"path","manner","D","plank","1",,26.8136102934629,14.8439175778561,TRUE,
"exp3","exp3_004","Aff M 0 C_1",3,"affirmative",,"manner","no_motion","C","paper","1",,39.7411129764387,14.8439175778561,TRUE,
"exp3","exp3_077","Neg P P B_1",3,"negative",,"path","path","B","car","1",,40.1507575686105,14.8439175778561,TRUE,
"exp3","exp3_064","Neg P M D_1",3,"negative",,"path","manner","D","plank","1",,47.6721759901556,14.8439175778561,TRUE,
"exp3","exp3_116","Neg M C B_1",3,"negative",,"manner","conflated","B","car","1",,38.6651318922156,14.8439175778561,TRUE,
"exp3","exp3_007","Aff P 0 B_1",3,"affirmative",,"path","no_motion","B","car","1",,46.1403491337226,14.8439175778561,TRUE,
"exp3","exp3_048","Neg C P B_1",3,"negative",,"conflated","path","B","car","1",,45.7869737992911,14.8439175778561,TRUE,
"exp3","exp3_012","Neg C P B_1",3,"negative",,"conflated","path","B","car","1",,28.9508465360085,14.8439175778561,TRUE,
"exp3","exp3_051","Aff C 0 C_1",3,"affirmative",,"conflated","no_motion","C","paper","1",,35.8594689747564,14.8439175778561,TRUE,
"exp3","exp3_015","Aff C 0 D_1",3,"affirmative",,"conflated","no_motion","D","plank","1",,41.7774587619455,14.8439175778561,TRUE,
"exp3","exp3_131","Neg C M B_1",3,"negative",,"conflated","manner","B","car","1",,46.6349459291869,14.8439175778561,TRUE,
"exp3","exp3_051","Neg M M E_1",3,"negative",,"manner","manner","E","chair","1",,35.8594689747564,14.8439175778561,TRUE,
"exp3","exp3_012","Neg M P D_1",3,"negative",,"manner","path","D","plank","1",,28.9508465360085,14.8439175778561,TRUE,
"exp3","exp3_126","Neg C C E_1",3,"negative",,"conflated","conflated","E","chair","1",,46.9803311519993,14.8439175778561,TRUE,
"exp3","exp3_093","Aff C 0 B_1",3,"affirmative",,"conflated","no_motion","B","car","1",,37.6904255987934,14.8439175778561,TRUE,
"exp3","exp3_039","Neg M C B_1",3,"negative",,"manner","conflated","B","car","1",,46.3334423369112,14.8439175778561,TRUE,
"exp3","exp3_032","Neg C P D_1",3,"negative",,"conflated","path","D","plank","1",,44.1567455981324,14.8439175778561,TRUE,
"exp3","exp3_039","Neg M M B_1",3,"negative",,"manner","manner","B","car","1",,46.3334423369112,14.8439175778561,TRUE,
"exp3","exp3_015","Neg M C A_1",2,"negative",,"manner","conflated","A","leaf","1",,41.7774587619455,14.8439175778561,TRUE,
"exp3","exp3_013","Aff C 0 E_1",2,"affirmative",,"conflated","no_motion","E","chair","1",,40.2375521877339,14.8439175778561,TRUE,
"exp3","exp3_048","Neg P P A_1",2,"negative",,"path","path","A","leaf","1",,45.7869737992911,14.8439175778561,TRUE,
"exp3","exp3_091","Neg C M A_1",2,"negative",,"conflated","manner","A","leaf","1",,38.7395147104349,14.8439175778561,TRUE,
"exp3","exp3_149","Neg C C E_1",2,"negative",,"conflated","conflated","E","chair","1",,31.3353078036823,14.8439175778561,TRUE,
"exp3","exp3_127","Aff P 0 A_1",2,"affirmative",,"path","no_motion","A","leaf","1",,34.4220683265661,14.8439175778561,TRUE,
"exp3","exp3_017","Neg C 0 C_1",2,"negative",,"conflated","no_motion","C","paper","1",,50.3035482813784,14.8439175778561,TRUE,
"exp3","exp3_041","Neg P P B_1",2,"negative",,"path","path","B","car","1",,43.3292538872324,14.8439175778561,TRUE,
"exp3","exp3_093","Aff M 0 C_1",2,"affirmative",,"manner","no_motion","C","paper","1",,37.6904255987934,14.8439175778561,TRUE,
"exp3","exp3_062","Aff P 0 A_1",2,"affirmative",,"path","no_motion","A","leaf","1",,30.4705521028836,14.8439175778561,TRUE,
"exp3","exp3_057","Neg P M C_1",2,"negative",,"path","manner","C","paper","1",,42.6408539342545,14.8439175778561,TRUE,
"exp3","exp3_050","Neg C C A_1",2,"negative",,"conflated","conflated","A","leaf","1",,48.9027327736117,14.8439175778561,TRUE,
"exp3","exp3_089","Neg P C B_1",2,"negative",,"path","conflated","B","car","1",,26.8136102934629,14.8439175778561,TRUE,
"exp3","exp3_041","Neg C P C_1",2,"negative",,"conflated","path","C","paper","1",,43.3292538872324,14.8439175778561,TRUE,
"exp3","exp3_051","Aff M 0 D_1",2,"affirmative",,"manner","no_motion","D","plank","1",,35.8594689747564,14.8439175778561,TRUE,
"exp3","exp3_121","Neg P C C_1",2,"negative",,"path","conflated","C","paper","1",,49.323529943229,14.8439175778561,TRUE,
"exp3","exp3_136","Aff P 0 A_1",2,"affirmative",,"path","no_motion","A","leaf","1",,44.9460956608193,14.8439175778561,TRUE,
"exp3","exp3_142","Neg M C B_1",2,"negative",,"manner","conflated","B","car","1",,51.3233215344967,14.8439175778561,TRUE,
"exp3","exp3_050","Neg M P C_1",2,"negative",,"manner","path","C","paper","1",,48.9027327736117,14.8439175778561,TRUE,
"exp3","exp3_077","Aff P 0 A_1",2,"affirmative",,"path","no_motion","A","leaf","1",,40.1507575686105,14.8439175778561,TRUE,
"exp3","exp3_050","Neg P C E_1",2,"negative",,"path","conflated","E","chair","1",,48.9027327736117,14.8439175778561,TRUE,
"exp3","exp3_085","Neg C C E_1",1,"negative",,"conflated","conflated","E","chair","1",,43.1572178730911,14.8439175778561,TRUE,
"exp3","exp3_096","Neg P M C_1",1,"negative",,"path","manner","C","paper","1",,48.6417796474669,14.8439175778561,TRUE,
"exp3","exp3_051","Neg P M D_1",1,"negative",,"path","manner","D","plank","1",,35.8594689747564,14.8439175778561,TRUE,
"exp3","exp3_044","Neg P P D_1",1,"negative",,"path","path","D","plank","1",,47.1146248927855,14.8439175778561,TRUE,
"exp3","exp3_007","Neg C P D_1",1,"negative",,"conflated","path","D","plank","1",,46.1403491337226,14.8439175778561,TRUE,
"exp3","exp3_076","Aff P 0 A_1",1,"affirmative",,"path","no_motion","A","leaf","1",,49.3610691893435,14.8439175778561,TRUE,
"exp3","exp3_016","Neg P C E_1",1,"negative",,"path","conflated","E","chair","1",,51.2766560390345,14.8439175778561,TRUE,
"exp3","exp3_112","Aff P 0 C_1",1,"affirmative",,"path","no_motion","C","paper","1",,37.871693274993,14.8439175778561,TRUE,
"exp3","exp3_003","Neg P P E_1",1,"negative",,"path","path","E","chair","1",,37.0146367445816,14.8439175778561,TRUE,
"exp3","exp3_054","Neg P 0 E_1",1,"negative",,"path","no_motion","E","chair","1",,41.4936103149593,14.8439175778561,TRUE,
"exp3","exp3_039","Aff M 0 A_1",1,"affirmative",,"manner","no_motion","A","leaf","1",,46.3334423369112,14.8439175778561,TRUE,
"exp3","exp3_068","Aff C 0 C_1",1,"affirmative",,"conflated","no_motion","C","paper","1",,46.7575143855525,14.8439175778561,TRUE,
"exp3","exp3_006","Aff P 0 A_1",1,"affirmative",,"path","no_motion","A","leaf","1",,50.5179236119281,14.8439175778561,TRUE,
"exp3","exp3_084","Neg C P E_1",1,"negative",,"conflated","path","E","chair","1",,43.8325843927261,14.8439175778561,TRUE,
"exp3","exp3_035","Aff M 0 D_1",1,"affirmative",,"manner","no_motion","D","plank","1",,43.4831907613491,14.8439175778561,TRUE,
"exp3","exp3_050","Neg C P A_1",1,"negative",,"conflated","path","A","leaf","1",,48.9027327736117,14.8439175778561,TRUE,
"exp3","exp3_097","Neg P C B_1",1,"negative",,"path","conflated","B","car","1",,32.6481471932408,14.8439175778561,TRUE,
"exp3","exp3_014","Neg P 0 D_1",1,"negative",,"path","no_motion","D","plank","1",,48.5114794287253,14.8439175778561,TRUE,
"exp3","exp3_054","Neg M C D_1",1,"negative",,"manner","conflated","D","plank","1",,41.4936103149593,14.8439175778561,TRUE,
"exp3","exp3_034","Neg M P B_1",1,"negative",,"manner","path","B","car","1",,28.4285387978668,14.8439175778561,TRUE,
"exp3","exp3_038","Neg P M A_1",0,"negative",,"path","manner","A","leaf","1",,52.2232967867094,14.8439175778561,TRUE,
"exp3","exp3_046","Aff P 0 A_1",0,"affirmative",,"path","no_motion","A","leaf","1",,49.2214384186403,14.8439175778561,TRUE,
"exp3","exp3_046","Neg P P B_1",0,"negative",,"path","path","B","car","1",,49.2214384186403,14.8439175778561,TRUE,
"exp3","exp3_046","Neg C P C_1",0,"negative",,"conflated","path","C","paper","1",,49.2214384186403,14.8439175778561,TRUE,
"exp3","exp3_046","Neg C 0 E_1",0,"negative",,"conflated","no_motion","E","chair","1",,49.2214384186403,14.8439175778561,TRUE,
"exp3","exp3_046","Neg P C B_1",0,"negative",,"path","conflated","B","car","1",,49.2214384186403,14.8439175778561,TRUE,
"exp3","exp3_046","Neg C C C_1",0,"negative",,"conflated","conflated","C","paper","1",,49.2214384186403,14.8439175778561,TRUE,
"exp3","exp3_046","Neg M P E_1",0,"negative",,"manner","path","E","chair","1",,49.2214384186403,14.8439175778561,TRUE,
"exp3","exp3_072","Aff M 0 D_1",0,"affirmative",,"manner","no_motion","D","plank","1",,46.313163257427,14.8439175778561,TRUE,
"exp3","exp3_138","Neg P P C_1",0,"negative",,"path","path","C","paper","1",,45.1750802853507,14.8439175778561,TRUE,
"exp3","exp3_092","Neg P P D_1",0,"negative",,"path","path","D","plank","1",,48.8742976389121,14.8439175778561,TRUE,
"exp3","exp3_092","Neg C P E_1",0,"negative",,"conflated","path","E","chair","1",,48.8742976389121,14.8439175778561,TRUE,
"exp3","exp3_137","Neg C C C_1",0,"negative",,"conflated","conflated","C","paper","1",,44.8816625846641,14.8439175778561,TRUE,
"exp3","exp3_138","Aff P 0 B_1",0,"affirmative",,"path","no_motion","B","car","1",,45.1750802853507,14.8439175778561,TRUE,
"exp3","exp3_138","Neg P C C_1",0,"negative",,"path","conflated","C","paper","1",,45.1750802853507,14.8439175778561,TRUE,
"exp3","exp3_072","Neg M M E_1",0,"negative",,"manner","manner","E","chair","1",,46.313163257427,14.8439175778561,TRUE,
"exp3","exp3_115","Neg C M B_1",0,"negative",,"conflated","manner","B","car","1",,20.8303028098853,14.8439175778561,TRUE,
"exp3","exp3_072","Neg M C E_1",0,"negative",,"manner","conflated","E","chair","1",,46.313163257427,14.8439175778561,TRUE,
"exp3","exp3_033","Aff C 0 B_1",0,"affirmative",,"conflated","no_motion","B","car","1",,47.4765492350985,14.8439175778561,TRUE,
"exp3","exp3_137","Neg P C B_1",0,"negative",,"path","conflated","B","car","1",,44.8816625846641,14.8439175778561,TRUE,
"exp3","exp3_033","Aff M 0 C_1",0,"affirmative",,"manner","no_motion","C","paper","1",,47.4765492350985,14.8439175778561,TRUE,
"exp3","exp3_058","Neg P P C_1",0,"negative",,"path","path","C","paper","1",,40.7998625963224,14.8439175778561,TRUE,
"exp3","exp3_058","Neg C P D_1",0,"negative",,"conflated","path","D","plank","1",,40.7998625963224,14.8439175778561,TRUE,
"exp3","exp3_122","Neg M M A_1",0,"negative",,"manner","manner","A","leaf","1",,48.7432979076005,14.8439175778561,TRUE,
"exp3","exp3_122","Neg P M E_1",0,"negative",,"path","manner","E","chair","1",,48.7432979076005,14.8439175778561,TRUE,
"exp3","exp3_072","Aff C 0 C_1",0,"affirmative",,"conflated","no_motion","C","paper","1",,46.313163257427,14.8439175778561,TRUE,
"exp3","exp3_058","Neg P C C_1",0,"negative",,"path","conflated","C","paper","1",,40.7998625963224,14.8439175778561,TRUE,
"exp3","exp3_058","Neg M P A_1",0,"negative",,"manner","path","A","leaf","1",,40.7998625963224,14.8439175778561,TRUE,
"exp3","exp3_058","Neg C C D_1",0,"negative",,"conflated","conflated","D","plank","1",,40.7998625963224,14.8439175778561,TRUE,
"exp3","exp3_072","Neg P M D_1",0,"negative",,"path","manner","D","plank","1",,46.313163257427,14.8439175778561,TRUE,
"exp3","exp3_122","Neg C M D_1",0,"negative",,"conflated","manner","D","plank","1",,48.7432979076005,14.8439175778561,TRUE,
"exp3","exp3_122","Aff M 0 E_1",0,"affirmative",,"manner","no_motion","E","chair","1",,48.7432979076005,14.8439175778561,TRUE,
"exp3","exp3_122","Aff C 0 D_1",0,"affirmative",,"conflated","no_motion","D","plank","1",,48.7432979076005,14.8439175778561,TRUE,
"exp3","exp3_122","Neg M C A_1",0,"negative",,"manner","conflated","A","leaf","1",,48.7432979076005,14.8439175778561,TRUE,
"exp3","exp3_033","Neg M M D_1",0,"negative",,"manner","manner","D","plank","1",,47.4765492350985,14.8439175778561,TRUE,
"exp3","exp3_092","Neg M P B_1",0,"negative",,"manner","path","B","car","1",,48.8742976389121,14.8439175778561,TRUE,
"exp3","exp3_109","Neg M C B_1",0,"negative",,"manner","conflated","B","car","1",,46.9551688186496,14.8439175778561,TRUE,
"exp3","exp3_115","Neg M C E_1",0,"negative",,"manner","conflated","E","chair","1",,20.8303028098853,14.8439175778561,TRUE,
"exp3","exp3_030","Neg P P D_1",0,"negative",,"path","path","D","plank","1",,45.2267016866645,14.8439175778561,TRUE,
"exp3","exp3_115","Aff M 0 D_1",0,"affirmative",,"manner","no_motion","D","plank","1",,20.8303028098853,14.8439175778561,TRUE,
"exp3","exp3_100","Neg P M E_1",0,"negative",,"path","manner","E","chair","1",,28.9925539029969,14.8439175778561,TRUE,
"exp3","exp3_115","Neg M M E_1",0,"negative",,"manner","manner","E","chair","1",,20.8303028098853,14.8439175778561,TRUE,
"exp3","exp3_119","Neg C M D_1",0,"negative",,"conflated","manner","D","plank","1",,52.2232967867094,14.8439175778561,TRUE,
"exp3","exp3_119","Neg M C A_1",0,"negative",,"manner","conflated","A","leaf","1",,52.2232967867094,14.8439175778561,TRUE,
"exp3","exp3_119","Aff M 0 E_1",0,"affirmative",,"manner","no_motion","E","chair","1",,52.2232967867094,14.8439175778561,TRUE,
"exp3","exp3_089","Neg M P E_1",0,"negative",,"manner","path","E","chair","1",,26.8136102934629,14.8439175778561,TRUE,
"exp3","exp3_089","Aff P 0 A_1",0,"affirmative",,"path","no_motion","A","leaf","1",,26.8136102934629,14.8439175778561,TRUE,
"exp3","exp3_089","Neg P P B_1",0,"negative",,"path","path","B","car","1",,26.8136102934629,14.8439175778561,TRUE,
"exp3","exp3_080","Neg P P C_1",0,"negative",,"path","path","C","paper","1",,52.2232967867094,14.8439175778561,TRUE,
"exp3","exp3_020","Aff C 0 A_1",0,"affirmative",,"conflated","no_motion","A","leaf","1",,52.2232967867094,14.8439175778561,TRUE,
"exp3","exp3_032","Neg P C C_1",0,"negative",,"path","conflated","C","paper","1",,44.1567455981324,14.8439175778561,TRUE,
"exp3","exp3_119","Aff C 0 D_1",0,"affirmative",,"conflated","no_motion","D","plank","1",,52.2232967867094,14.8439175778561,TRUE,
"exp3","exp3_109","Neg C M C_1",0,"negative",,"conflated","manner","C","paper","1",,46.9551688186496,14.8439175778561,TRUE,
"exp3","exp3_119","Neg P M E_1",0,"negative",,"path","manner","E","chair","1",,52.2232967867094,14.8439175778561,TRUE,
"exp3","exp3_123","Neg P C B_1",0,"negative",,"path","conflated","B","car","1",,44.0133416411915,14.8439175778561,TRUE,
"exp3","exp3_115","Aff C 0 C_1",0,"affirmative",,"conflated","no_motion","C","paper","1",,20.8303028098853,14.8439175778561,TRUE,
"exp3","exp3_106","Neg M C C_1",0,"negative",,"manner","conflated","C","paper","1",,50.0408166733251,14.8439175778561,TRUE,
"exp3","exp3_106","Neg P M B_1",0,"negative",,"path","manner","B","car","1",,50.0408166733251,14.8439175778561,TRUE,
"exp3","exp3_106","Neg C M E_1",0,"negative",,"conflated","manner","E","chair","1",,50.0408166733251,14.8439175778561,TRUE,
"exp3","exp3_106","Aff M 0 B_1",0,"affirmative",,"manner","no_motion","B","car","1",,50.0408166733251,14.8439175778561,TRUE,
"exp3","exp3_109","Aff C 0 E_1",0,"affirmative",,"conflated","no_motion","E","chair","1",,46.9551688186496,14.8439175778561,TRUE,
"exp3","exp3_119","Neg M M A_1",0,"negative",,"manner","manner","A","leaf","1",,52.2232967867094,14.8439175778561,TRUE,
"exp3","exp3_109","Neg M M B_1",0,"negative",,"manner","manner","B","car","1",,46.9551688186496,14.8439175778561,TRUE,
"exp3","exp3_106","Aff C 0 A_1",0,"affirmative",,"conflated","no_motion","A","leaf","1",,50.0408166733251,14.8439175778561,TRUE,
"exp3","exp3_123","Neg M P E_1",0,"negative",,"manner","path","E","chair","1",,44.0133416411915,14.8439175778561,TRUE,
"exp3","exp3_012","Neg P C A_1",0,"negative",,"path","conflated","A","leaf","1",,28.9508465360085,14.8439175778561,TRUE,
"exp3","exp3_123","Aff P 0 A_1",0,"affirmative",,"path","no_motion","A","leaf","1",,44.0133416411915,14.8439175778561,TRUE,
"exp3","exp3_123","Neg P P B_1",0,"negative",,"path","path","B","car","1",,44.0133416411915,14.8439175778561,TRUE,
"exp3","exp3_012","Neg P P A_1",0,"negative",,"path","path","A","leaf","1",,28.9508465360085,14.8439175778561,TRUE,
"exp3","exp3_109","Aff M 0 A_1",0,"affirmative",,"manner","no_motion","A","leaf","1",,46.9551688186496,14.8439175778561,TRUE,
"exp3","exp3_032","Aff P 0 B_1",0,"affirmative",,"path","no_motion","B","car","1",,44.1567455981324,14.8439175778561,TRUE,
"exp3","exp3_038","Aff C 0 E_1",0,"affirmative",,"conflated","no_motion","E","chair","1",,52.2232967867094,14.8439175778561,TRUE,
"exp3","exp3_045","Aff P 0 D_1",0,"affirmative",,"path","no_motion","D","plank","1",,50.1059483555202,14.8439175778561,TRUE,
"exp3","exp3_149","Neg C P E_1",0,"negative",,"conflated","path","E","chair","1",,31.3353078036823,14.8439175778561,TRUE,
"exp3","exp3_048","Neg C C B_1",0,"negative",,"conflated","conflated","B","car","1",,45.7869737992911,14.8439175778561,TRUE,
"exp3","exp3_073","Neg M M A_1",0,"negative",,"manner","manner","A","leaf","1",,39.1566395933362,14.8439175778561,TRUE,
"exp3","exp3_073","Neg P M E_1",0,"negative",,"path","manner","E","chair","1",,39.1566395933362,14.8439175778561,TRUE,
"exp3","exp3_074","Neg M C E_1",0,"negative",,"manner","conflated","E","chair","1",,43.9676189388454,14.8439175778561,TRUE,
"exp3","exp3_068","Neg M M E_1",0,"negative",,"manner","manner","E","chair","1",,46.7575143855525,14.8439175778561,TRUE,
"exp3","exp3_085","Aff P 0 C_1",0,"affirmative",,"path","no_motion","C","paper","1",,43.1572178730911,14.8439175778561,TRUE,
"exp3","exp3_149","Neg P P D_1",0,"negative",,"path","path","D","plank","1",,31.3353078036823,14.8439175778561,TRUE,
"exp3","exp3_068","Aff M 0 D_1",0,"affirmative",,"manner","no_motion","D","plank","1",,46.7575143855525,14.8439175778561,TRUE,
"exp3","exp3_068","Neg M C E_1",0,"negative",,"manner","conflated","E","chair","1",,46.7575143855525,14.8439175778561,TRUE,
"exp3","exp3_073","Aff C 0 D_1",0,"affirmative",,"conflated","no_motion","D","plank","1",,39.1566395933362,14.8439175778561,TRUE,
"exp3","exp3_113","Aff M 0 A_1",0,"affirmative",,"manner","no_motion","A","leaf","1",,41.2401503392022,14.8439175778561,TRUE,
"exp3","exp3_116","Neg C M C_1",0,"negative",,"conflated","manner","C","paper","1",,38.6651318922156,14.8439175778561,TRUE,
"exp3","exp3_116","Aff C 0 E_1",0,"affirmative",,"conflated","no_motion","E","chair","1",,38.6651318922156,14.8439175778561,TRUE,
"exp3","exp3_048","Aff P 0 E_1",0,"affirmative",,"path","no_motion","E","chair","1",,45.7869737992911,14.8439175778561,TRUE,
"exp3","exp3_116","Aff M 0 A_1",0,"affirmative",,"manner","no_motion","A","leaf","1",,38.6651318922156,14.8439175778561,TRUE,
"exp3","exp3_017","Neg C C A_1",0,"negative",,"conflated","conflated","A","leaf","1",,50.3035482813784,14.8439175778561,TRUE,
"exp3","exp3_056","Aff C 0 D_1",0,"affirmative",,"conflated","no_motion","D","plank","1",,50.7817671885085,14.8439175778561,TRUE,
"exp3","exp3_107","Neg M P E_1",0,"negative",,"manner","path","E","chair","1",,45.7592514242649,14.8439175778561,TRUE,
"exp3","exp3_076","Neg P P B_1",0,"negative",,"path","path","B","car","1",,49.3610691893435,14.8439175778561,TRUE,
"exp3","exp3_076","Neg C P C_1",0,"negative",,"conflated","path","C","paper","1",,49.3610691893435,14.8439175778561,TRUE,
"exp3","exp3_076","Neg P C B_1",0,"negative",,"path","conflated","B","car","1",,49.3610691893435,14.8439175778561,TRUE,
"exp3","exp3_017","Neg M P C_1",0,"negative",,"manner","path","C","paper","1",,50.3035482813784,14.8439175778561,TRUE,
"exp3","exp3_076","Neg C C C_1",0,"negative",,"conflated","conflated","C","paper","1",,49.3610691893435,14.8439175778561,TRUE,
"exp3","exp3_017","Aff P 0 D_1",0,"affirmative",,"path","no_motion","D","plank","1",,50.3035482813784,14.8439175778561,TRUE,
"exp3","exp3_017","Neg P C E_1",0,"negative",,"path","conflated","E","chair","1",,50.3035482813784,14.8439175778561,TRUE,
"exp3","exp3_064","Aff C 0 C_1",0,"affirmative",,"conflated","no_motion","C","paper","1",,47.6721759901556,14.8439175778561,TRUE,
"exp3","exp3_008","Aff M 0 C_1",0,"affirmative",,"manner","no_motion","C","paper","1",,40.6828085201957,14.8439175778561,TRUE,
"exp3","exp3_090","Neg P P D_1",0,"negative",,"path","path","D","plank","1",,51.4266173269929,14.8439175778561,TRUE,
"exp3","exp3_085","Neg C P E_1",0,"negative",,"conflated","path","E","chair","1",,43.1572178730911,14.8439175778561,TRUE,
"exp3","exp3_085","Neg P C D_1",0,"negative",,"path","conflated","D","plank","1",,43.1572178730911,14.8439175778561,TRUE,
"exp3","exp3_056","Aff M 0 E_1",0,"affirmative",,"manner","no_motion","E","chair","1",,50.7817671885085,14.8439175778561,TRUE,
"exp3","exp3_056","Neg C M D_1",0,"negative",,"conflated","manner","D","plank","1",,50.7817671885085,14.8439175778561,TRUE,
"exp3","exp3_045","Neg C C A_1",0,"negative",,"conflated","conflated","A","leaf","1",,50.1059483555202,14.8439175778561,TRUE,
"exp3","exp3_113","Neg M M B_1",0,"negative",,"manner","manner","B","car","1",,41.2401503392022,14.8439175778561,TRUE,
"exp3","exp3_103","Neg M M C_1",0,"negative",,"manner","manner","C","paper","1",,32.6129738080731,14.8439175778561,TRUE,
"exp3","exp3_030","Neg P C D_1",0,"negative",,"path","conflated","D","plank","1",,45.2267016866645,14.8439175778561,TRUE,
"exp3","exp3_137","Neg M P E_1",0,"negative",,"manner","path","E","chair","1",,44.8816625846641,14.8439175778561,TRUE,
"exp3","exp3_137","Aff P 0 A_1",0,"affirmative",,"path","no_motion","A","leaf","1",,44.8816625846641,14.8439175778561,TRUE,
"exp3","exp3_137","Neg P P B_1",0,"negative",,"path","path","B","car","1",,44.8816625846641,14.8439175778561,TRUE,
"exp3","exp3_078","Aff C 0 A_1",0,"affirmative",,"conflated","no_motion","A","leaf","1",,41.5352168939111,14.8439175778561,TRUE,
"exp3","exp3_128","Neg P P A_1",0,"negative",,"path","path","A","leaf","1",,39.5332617915444,14.8439175778561,TRUE,
"exp3","exp3_114","Aff M P C_1",0,"affirmative",,"manner","path","C","paper","1",,38.6460237477952,14.8439175778561,TRUE,
"exp3","exp3_033","Neg P M C_1",0,"negative",,"path","manner","C","paper","1",,47.4765492350985,14.8439175778561,TRUE,
"exp3","exp3_045","Neg C P A_1",0,"negative",,"conflated","path","A","leaf","1",,50.1059483555202,14.8439175778561,TRUE,
"exp3","exp3_045","Neg P P E_1",0,"negative",,"path","path","E","chair","1",,50.1059483555202,14.8439175778561,TRUE,
"exp3","exp3_128","Aff P 0 E_1",0,"affirmative",,"path","no_motion","E","chair","1",,39.5332617915444,14.8439175778561,TRUE,
"exp3","exp3_045","Neg M P C_1",0,"negative",,"manner","path","C","paper","1",,50.1059483555202,14.8439175778561,TRUE,
"exp3","exp3_128","Neg C C B_1",0,"negative",,"conflated","conflated","B","car","1",,39.5332617915444,14.8439175778561,TRUE,
"exp3","exp3_045","Neg P C E_1",0,"negative",,"path","conflated","E","chair","1",,50.1059483555202,14.8439175778561,TRUE,
"exp3","exp3_112","Neg C C E_1",0,"negative",,"conflated","conflated","E","chair","1",,37.871693274993,14.8439175778561,TRUE,
"exp3","exp3_059","Neg C C E_1",0,"negative",,"conflated","conflated","E","chair","1",,45.2336526640656,14.8439175778561,TRUE,
"exp3","exp3_114","Neg C P A_1",0,"negative",,"conflated","path","A","leaf","1",,38.6460237477952,14.8439175778561,TRUE,
"exp3","exp3_114","Neg M P C_1",0,"negative",,"manner","path","C","paper","1",,38.6460237477952,14.8439175778561,TRUE,
"exp3","exp3_059","Aff P 0 C_1",0,"affirmative",,"path","no_motion","C","paper","1",,45.2336526640656,14.8439175778561,TRUE,
"exp3","exp3_059","Neg P C D_1",0,"negative",,"path","conflated","D","plank","1",,45.2336526640656,14.8439175778561,TRUE,
"exp3","exp3_078","Neg M M C_1",0,"negative",,"manner","manner","C","paper","1",,41.5352168939111,14.8439175778561,TRUE,
"exp3","exp3_059","Neg C P E_1",0,"negative",,"conflated","path","E","chair","1",,45.2336526640656,14.8439175778561,TRUE,
"exp3","exp3_078","Neg M C C_1",0,"negative",,"manner","conflated","C","paper","1",,41.5352168939111,14.8439175778561,TRUE,
"exp3","exp3_078","Neg P M B_1",0,"negative",,"path","manner","B","car","1",,41.5352168939111,14.8439175778561,TRUE,
"exp3","exp3_114","Neg P P E_1",0,"negative",,"path","path","E","chair","1",,38.6460237477952,14.8439175778561,TRUE,
"exp3","exp3_078","Neg C M E_1",0,"negative",,"conflated","manner","E","chair","1",,41.5352168939111,14.8439175778561,TRUE,
"exp3","exp3_113","Aff C 0 E_1",0,"affirmative",,"conflated","no_motion","E","chair","1",,41.2401503392022,14.8439175778561,TRUE,
"exp3","exp3_113","Neg M C B_1",0,"negative",,"manner","conflated","B","car","1",,41.2401503392022,14.8439175778561,TRUE,
"exp3","exp3_059","Neg P P D_1",0,"negative",,"path","path","D","plank","1",,45.2336526640656,14.8439175778561,TRUE,
"exp3","exp3_033","Neg M C D_1",0,"negative",,"manner","conflated","D","plank","1",,47.4765492350985,14.8439175778561,TRUE,
"exp3","exp3_030","Aff P 0 C_1",0,"affirmative",,"path","no_motion","C","paper","1",,45.2267016866645,14.8439175778561,TRUE,
"exp3","exp3_114","Neg P C E_1",0,"negative",,"path","conflated","E","chair","1",,38.6460237477952,14.8439175778561,TRUE,
"exp3","exp3_078","Aff M 0 B_1",0,"affirmative",,"manner","no_motion","B","car","1",,41.5352168939111,14.8439175778561,TRUE,
"exp3","exp3_089","Neg M 0 D_1",0,"negative",,"manner","no_motion","D","plank","1",,26.8136102934629,14.8439175778561,TRUE,
"exp3","exp3_089","Neg C P C_1",0,"negative",,"conflated","path","C","paper","1",,26.8136102934629,14.8439175778561,TRUE,
"exp3","exp3_041","Aff P 0 A_1",0,"affirmative",,"path","no_motion","A","leaf","1",,43.3292538872324,14.8439175778561,TRUE,
"exp3","exp3_006","Neg C P C_1",0,"negative",,"conflated","path","C","paper","1",,50.5179236119281,14.8439175778561,TRUE,
"exp3","exp3_006","Neg P P B_1",0,"negative",,"path","path","B","car","1",,50.5179236119281,14.8439175778561,TRUE,
"exp3","exp3_084","Neg M P B_1",0,"negative",,"manner","path","B","car","1",,43.8325843927261,14.8439175778561,TRUE,
"exp3","exp3_098","Neg P C E_1",0,"negative",,"path","conflated","E","chair","1",,50.5181485540923,14.8439175778561,TRUE,
"exp3","exp3_084","Neg C C E_1",0,"negative",,"conflated","conflated","E","chair","1",,43.8325843927261,14.8439175778561,TRUE,
"exp3","exp3_098","Neg M P C_1",0,"negative",,"manner","path","C","paper","1",,50.5181485540923,14.8439175778561,TRUE,
"exp3","exp3_006","Neg P C B_1",0,"negative",,"path","conflated","B","car","1",,50.5179236119281,14.8439175778561,TRUE,
"exp3","exp3_098","Neg P P E_1",0,"negative",,"path","path","E","chair","1",,50.5181485540923,14.8439175778561,TRUE,
"exp3","exp3_098","Neg C P A_1",0,"negative",,"conflated","path","A","leaf","1",,50.5181485540923,14.8439175778561,TRUE,
"exp3","exp3_091","Aff M 0 C_1",0,"affirmative",,"manner","no_motion","C","paper","1",,38.7395147104349,14.8439175778561,TRUE,
"exp3","exp3_091","Neg M M D_1",0,"negative",,"manner","manner","D","plank","1",,38.7395147104349,14.8439175778561,TRUE,
"exp3","exp3_091","Neg P M C_1",0,"negative",,"path","manner","C","paper","1",,38.7395147104349,14.8439175778561,TRUE,
"exp3","exp3_099","Neg M P E_1",0,"negative",,"manner","path","E","chair","1",,45.8740039938116,14.8439175778561,TRUE,
"exp3","exp3_003","Neg C P A_1",0,"negative",,"conflated","path","A","leaf","1",,37.0146367445816,14.8439175778561,TRUE,
"exp3","exp3_091","Aff C 0 B_1",0,"affirmative",,"conflated","no_motion","B","car","1",,38.7395147104349,14.8439175778561,TRUE,
"exp3","exp3_003","Neg M P C_1",0,"negative",,"manner","path","C","paper","1",,37.0146367445816,14.8439175778561,TRUE,
"exp3","exp3_098","Aff P 0 D_1",0,"affirmative",,"path","no_motion","D","plank","1",,50.5181485540923,14.8439175778561,TRUE,
"exp3","exp3_099","Aff P 0 A_1",0,"affirmative",,"path","no_motion","A","leaf","1",,45.8740039938116,14.8439175778561,TRUE,
"exp3","exp3_148","Aff C 0 C_1",0,"affirmative",,"conflated","no_motion","C","paper","1",,47.8317759222756,14.8439175778561,TRUE,
"exp3","exp3_049","Neg M M C_1",0,"negative",,"manner","manner","C","paper","1",,50.8982943096953,14.8439175778561,TRUE,
"exp3","exp3_019","Neg P 0 A_1",0,"negative",,"path","no_motion","A","leaf","1",,38.1538949121803,14.8439175778561,TRUE,
"exp3","exp3_049","Neg M C C_1",0,"negative",,"manner","conflated","C","paper","1",,50.8982943096953,14.8439175778561,TRUE,
"exp3","exp3_049","Neg P M B_1",0,"negative",,"path","manner","B","car","1",,50.8982943096953,14.8439175778561,TRUE,
"exp3","exp3_049","Neg C M E_1",0,"negative",,"conflated","manner","E","chair","1",,50.8982943096953,14.8439175778561,TRUE,
"exp3","exp3_098","Neg C C A_1",0,"negative",,"conflated","conflated","A","leaf","1",,50.5181485540923,14.8439175778561,TRUE,
"exp3","exp3_049","Aff M 0 B_1",0,"affirmative",,"manner","no_motion","B","car","1",,50.8982943096953,14.8439175778561,TRUE,
"exp3","exp3_019","Aff M 0 D_1",0,"affirmative",,"manner","no_motion","D","plank","1",,38.1538949121803,14.8439175778561,TRUE,
"exp3","exp3_049","Aff C 0 A_1",0,"affirmative",,"conflated","no_motion","A","leaf","1",,50.8982943096953,14.8439175778561,TRUE,
"exp3","exp3_019","Aff C 0 C_1",0,"affirmative",,"conflated","no_motion","C","paper","1",,38.1538949121803,14.8439175778561,TRUE,
"exp3","exp3_148","Neg C M B_1",0,"negative",,"conflated","manner","B","car","1",,47.8317759222756,14.8439175778561,TRUE,
"exp3","exp3_148","Neg P M D_1",0,"negative",,"path","manner","D","plank","1",,47.8317759222756,14.8439175778561,TRUE,
"exp3","exp3_006","Neg C C C_1",0,"negative",,"conflated","conflated","C","paper","1",,50.5179236119281,14.8439175778561,TRUE,
"exp3","exp3_148","Aff C P C_1",0,"affirmative",,"conflated","path","C","paper","1",,47.8317759222756,14.8439175778561,TRUE,
"exp3","exp3_148","Neg M C E_1",0,"negative",,"manner","conflated","E","chair","1",,47.8317759222756,14.8439175778561,TRUE,
"exp3","exp3_101","Aff P 0 B_1",0,"affirmative",,"path","no_motion","B","car","1",,38.8434113597223,14.8439175778561,TRUE,
"exp3","exp3_006","Neg M P E_1",0,"negative",,"manner","path","E","chair","1",,50.5179236119281,14.8439175778561,TRUE,
"exp3","exp3_060","Neg P C E_1",0,"negative",,"path","conflated","E","chair","1",,45.842285627084,14.8439175778561,TRUE,
"exp3","exp3_003","Aff P 0 D_1",0,"affirmative",,"path","no_motion","D","plank","1",,37.0146367445816,14.8439175778561,TRUE,
"exp3","exp3_029","Neg C C C_1",0,"negative",,"conflated","conflated","C","paper","1",,49.9474724085213,14.8439175778561,TRUE,
"exp3","exp3_029","Neg P C B_1",0,"negative",,"path","conflated","B","car","1",,49.9474724085213,14.8439175778561,TRUE,
"exp3","exp3_060","Aff P 0 D_1",0,"affirmative",,"path","no_motion","D","plank","1",,45.842285627084,14.8439175778561,TRUE,
"exp3","exp3_060","Neg C C A_1",0,"negative",,"conflated","conflated","A","leaf","1",,45.842285627084,14.8439175778561,TRUE,
"exp3","exp3_060","Neg M P C_1",0,"negative",,"manner","path","C","paper","1",,45.842285627084,14.8439175778561,TRUE,
"exp3","exp3_074","Neg C M B_1",0,"negative",,"conflated","manner","B","car","1",,43.9676189388454,14.8439175778561,TRUE,
"exp3","exp3_063","Neg M M B_1",0,"negative",,"manner","manner","B","car","1",,44.7182255570332,14.8439175778561,TRUE,
"exp3","exp3_074","Aff C 0 C_1",0,"affirmative",,"conflated","no_motion","C","paper","1",,43.9676189388454,14.8439175778561,TRUE,
"exp3","exp3_029","Neg P P B_1",0,"negative",,"path","path","B","car","1",,49.9474724085213,14.8439175778561,TRUE,
"exp3","exp3_029","Aff P 0 A_1",0,"affirmative",,"path","no_motion","A","leaf","1",,49.9474724085213,14.8439175778561,TRUE,
"exp3","exp3_029","Neg M P E_1",0,"negative",,"manner","path","E","chair","1",,49.9474724085213,14.8439175778561,TRUE,
"exp3","exp3_074","Neg M M E_1",0,"negative",,"manner","manner","E","chair","1",,43.9676189388454,14.8439175778561,TRUE,
"exp3","exp3_029","Neg C P C_1",0,"negative",,"conflated","path","C","paper","1",,49.9474724085213,14.8439175778561,TRUE,
"exp3","exp3_010","Neg P P E_1",0,"negative",,"path","path","E","chair","1",,46.84371178006,14.8439175778561,TRUE,
"exp3","exp3_060","Neg P P E_1",0,"negative",,"path","path","E","chair","1",,45.842285627084,14.8439175778561,TRUE,
"exp3","exp3_079","Neg C C D_1",0,"negative",,"conflated","conflated","D","plank","1",,41.7706581081491,14.8439175778561,TRUE,
"exp3","exp3_063","Neg M C B_1",0,"negative",,"manner","conflated","B","car","1",,44.7182255570332,14.8439175778561,TRUE,
"exp3","exp3_105","Neg M M C_1",0,"negative",,"manner","manner","C","paper","1",,49.0979231801719,14.8439175778561,TRUE,
"exp3","exp3_063","Aff M 0 A_1",0,"affirmative",,"manner","no_motion","A","leaf","1",,44.7182255570332,14.8439175778561,TRUE,
"exp3","exp3_105","Neg M C C_1",0,"negative",,"manner","conflated","C","paper","1",,49.0979231801719,14.8439175778561,TRUE,
"exp3","exp3_105","Neg P M B_1",0,"negative",,"path","manner","B","car","1",,49.0979231801719,14.8439175778561,TRUE,
"exp3","exp3_105","Neg C M E_1",0,"negative",,"conflated","manner","E","chair","1",,49.0979231801719,14.8439175778561,TRUE,
"exp3","exp3_060","Neg C P A_1",0,"negative",,"conflated","path","A","leaf","1",,45.842285627084,14.8439175778561,TRUE,
"exp3","exp3_105","Aff M 0 B_1",0,"affirmative",,"manner","no_motion","B","car","1",,49.0979231801719,14.8439175778561,TRUE,
"exp3","exp3_079","Neg P P C_1",0,"negative",,"path","path","C","paper","1",,41.7706581081491,14.8439175778561,TRUE,
"exp3","exp3_063","Aff C 0 E_1",0,"affirmative",,"conflated","no_motion","E","chair","1",,44.7182255570332,14.8439175778561,TRUE,
"exp3","exp3_079","Neg C P D_1",0,"negative",,"conflated","path","D","plank","1",,41.7706581081491,14.8439175778561,TRUE,
"exp3","exp3_079","Aff P 0 B_1",0,"affirmative",,"path","no_motion","B","car","1",,41.7706581081491,14.8439175778561,TRUE,
"exp3","exp3_079","Neg P C C_1",0,"negative",,"path","conflated","C","paper","1",,41.7706581081491,14.8439175778561,TRUE,
"exp3","exp3_079","Neg M P A_1",0,"negative",,"manner","path","A","leaf","1",,41.7706581081491,14.8439175778561,TRUE,
"exp3","exp3_105","Aff C 0 A_1",0,"affirmative",,"conflated","no_motion","A","leaf","1",,49.0979231801719,14.8439175778561,TRUE,
"exp3","exp3_148","Aff M 0 D_1",0,"affirmative",,"manner","no_motion","D","plank","1",,47.8317759222756,14.8439175778561,TRUE,
"exp3","exp3_139","Aff C 0 D_1",0,"affirmative",,"conflated","no_motion","D","plank","1",,40.2720859788875,14.8439175778561,TRUE,
"exp3","exp3_099","Neg P P B_1",0,"negative",,"path","path","B","car","1",,45.8740039938116,14.8439175778561,TRUE,
"exp3","exp3_083","Neg C M B_1",0,"negative",,"conflated","manner","B","car","1",,52.2232967867094,14.8439175778561,TRUE,
"exp3","exp3_083","Neg P M D_1",0,"negative",,"path","manner","D","plank","1",,52.2232967867094,14.8439175778561,TRUE,
"exp3","exp3_050","Aff P 0 D_1",0,"affirmative",,"path","no_motion","D","plank","1",,48.9027327736117,14.8439175778561,TRUE,
"exp3","exp3_039","Neg C M C_1",0,"negative",,"conflated","manner","C","paper","1",,46.3334423369112,14.8439175778561,TRUE,
"exp3","exp3_080","Neg C C D_1",0,"negative",,"conflated","conflated","D","plank","1",,52.2232967867094,14.8439175778561,TRUE,
"exp3","exp3_117","Neg C C D_1",0,"negative",,"conflated","conflated","D","plank","1",,47.8643126373128,14.8439175778561,TRUE,
"exp3","exp3_010","Aff P 0 D_1",0,"affirmative",,"path","no_motion","D","plank","1",,46.84371178006,14.8439175778561,TRUE,
"exp3","exp3_005","Neg P P D_1",0,"negative",,"path","path","D","plank","1",,51.4928650544437,14.8439175778561,TRUE,
"exp3","exp3_005","Neg C P E_1",0,"negative",,"conflated","path","E","chair","1",,51.4928650544437,14.8439175778561,TRUE,
"exp3","exp3_005","Neg P C D_1",0,"negative",,"path","conflated","D","plank","1",,51.4928650544437,14.8439175778561,TRUE,
"exp3","exp3_005","Aff P M A_1",0,"affirmative",,"path","manner","A","leaf","1",,51.4928650544437,14.8439175778561,TRUE,
"exp3","exp3_005","Aff P 0 C_1",0,"affirmative",,"path","no_motion","C","paper","1",,51.4928650544437,14.8439175778561,TRUE,
"exp3","exp3_005","Neg M P B_1",0,"negative",,"manner","path","B","car","1",,51.4928650544437,14.8439175778561,TRUE,
"exp3","exp3_005","Neg C C E_1",0,"negative",,"conflated","conflated","E","chair","1",,51.4928650544437,14.8439175778561,TRUE,
"exp3","exp3_052","Neg P M B_1",0,"negative",,"path","manner","B","car","1",,16.2002151126758,14.8439175778561,TRUE,
"exp3","exp3_117","Neg M P A_1",0,"negative",,"manner","path","A","leaf","1",,47.8643126373128,14.8439175778561,TRUE,
"exp3","exp3_083","Aff C 0 C_1",0,"affirmative",,"conflated","no_motion","C","paper","1",,52.2232967867094,14.8439175778561,TRUE,
"exp3","exp3_083","Aff M 0 D_1",0,"affirmative",,"manner","no_motion","D","plank","1",,52.2232967867094,14.8439175778561,TRUE,
"exp3","exp3_032","Neg P P C_1",0,"negative",,"path","path","C","paper","1",,44.1567455981324,14.8439175778561,TRUE,
"exp3","exp3_089","Neg C 0 E_1",0,"negative",,"conflated","no_motion","E","chair","1",,26.8136102934629,14.8439175778561,TRUE,
"exp3","exp3_041","Neg M P E_1",0,"negative",,"manner","path","E","chair","1",,43.3292538872324,14.8439175778561,TRUE,
"exp3","exp3_080","Neg C P D_1",0,"negative",,"conflated","path","D","plank","1",,52.2232967867094,14.8439175778561,TRUE,
"exp3","exp3_020","Aff M 0 B_1",0,"affirmative",,"manner","no_motion","B","car","1",,52.2232967867094,14.8439175778561,TRUE,
"exp3","exp3_020","Neg C M E_1",0,"negative",,"conflated","manner","E","chair","1",,52.2232967867094,14.8439175778561,TRUE,
"exp3","exp3_083","Neg M C E_1",0,"negative",,"manner","conflated","E","chair","1",,52.2232967867094,14.8439175778561,TRUE,
"exp3","exp3_080","Aff P 0 B_1",0,"affirmative",,"path","no_motion","B","car","1",,52.2232967867094,14.8439175778561,TRUE,
"exp3","exp3_020","Neg P M B_1",0,"negative",,"path","manner","B","car","1",,52.2232967867094,14.8439175778561,TRUE,
"exp3","exp3_020","Neg M C C_1",0,"negative",,"manner","conflated","C","paper","1",,52.2232967867094,14.8439175778561,TRUE,
"exp3","exp3_080","Neg M P A_1",0,"negative",,"manner","path","A","leaf","1",,52.2232967867094,14.8439175778561,TRUE,
"exp3","exp3_020","Neg M M C_1",0,"negative",,"manner","manner","C","paper","1",,52.2232967867094,14.8439175778561,TRUE,
"exp3","exp3_010","Neg C C A_1",0,"negative",,"conflated","conflated","A","leaf","1",,46.84371178006,14.8439175778561,TRUE,
"exp3","exp3_083","Neg M M E_1",0,"negative",,"manner","manner","E","chair","1",,52.2232967867094,14.8439175778561,TRUE,
"exp3","exp3_080","Neg P C C_1",0,"negative",,"path","conflated","C","paper","1",,52.2232967867094,14.8439175778561,TRUE,
"exp3","exp3_052","Neg C M E_1",0,"negative",,"conflated","manner","E","chair","1",,16.2002151126758,14.8439175778561,TRUE,
"exp3","exp3_117","Neg P C C_1",0,"negative",,"path","conflated","C","paper","1",,47.8643126373128,14.8439175778561,TRUE,
"exp3","exp3_052","Aff M 0 B_1",0,"affirmative",,"manner","no_motion","B","car","1",,16.2002151126758,14.8439175778561,TRUE,
"exp3","exp3_117","Neg P P C_1",0,"negative",,"path","path","C","paper","1",,47.8643126373128,14.8439175778561,TRUE,
"exp3","exp3_126","Neg P C D_1",0,"negative",,"path","conflated","D","plank","1",,46.9803311519993,14.8439175778561,TRUE,
"exp3","exp3_148","Neg M M E_1",0,"negative",,"manner","manner","E","chair","1",,47.8317759222756,14.8439175778561,TRUE,
"exp3","exp3_126","Neg C P E_1",0,"negative",,"conflated","path","E","chair","1",,46.9803311519993,14.8439175778561,TRUE,
"exp3","exp3_126","Neg P P D_1",0,"negative",,"path","path","D","plank","1",,46.9803311519993,14.8439175778561,TRUE,
"exp3","exp3_070","Neg M M E_1",0,"negative",,"manner","manner","E","chair","1",,41.9916117164542,14.8439175778561,TRUE,
"exp3","exp3_088","Neg M P A_1",0,"negative",,"manner","path","A","leaf","1",,50.1200830732824,14.8439175778561,TRUE,
"exp3","exp3_099","Neg P C B_1",0,"negative",,"path","conflated","B","car","1",,45.8740039938116,14.8439175778561,TRUE,
"exp3","exp3_070","Neg M C E_1",0,"negative",,"manner","conflated","E","chair","1",,41.9916117164542,14.8439175778561,TRUE,
"exp3","exp3_070","Aff C 0 C_1",0,"affirmative",,"conflated","no_motion","C","paper","1",,41.9916117164542,14.8439175778561,TRUE,
"exp3","exp3_070","Neg C M B_1",0,"negative",,"conflated","manner","B","car","1",,41.9916117164542,14.8439175778561,TRUE,
"exp3","exp3_070","Neg P M D_1",0,"negative",,"path","manner","D","plank","1",,41.9916117164542,14.8439175778561,TRUE,
"exp3","exp3_099","Neg C P C_1",0,"negative",,"conflated","path","C","paper","1",,45.8740039938116,14.8439175778561,TRUE,
"exp3","exp3_010","Neg M P C_1",0,"negative",,"manner","path","C","paper","1",,46.84371178006,14.8439175778561,TRUE,
"exp3","exp3_070","Aff M 0 D_1",0,"affirmative",,"manner","no_motion","D","plank","1",,41.9916117164542,14.8439175778561,TRUE,
"exp3","exp3_088","Neg P C C_1",0,"negative",,"path","conflated","C","paper","1",,50.1200830732824,14.8439175778561,TRUE,
"exp3","exp3_088","Aff P 0 B_1",0,"affirmative",,"path","no_motion","B","car","1",,50.1200830732824,14.8439175778561,TRUE,
"exp3","exp3_117","Neg C P D_1",0,"negative",,"conflated","path","D","plank","1",,47.8643126373128,14.8439175778561,TRUE,
"exp3","exp3_065","Aff M 0 A_1",0,"affirmative",,"manner","no_motion","A","leaf","1",,52.2232967867094,14.8439175778561,TRUE,
"exp3","exp3_065","Neg M M B_1",0,"negative",,"manner","manner","B","car","1",,52.2232967867094,14.8439175778561,TRUE,
"exp3","exp3_065","Aff C 0 E_1",0,"affirmative",,"conflated","no_motion","E","chair","1",,52.2232967867094,14.8439175778561,TRUE,
"exp3","exp3_065","Neg P M A_1",0,"negative",,"path","manner","A","leaf","1",,52.2232967867094,14.8439175778561,TRUE,
"exp3","exp3_065","Neg M C B_1",0,"negative",,"manner","conflated","B","car","1",,52.2232967867094,14.8439175778561,TRUE,
"exp3","exp3_031","Neg C C C_1",0,"negative",,"conflated","conflated","C","paper","1",,27.955998976747,14.8439175778561,TRUE,
"exp3","exp3_065","Neg C M C_1",0,"negative",,"conflated","manner","C","paper","1",,52.2232967867094,14.8439175778561,TRUE,
"exp3","exp3_002","Aff M 0 A_1",0,"affirmative",,"manner","no_motion","A","leaf","1",,36.2967566795512,14.8439175778561,TRUE,
"exp3","exp3_126","Neg M P B_1",0,"negative",,"manner","path","B","car","1",,46.9803311519993,14.8439175778561,TRUE,
"exp3","exp3_052","Aff C 0 A_1",0,"affirmative",,"conflated","no_motion","A","leaf","1",,16.2002151126758,14.8439175778561,TRUE,
"exp3","exp3_002","Neg M M B_1",0,"negative",,"manner","manner","B","car","1",,36.2967566795512,14.8439175778561,TRUE,
"exp3","exp3_088","Neg P P C_1",0,"negative",,"path","path","C","paper","1",,50.1200830732824,14.8439175778561,TRUE,
"exp3","exp3_010","Neg P C E_1",0,"negative",,"path","conflated","E","chair","1",,46.84371178006,14.8439175778561,TRUE,
"exp3","exp3_002","Aff C 0 E_1",0,"affirmative",,"conflated","no_motion","E","chair","1",,36.2967566795512,14.8439175778561,TRUE,
"exp3","exp3_117","Aff P 0 B_1",0,"affirmative",,"path","no_motion","B","car","1",,47.8643126373128,14.8439175778561,TRUE,
"exp3","exp3_107","Aff P 0 A_1",0,"affirmative",,"path","no_motion","A","leaf","1",,45.7592514242649,14.8439175778561,TRUE,
"exp3","exp3_107","Neg P P B_1",0,"negative",,"path","path","B","car","1",,45.7592514242649,14.8439175778561,TRUE,
"exp3","exp3_008","Aff C 0 B_1",0,"affirmative",,"conflated","no_motion","B","car","1",,40.6828085201957,14.8439175778561,TRUE,
"exp3","exp3_054","Aff C 0 B_1",0,"affirmative",,"conflated","no_motion","B","car","1",,41.4936103149593,14.8439175778561,TRUE,
"exp3","exp3_094","Aff M 0 D_1",0,"affirmative",,"manner","no_motion","D","plank","1",,46.8585071995438,14.8439175778561,TRUE,
"exp3","exp3_037","Neg C C C_1",0,"negative",,"conflated","conflated","C","paper","1",,52.2232967867094,14.8439175778561,TRUE,
"exp3","exp3_061","Neg P C B_1",0,"negative",,"path","conflated","B","car","1",,51.4266173269929,14.8439175778561,TRUE,
"exp3","exp3_094","Neg M M E_1",0,"negative",,"manner","manner","E","chair","1",,46.8585071995438,14.8439175778561,TRUE,
"exp3","exp3_134","Neg P M E_1",0,"negative",,"path","manner","E","chair","1",,48.3744078344462,14.8439175778561,TRUE,
"exp3","exp3_134","Neg C M D_1",0,"negative",,"conflated","manner","D","plank","1",,48.3744078344462,14.8439175778561,TRUE,
"exp3","exp3_037","Neg P C B_1",0,"negative",,"path","conflated","B","car","1",,52.2232967867094,14.8439175778561,TRUE,
"exp3","exp3_134","Aff M 0 E_1",0,"affirmative",,"manner","no_motion","E","chair","1",,48.3744078344462,14.8439175778561,TRUE,
"exp3","exp3_044","Neg P C D_1",0,"negative",,"path","conflated","D","plank","1",,47.1146248927855,14.8439175778561,TRUE,
"exp3","exp3_044","Aff P 0 C_1",0,"affirmative",,"path","no_motion","C","paper","1",,47.1146248927855,14.8439175778561,TRUE,
"exp3","exp3_061","Neg C P C_1",0,"negative",,"conflated","path","C","paper","1",,51.4266173269929,14.8439175778561,TRUE,
"exp3","exp3_055","Neg M M C_1",0,"negative",,"manner","manner","C","paper","1",,45.3440551046478,14.8439175778561,TRUE,
"exp3","exp3_135","Neg C M C_1",0,"negative",,"conflated","manner","C","paper","1",,49.3192291468182,14.8439175778561,TRUE,
"exp3","exp3_057","Aff C 0 B_1",0,"affirmative",,"conflated","no_motion","B","car","1",,42.6408539342545,14.8439175778561,TRUE,
"exp3","exp3_134","Aff C 0 D_1",0,"affirmative",,"conflated","no_motion","D","plank","1",,48.3744078344462,14.8439175778561,TRUE,
"exp3","exp3_057","Aff M 0 C_1",0,"affirmative",,"manner","no_motion","C","paper","1",,42.6408539342545,14.8439175778561,TRUE,
"exp3","exp3_094","Aff C 0 C_1",0,"affirmative",,"conflated","no_motion","C","paper","1",,46.8585071995438,14.8439175778561,TRUE,
"exp3","exp3_037","Neg C P C_1",0,"negative",,"conflated","path","C","paper","1",,52.2232967867094,14.8439175778561,TRUE,
"exp3","exp3_121","Neg M P A_1",0,"negative",,"manner","path","A","leaf","1",,49.323529943229,14.8439175778561,TRUE,
"exp3","exp3_121","Neg P P C_1",0,"negative",,"path","path","C","paper","1",,49.323529943229,14.8439175778561,TRUE,
"exp3","exp3_051","Neg C M B_1",0,"negative",,"conflated","manner","B","car","1",,35.8594689747564,14.8439175778561,TRUE,
"exp3","exp3_026","Neg M P E_1",0,"negative",,"manner","path","E","chair","1",,43.757250481457,14.8439175778561,TRUE,
"exp3","exp3_026","Aff P 0 A_1",0,"affirmative",,"path","no_motion","A","leaf","1",,43.757250481457,14.8439175778561,TRUE,
"exp3","exp3_026","Neg P P B_1",0,"negative",,"path","path","B","car","1",,43.757250481457,14.8439175778561,TRUE,
"exp3","exp3_061","Neg C C C_1",0,"negative",,"conflated","conflated","C","paper","1",,51.4266173269929,14.8439175778561,TRUE,
"exp3","exp3_051","Neg M C E_1",0,"negative",,"manner","conflated","E","chair","1",,35.8594689747564,14.8439175778561,TRUE,
"exp3","exp3_026","Neg P C B_1",0,"negative",,"path","conflated","B","car","1",,43.757250481457,14.8439175778561,TRUE,
"exp3","exp3_090","Aff P 0 C_1",0,"affirmative",,"path","no_motion","C","paper","1",,51.4266173269929,14.8439175778561,TRUE,
"exp3","exp3_037","Neg M P E_1",0,"negative",,"manner","path","E","chair","1",,52.2232967867094,14.8439175778561,TRUE,
"exp3","exp3_037","Aff P 0 A_1",0,"affirmative",,"path","no_motion","A","leaf","1",,52.2232967867094,14.8439175778561,TRUE,
"exp3","exp3_094","Neg P M D_1",0,"negative",,"path","manner","D","plank","1",,46.8585071995438,14.8439175778561,TRUE,
"exp3","exp3_037","Neg P P B_1",0,"negative",,"path","path","B","car","1",,52.2232967867094,14.8439175778561,TRUE,
"exp3","exp3_026","Neg C P C_1",0,"negative",,"conflated","path","C","paper","1",,43.757250481457,14.8439175778561,TRUE,
"exp3","exp3_121","Neg C C D_1",0,"negative",,"conflated","conflated","D","plank","1",,49.323529943229,14.8439175778561,TRUE,
"exp3","exp3_057","Neg M M D_1",0,"negative",,"manner","manner","D","plank","1",,42.6408539342545,14.8439175778561,TRUE,
"exp3","exp3_057","Neg M C D_1",0,"negative",,"manner","conflated","D","plank","1",,42.6408539342545,14.8439175778561,TRUE,
"exp3","exp3_042","Neg P M D_1",0,"negative",,"path","manner","D","plank","1",,42.2749836478294,14.8439175778561,TRUE,
"exp3","exp3_067","Neg C C B_1",0,"negative",,"conflated","conflated","B","car","1",,52.2232967867094,14.8439175778561,TRUE,
"exp3","exp3_067","Aff P 0 E_1",0,"affirmative",,"path","no_motion","E","chair","1",,52.2232967867094,14.8439175778561,TRUE,
"exp3","exp3_067","Neg M P D_1",0,"negative",,"manner","path","D","plank","1",,52.2232967867094,14.8439175778561,TRUE,
"exp3","exp3_018","Neg C P D_1",0,"negative",,"conflated","path","D","plank","1",,44.7155148994985,14.8439175778561,TRUE,
"exp3","exp3_061","Neg M P E_1",0,"negative",,"manner","path","E","chair","1",,51.4266173269929,14.8439175778561,TRUE,
"exp3","exp3_018","Neg P P C_1",0,"negative",,"path","path","C","paper","1",,44.7155148994985,14.8439175778561,TRUE,
"exp3","exp3_018","Neg P C C_1",0,"negative",,"path","conflated","C","paper","1",,44.7155148994985,14.8439175778561,TRUE,
"exp3","exp3_055","Neg C M E_1",0,"negative",,"conflated","manner","E","chair","1",,45.3440551046478,14.8439175778561,TRUE,
"exp3","exp3_018","Neg C C D_1",0,"negative",,"conflated","conflated","D","plank","1",,44.7155148994985,14.8439175778561,TRUE,
"exp3","exp3_067","Neg C P B_1",0,"negative",,"conflated","path","B","car","1",,52.2232967867094,14.8439175778561,TRUE,
"exp3","exp3_067","Neg P C A_1",0,"negative",,"path","conflated","A","leaf","1",,52.2232967867094,14.8439175778561,TRUE,
"exp3","exp3_067","Neg P P A_1",0,"negative",,"path","path","A","leaf","1",,52.2232967867094,14.8439175778561,TRUE,
"exp3","exp3_110","Neg M P E_1",0,"negative",,"manner","path","E","chair","1",,41.161176176616,14.8439175778561,TRUE,
"exp3","exp3_018","Neg M P A_1",0,"negative",,"manner","path","A","leaf","1",,44.7155148994985,14.8439175778561,TRUE,
"exp3","exp3_055","Neg M C C_1",0,"negative",,"manner","conflated","C","paper","1",,45.3440551046478,14.8439175778561,TRUE,
"exp3","exp3_022","Neg M P E_1",0,"negative",,"manner","path","E","chair","1",,43.6774506693064,14.8439175778561,TRUE,
"exp3","exp3_022","Neg P P B_1",0,"negative",,"path","path","B","car","1",,43.6774506693064,14.8439175778561,TRUE,
"exp3","exp3_061","Neg P P B_1",0,"negative",,"path","path","B","car","1",,51.4266173269929,14.8439175778561,TRUE,
"exp3","exp3_135","Neg P M A_1",0,"negative",,"path","manner","A","leaf","1",,49.3192291468182,14.8439175778561,TRUE,
"exp3","exp3_135","Aff C 0 E_1",0,"affirmative",,"conflated","no_motion","E","chair","1",,49.3192291468182,14.8439175778561,TRUE,
"exp3","exp3_135","Neg M M B_1",0,"negative",,"manner","manner","B","car","1",,49.3192291468182,14.8439175778561,TRUE,
"exp3","exp3_055","Neg P M B_1",0,"negative",,"path","manner","B","car","1",,45.3440551046478,14.8439175778561,TRUE,
"exp3","exp3_135","Aff M 0 A_1",0,"affirmative",,"manner","no_motion","A","leaf","1",,49.3192291468182,14.8439175778561,TRUE,
"exp3","exp3_061","Aff P 0 A_1",0,"affirmative",,"path","no_motion","A","leaf","1",,51.4266173269929,14.8439175778561,TRUE,
"exp3","exp3_042","Neg M M E_1",0,"negative",,"manner","manner","E","chair","1",,42.2749836478294,14.8439175778561,TRUE,
"exp3","exp3_022","Neg P C B_1",0,"negative",,"path","conflated","B","car","1",,43.6774506693064,14.8439175778561,TRUE,
"exp3","exp3_042","Aff M 0 D_1",0,"affirmative",,"manner","no_motion","D","plank","1",,42.2749836478294,14.8439175778561,TRUE,
"exp3","exp3_042","Neg M C E_1",0,"negative",,"manner","conflated","E","chair","1",,42.2749836478294,14.8439175778561,TRUE,
"exp3","exp3_022","Neg C P C_1",0,"negative",,"conflated","path","C","paper","1",,43.6774506693064,14.8439175778561,TRUE,
"exp3","exp3_042","Aff C 0 C_1",0,"affirmative",,"conflated","no_motion","C","paper","1",,42.2749836478294,14.8439175778561,TRUE,
"exp3","exp3_042","Neg C M B_1",0,"negative",,"conflated","manner","B","car","1",,42.2749836478294,14.8439175778561,TRUE,
"exp3","exp3_076","Neg M P E_1",0,"negative",,"manner","path","E","chair","1",,49.3610691893435,14.8439175778561,TRUE,
"exp3","exp3_110","Aff P 0 A_1",0,"affirmative",,"path","no_motion","A","leaf","1",,41.161176176616,14.8439175778561,TRUE,
"exp3","exp3_090","Neg M P B_1",0,"negative",,"manner","path","B","car","1",,51.4266173269929,14.8439175778561,TRUE,
"exp3","exp3_043","Neg C M E_1",0,"negative",,"conflated","manner","E","chair","1",,44.2551144108243,14.8439175778561,TRUE,
"exp3","exp3_124","Neg P M B_1",0,"negative",,"path","manner","B","car","1",,39.0107793960965,14.8439175778561,TRUE,
"exp3","exp3_124","Neg M C C_1",0,"negative",,"manner","conflated","C","paper","1",,39.0107793960965,14.8439175778561,TRUE,
"exp3","exp3_124","Neg M M C_1",0,"negative",,"manner","manner","C","paper","1",,39.0107793960965,14.8439175778561,TRUE,
"exp3","exp3_082","Neg P P B_1",0,"negative",,"path","path","B","car","1",,48.280352362451,14.8439175778561,TRUE,
"exp3","exp3_071","Neg C C A_1",0,"negative",,"conflated","conflated","A","leaf","1",,41.879607390131,14.8439175778561,TRUE,
"exp3","exp3_071","Aff P 0 D_1",0,"affirmative",,"path","no_motion","D","plank","1",,41.879607390131,14.8439175778561,TRUE,
"exp3","exp3_124","Neg C M E_1",0,"negative",,"conflated","manner","E","chair","1",,39.0107793960965,14.8439175778561,TRUE,
"exp3","exp3_108","Aff C 0 A_1",0,"affirmative",,"conflated","no_motion","A","leaf","1",,37.7250820831687,14.8439175778561,TRUE,
"exp3","exp3_108","Aff M 0 B_1",0,"affirmative",,"manner","no_motion","B","car","1",,37.7250820831687,14.8439175778561,TRUE,
"exp3","exp3_108","Neg C M E_1",0,"negative",,"conflated","manner","E","chair","1",,37.7250820831687,14.8439175778561,TRUE,
"exp3","exp3_108","Neg P M B_1",0,"negative",,"path","manner","B","car","1",,37.7250820831687,14.8439175778561,TRUE,
"exp3","exp3_025","Aff C 0 B_1",0,"affirmative",,"conflated","no_motion","B","car","1",,40.8752722166823,14.8439175778561,TRUE,
"exp3","exp3_108","Neg M C C_1",0,"negative",,"manner","conflated","C","paper","1",,37.7250820831687,14.8439175778561,TRUE,
"exp3","exp3_127","Neg M P E_1",0,"negative",,"manner","path","E","chair","1",,34.4220683265661,14.8439175778561,TRUE,
"exp3","exp3_096","Neg C M A_1",0,"negative",,"conflated","manner","A","leaf","1",,48.6417796474669,14.8439175778561,TRUE,
"exp3","exp3_096","Aff C P B_1",0,"affirmative",,"conflated","path","B","car","1",,48.6417796474669,14.8439175778561,TRUE,
"exp3","exp3_124","Aff M 0 B_1",0,"affirmative",,"manner","no_motion","B","car","1",,39.0107793960965,14.8439175778561,TRUE,
"exp3","exp3_047","Aff C 0 A_1",0,"affirmative",,"conflated","no_motion","A","leaf","1",,51.4928650544437,14.8439175778561,TRUE,
"exp3","exp3_038","Neg M M B_1",0,"negative",,"manner","manner","B","car","1",,52.2232967867094,14.8439175778561,TRUE,
"exp3","exp3_038","Aff M 0 A_1",0,"affirmative",,"manner","no_motion","A","leaf","1",,52.2232967867094,14.8439175778561,TRUE,
"exp3","exp3_015","Neg M M A_1",0,"negative",,"manner","manner","A","leaf","1",,41.7774587619455,14.8439175778561,TRUE,
"exp3","exp3_096","Aff C 0 B_1",0,"affirmative",,"conflated","no_motion","B","car","1",,48.6417796474669,14.8439175778561,TRUE,
"exp3","exp3_015","Neg P M E_1",0,"negative",,"path","manner","E","chair","1",,41.7774587619455,14.8439175778561,TRUE,
"exp3","exp3_082","Neg P C B_1",0,"negative",,"path","conflated","B","car","1",,48.280352362451,14.8439175778561,TRUE,
"exp3","exp3_124","Aff C 0 A_1",0,"affirmative",,"conflated","no_motion","A","leaf","1",,39.0107793960965,14.8439175778561,TRUE,
"exp3","exp3_038","Neg M C B_1",0,"negative",,"manner","conflated","B","car","1",,52.2232967867094,14.8439175778561,TRUE,
"exp3","exp3_096","Neg M M D_1",0,"negative",,"manner","manner","D","plank","1",,48.6417796474669,14.8439175778561,TRUE,
"exp3","exp3_141","Neg M M E_1",0,"negative",,"manner","manner","E","chair","1",,47.8218759375018,14.8439175778561,TRUE,
"exp3","exp3_047","Neg M M C_1",0,"negative",,"manner","manner","C","paper","1",,51.4928650544437,14.8439175778561,TRUE,
"exp3","exp3_047","Neg M C C_1",0,"negative",,"manner","conflated","C","paper","1",,51.4928650544437,14.8439175778561,TRUE,
"exp3","exp3_047","Neg P M B_1",0,"negative",,"path","manner","B","car","1",,51.4928650544437,14.8439175778561,TRUE,
"exp3","exp3_047","Neg C M E_1",0,"negative",,"conflated","manner","E","chair","1",,51.4928650544437,14.8439175778561,TRUE,
"exp3","exp3_096","Aff M 0 C_1",0,"affirmative",,"manner","no_motion","C","paper","1",,48.6417796474669,14.8439175778561,TRUE,
"exp3","exp3_141","Aff C 0 C_1",0,"affirmative",,"conflated","no_motion","C","paper","1",,47.8218759375018,14.8439175778561,TRUE,
"exp3","exp3_081","Neg P M E_1",0,"negative",,"path","manner","E","chair","1",,44.9494665758621,14.8439175778561,TRUE,
"exp3","exp3_071","Neg P C E_1",0,"negative",,"path","conflated","E","chair","1",,41.879607390131,14.8439175778561,TRUE,
"exp3","exp3_016","Aff P 0 D_1",0,"affirmative",,"path","no_motion","D","plank","1",,51.2766560390345,14.8439175778561,TRUE,
"exp3","exp3_016","Neg M P C_1",0,"negative",,"manner","path","C","paper","1",,51.2766560390345,14.8439175778561,TRUE,
"exp3","exp3_016","Neg P P E_1",0,"negative",,"path","path","E","chair","1",,51.2766560390345,14.8439175778561,TRUE,
"exp3","exp3_016","Neg C P A_1",0,"negative",,"conflated","path","A","leaf","1",,51.2766560390345,14.8439175778561,TRUE,
"exp3","exp3_144","Neg C P A_1",0,"negative",,"conflated","path","A","leaf","1",,46.5372936145807,14.8439175778561,TRUE,
"exp3","exp3_144","Neg P P E_1",0,"negative",,"path","path","E","chair","1",,46.5372936145807,14.8439175778561,TRUE,
"exp3","exp3_016","Neg C C A_1",0,"negative",,"conflated","conflated","A","leaf","1",,51.2766560390345,14.8439175778561,TRUE,
"exp3","exp3_144","Neg M P C_1",0,"negative",,"manner","path","C","paper","1",,46.5372936145807,14.8439175778561,TRUE,
"exp3","exp3_141","Neg M C E_1",0,"negative",,"manner","conflated","E","chair","1",,47.8218759375018,14.8439175778561,TRUE,
"exp3","exp3_144","Neg P C E_1",0,"negative",,"path","conflated","E","chair","1",,46.5372936145807,14.8439175778561,TRUE,
"exp3","exp3_038","Neg C M C_1",0,"negative",,"conflated","manner","C","paper","1",,52.2232967867094,14.8439175778561,TRUE,
"exp3","exp3_043","Aff M 0 B_1",0,"affirmative",,"manner","no_motion","B","car","1",,44.2551144108243,14.8439175778561,TRUE,
"exp3","exp3_090","Neg C C E_1",0,"negative",,"conflated","conflated","E","chair","1",,51.4266173269929,14.8439175778561,TRUE,
"exp3","exp3_127","Neg P C B_1",0,"negative",,"path","conflated","B","car","1",,34.4220683265661,14.8439175778561,TRUE,
"exp3","exp3_141","Aff M 0 D_1",0,"affirmative",,"manner","no_motion","D","plank","1",,47.8218759375018,14.8439175778561,TRUE,
"exp3","exp3_108","Neg M M C_1",0,"negative",,"manner","manner","C","paper","1",,37.7250820831687,14.8439175778561,TRUE,
"exp3","exp3_043","Aff C 0 A_1",0,"affirmative",,"conflated","no_motion","A","leaf","1",,44.2551144108243,14.8439175778561,TRUE,
"exp3","exp3_009","Neg C M D_1",0,"negative",,"conflated","manner","D","plank","1",,40.153021698437,14.8439175778561,TRUE,
"exp3","exp3_071","Neg M P C_1",0,"negative",,"manner","path","C","paper","1",,41.879607390131,14.8439175778561,TRUE,
"exp3","exp3_071","Neg P P E_1",0,"negative",,"path","path","E","chair","1",,41.879607390131,14.8439175778561,TRUE,
"exp3","exp3_081","Neg C M D_1",0,"negative",,"conflated","manner","D","plank","1",,44.9494665758621,14.8439175778561,TRUE,
"exp3","exp3_081","Aff M 0 E_1",0,"affirmative",,"manner","no_motion","E","chair","1",,44.9494665758621,14.8439175778561,TRUE,
"exp3","exp3_081","Aff C 0 D_1",0,"affirmative",,"conflated","no_motion","D","plank","1",,44.9494665758621,14.8439175778561,TRUE,
"exp3","exp3_071","Neg C P A_1",0,"negative",,"conflated","path","A","leaf","1",,41.879607390131,14.8439175778561,TRUE,
"exp3","exp3_009","Neg P M E_1",0,"negative",,"path","manner","E","chair","1",,40.153021698437,14.8439175778561,TRUE,
"exp3","exp3_025","Aff M 0 C_1",0,"affirmative",,"manner","no_motion","C","paper","1",,40.8752722166823,14.8439175778561,TRUE,
"exp3","exp3_025","Neg P M C_1",0,"negative",,"path","manner","C","paper","1",,40.8752722166823,14.8439175778561,TRUE,
"exp3","exp3_009","Aff C 0 D_1",0,"affirmative",,"conflated","no_motion","D","plank","1",,40.153021698437,14.8439175778561,TRUE,
"exp3","exp3_082","Aff P 0 A_1",0,"affirmative",,"path","no_motion","A","leaf","1",,48.280352362451,14.8439175778561,TRUE,
"exp3","exp3_082","Neg M P E_1",0,"negative",,"manner","path","E","chair","1",,48.280352362451,14.8439175778561,TRUE,
"exp3","exp3_025","Neg M C D_1",0,"negative",,"manner","conflated","D","plank","1",,40.8752722166823,14.8439175778561,TRUE,
"exp3","exp3_009","Aff M 0 E_1",0,"affirmative",,"manner","no_motion","E","chair","1",,40.153021698437,14.8439175778561,TRUE,
"exp3","exp3_025","Neg M M D_1",0,"negative",,"manner","manner","D","plank","1",,40.8752722166823,14.8439175778561,TRUE,
"exp3","exp3_055","Aff M 0 B_1",0,"affirmative",,"manner","no_motion","B","car","1",,45.3440551046478,14.8439175778561,TRUE,
"exp3","exp3_074","Aff M 0 D_1",0,"affirmative",,"manner","no_motion","D","plank","1",,43.9676189388454,14.8439175778561,TRUE,
"exp3","exp3_125","Aff P 0 C_1",0,"affirmative",,"path","no_motion","C","paper","1",,40.0473204944835,14.8439175778561,TRUE,
"exp3","exp3_143","Neg P P D_1",0,"negative",,"path","path","D","plank","1",,50.9589109583457,14.8439175778561,TRUE,
"exp3","exp3_149","Aff P 0 C_1",0,"affirmative",,"path","no_motion","C","paper","1",,31.3353078036823,14.8439175778561,TRUE,
"exp3","exp3_040","Neg P C A_1",0,"negative",,"path","conflated","A","leaf","1",,48.0160168984046,14.8439175778561,TRUE,
"exp3","exp3_140","Neg C M D_1",0,"negative",,"conflated","manner","D","plank","1",,49.8235522984498,14.8439175778561,TRUE,
"exp3","exp3_130","Neg P C B_1",0,"negative",,"path","conflated","B","car","1",,48.0273754006898,14.8439175778561,TRUE,
"exp3","exp3_130","Aff P 0 A_1",0,"affirmative",,"path","no_motion","A","leaf","1",,48.0273754006898,14.8439175778561,TRUE,
"exp3","exp3_064","Neg M M E_1",0,"negative",,"manner","manner","E","chair","1",,47.6721759901556,14.8439175778561,TRUE,
"exp3","exp3_075","Neg P C D_1",0,"negative",,"path","conflated","D","plank","1",,42.2656641215581,14.8439175778561,TRUE,
"exp3","exp3_140","Neg M C A_1",0,"negative",,"manner","conflated","A","leaf","1",,49.8235522984498,14.8439175778561,TRUE,
"exp3","exp3_075","Neg C P E_1",0,"negative",,"conflated","path","E","chair","1",,42.2656641215581,14.8439175778561,TRUE,
"exp3","exp3_007","Neg P C C_1",0,"negative",,"path","conflated","C","paper","1",,46.1403491337226,14.8439175778561,TRUE,
"exp3","exp3_140","Neg P M E_1",0,"negative",,"path","manner","E","chair","1",,49.8235522984498,14.8439175778561,TRUE,
"exp3","exp3_090","Neg C P E_1",0,"negative",,"conflated","path","E","chair","1",,51.4266173269929,14.8439175778561,TRUE,
"exp3","exp3_011","Neg P C E_1",0,"negative",,"path","conflated","E","chair","1",,34.7793913202353,14.8439175778561,TRUE,
"exp3","exp3_130","Neg M P E_1",0,"negative",,"manner","path","E","chair","1",,48.0273754006898,14.8439175778561,TRUE,
"exp3","exp3_147","Neg M P E_1",0,"negative",,"manner","path","E","chair","1",,47.3561618018824,14.8439175778561,TRUE,
"exp3","exp3_147","Aff P 0 A_1",0,"affirmative",,"path","no_motion","A","leaf","1",,47.3561618018824,14.8439175778561,TRUE,
"exp3","exp3_027","Neg P C A_1",0,"negative",,"path","conflated","A","leaf","1",,44.5121706203296,14.8439175778561,TRUE,
"exp3","exp3_132","Neg P M C_1",0,"negative",,"path","manner","C","paper","1",,48.5526112645454,14.8439175778561,TRUE,
"exp3","exp3_147","Neg P P B_1",0,"negative",,"path","path","B","car","1",,47.3561618018824,14.8439175778561,TRUE,
"exp3","exp3_040","Neg M P D_1",0,"negative",,"manner","path","D","plank","1",,48.0160168984046,14.8439175778561,TRUE,
"exp3","exp3_056","Neg P M E_1",0,"negative",,"path","manner","E","chair","1",,50.7817671885085,14.8439175778561,TRUE,
"exp3","exp3_130","Neg C C C_1",0,"negative",,"conflated","conflated","C","paper","1",,48.0273754006898,14.8439175778561,TRUE,
"exp3","exp3_140","Aff M 0 E_1",0,"affirmative",,"manner","no_motion","E","chair","1",,49.8235522984498,14.8439175778561,TRUE,
"exp3","exp3_147","Neg P C B_1",0,"negative",,"path","conflated","B","car","1",,47.3561618018824,14.8439175778561,TRUE,
"exp3","exp3_140","Aff C 0 D_1",0,"affirmative",,"conflated","no_motion","D","plank","1",,49.8235522984498,14.8439175778561,TRUE,
"exp3","exp3_040","Neg P P A_1",0,"negative",,"path","path","A","leaf","1",,48.0160168984046,14.8439175778561,TRUE,
"exp3","exp3_130","Neg C P C_1",0,"negative",,"conflated","path","C","paper","1",,48.0273754006898,14.8439175778561,TRUE,
"exp3","exp3_132","Aff M 0 C_1",0,"affirmative",,"manner","no_motion","C","paper","1",,48.5526112645454,14.8439175778561,TRUE,
"exp3","exp3_132","Neg M C D_1",0,"negative",,"manner","conflated","D","plank","1",,48.5526112645454,14.8439175778561,TRUE,
"exp3","exp3_132","Aff C 0 B_1",0,"affirmative",,"conflated","no_motion","B","car","1",,48.5526112645454,14.8439175778561,TRUE,
"exp3","exp3_120","Aff C 0 B_1",0,"affirmative",,"conflated","no_motion","B","car","1",,50.0129528676867,14.8439175778561,TRUE,
"exp3","exp3_130","Neg P P B_1",0,"negative",,"path","path","B","car","1",,48.0273754006898,14.8439175778561,TRUE,
"exp3","exp3_143","Neg C C E_1",0,"negative",,"conflated","conflated","E","chair","1",,50.9589109583457,14.8439175778561,TRUE,
"exp3","exp3_007","Neg P P C_1",0,"negative",,"path","path","C","paper","1",,46.1403491337226,14.8439175778561,TRUE,
"exp3","exp3_120","Aff M 0 C_1",0,"affirmative",,"manner","no_motion","C","paper","1",,50.0129528676867,14.8439175778561,TRUE,
"exp3","exp3_120","Neg P M C_1",0,"negative",,"path","manner","C","paper","1",,50.0129528676867,14.8439175778561,TRUE,
"exp3","exp3_120","Neg C M A_1",0,"negative",,"conflated","manner","A","leaf","1",,50.0129528676867,14.8439175778561,TRUE,
"exp3","exp3_143","Neg M P B_1",0,"negative",,"manner","path","B","car","1",,50.9589109583457,14.8439175778561,TRUE,
"exp3","exp3_120","Neg M C D_1",0,"negative",,"manner","conflated","D","plank","1",,50.0129528676867,14.8439175778561,TRUE,
"exp3","exp3_125","Neg C C E_1",0,"negative",,"conflated","conflated","E","chair","1",,40.0473204944835,14.8439175778561,TRUE,
"exp3","exp3_143","Aff P 0 C_1",0,"affirmative",,"path","no_motion","C","paper","1",,50.9589109583457,14.8439175778561,TRUE,
"exp3","exp3_125","Neg M P B_1",0,"negative",,"manner","path","B","car","1",,40.0473204944835,14.8439175778561,TRUE,
"exp3","exp3_055","Aff C 0 A_1",0,"affirmative",,"conflated","no_motion","A","leaf","1",,45.3440551046478,14.8439175778561,TRUE,
"exp3","exp3_027","Neg P P A_1",0,"negative",,"path","path","A","leaf","1",,44.5121706203296,14.8439175778561,TRUE,
"exp3","exp3_125","Neg P C D_1",0,"negative",,"path","conflated","D","plank","1",,40.0473204944835,14.8439175778561,TRUE,
"exp3","exp3_143","Neg P C D_1",0,"negative",,"path","conflated","D","plank","1",,50.9589109583457,14.8439175778561,TRUE,
"exp3","exp3_125","Neg C P E_1",0,"negative",,"conflated","path","E","chair","1",,40.0473204944835,14.8439175778561,TRUE,
"exp3","exp3_125","Neg P P D_1",0,"negative",,"path","path","D","plank","1",,40.0473204944835,14.8439175778561,TRUE,
"exp3","exp3_149","Neg M P B_1",0,"negative",,"manner","path","B","car","1",,31.3353078036823,14.8439175778561,TRUE,
"exp3","exp3_143","Neg C P E_1",0,"negative",,"conflated","path","E","chair","1",,50.9589109583457,14.8439175778561,TRUE,
"exp3","exp3_027","Neg M P D_1",0,"negative",,"manner","path","D","plank","1",,44.5121706203296,14.8439175778561,TRUE,
"exp3","exp3_040","Neg C P B_1",0,"negative",,"conflated","path","B","car","1",,48.0160168984046,14.8439175778561,TRUE,
"exp3","exp3_028","Neg C C D_1",0,"negative",,"conflated","conflated","D","plank","1",,52.2232967867094,14.8439175778561,TRUE,
"exp3","exp3_034","Neg P C D_1",0,"negative",,"path","conflated","D","plank","1",,28.4285387978668,14.8439175778561,TRUE,
"exp3","exp3_111","Neg P C C_1",0,"negative",,"path","conflated","C","paper","1",,46.0246146264708,14.8439175778561,TRUE,
"exp3","exp3_014","Neg M C C_1",0,"negative",,"manner","conflated","C","paper","1",,48.5114794287253,14.8439175778561,TRUE,
"exp3","exp3_034","Aff P 0 C_1",0,"affirmative",,"path","no_motion","C","paper","1",,28.4285387978668,14.8439175778561,TRUE,
"exp3","exp3_007","Neg M P A_1",0,"negative",,"manner","path","A","leaf","1",,46.1403491337226,14.8439175778561,TRUE,
"exp3","exp3_111","Aff P 0 B_1",0,"affirmative",,"path","no_motion","B","car","1",,46.0246146264708,14.8439175778561,TRUE,
"exp3","exp3_064","Neg M C E_1",0,"negative",,"manner","conflated","E","chair","1",,47.6721759901556,14.8439175778561,TRUE,
"exp3","exp3_142","Aff M 0 A_1",0,"affirmative",,"manner","no_motion","A","leaf","1",,51.3233215344967,14.8439175778561,TRUE,
"exp3","exp3_142","Neg M M B_1",0,"negative",,"manner","manner","B","car","1",,51.3233215344967,14.8439175778561,TRUE,
"exp3","exp3_142","Aff C 0 E_1",0,"affirmative",,"conflated","no_motion","E","chair","1",,51.3233215344967,14.8439175778561,TRUE,
"exp3","exp3_014","Neg M M C_1",0,"negative",,"manner","manner","C","paper","1",,48.5114794287253,14.8439175778561,TRUE,
"exp3","exp3_027","Neg C C B_1",0,"negative",,"conflated","conflated","B","car","1",,44.5121706203296,14.8439175778561,TRUE,
"exp3","exp3_017","Neg C P A_1",0,"negative",,"conflated","path","A","leaf","1",,50.3035482813784,14.8439175778561,TRUE,
"exp3","exp3_107","Neg P C B_1",0,"negative",,"path","conflated","B","car","1",,45.7592514242649,14.8439175778561,TRUE,
"exp3","exp3_142","Neg P M A_1",0,"negative",,"path","manner","A","leaf","1",,51.3233215344967,14.8439175778561,TRUE,
"exp3","exp3_131","Aff C 0 C_1",0,"affirmative",,"conflated","no_motion","C","paper","1",,46.6349459291869,14.8439175778561,TRUE,
"exp3","exp3_054","Neg M M D_1",0,"negative",,"manner","manner","D","plank","1",,41.4936103149593,14.8439175778561,TRUE,
"exp3","exp3_111","Neg C P D_1",0,"negative",,"conflated","path","D","plank","1",,46.0246146264708,14.8439175778561,TRUE,
"exp3","exp3_131","Neg M C E_1",0,"negative",,"manner","conflated","E","chair","1",,46.6349459291869,14.8439175778561,TRUE,
"exp3","exp3_054","Aff M 0 C_1",0,"affirmative",,"manner","no_motion","C","paper","1",,41.4936103149593,14.8439175778561,TRUE,
"exp3","exp3_131","Aff M 0 D_1",0,"affirmative",,"manner","no_motion","D","plank","1",,46.6349459291869,14.8439175778561,TRUE,
"exp3","exp3_131","Neg M M E_1",0,"negative",,"manner","manner","E","chair","1",,46.6349459291869,14.8439175778561,TRUE,
"exp3","exp3_111","Neg P P C_1",0,"negative",,"path","path","C","paper","1",,46.0246146264708,14.8439175778561,TRUE,
"exp3","exp3_107","Neg C P C_1",0,"negative",,"conflated","path","C","paper","1",,45.7592514242649,14.8439175778561,TRUE,
"exp3","exp3_017","Neg P P E_1",0,"negative",,"path","path","E","chair","1",,50.3035482813784,14.8439175778561,TRUE,
"exp3","exp3_027","Aff P 0 E_1",0,"affirmative",,"path","no_motion","E","chair","1",,44.5121706203296,14.8439175778561,TRUE,
"exp3","exp3_132","Neg M M D_1",0,"negative",,"manner","manner","D","plank","1",,48.5526112645454,14.8439175778561,TRUE,
"exp3","exp3_014","Aff C 0 A_1",0,"affirmative",,"conflated","no_motion","A","leaf","1",,48.5114794287253,14.8439175778561,TRUE,
"exp3","exp3_040","Neg C C B_1",0,"negative",,"conflated","conflated","B","car","1",,48.0160168984046,14.8439175778561,TRUE,
"exp3","exp3_040","Aff P 0 E_1",0,"affirmative",,"path","no_motion","E","chair","1",,48.0160168984046,14.8439175778561,TRUE,
"exp3","exp3_111","Neg M P A_1",0,"negative",,"manner","path","A","leaf","1",,46.0246146264708,14.8439175778561,TRUE,
"exp3","exp3_090","Neg P C D_1",0,"negative",,"path","conflated","D","plank","1",,51.4266173269929,14.8439175778561,TRUE,
"exp3","exp3_028","Neg C P D_1",0,"negative",,"conflated","path","D","plank","1",,52.2232967867094,14.8439175778561,TRUE,
"exp3","exp3_028","Neg P C C_1",0,"negative",,"path","conflated","C","paper","1",,52.2232967867094,14.8439175778561,TRUE,
"exp3","exp3_014","Aff M 0 B_1",0,"affirmative",,"manner","no_motion","B","car","1",,48.5114794287253,14.8439175778561,TRUE,
"exp3","exp3_028","Neg P P C_1",0,"negative",,"path","path","C","paper","1",,52.2232967867094,14.8439175778561,TRUE,
"exp3","exp3_028","Aff P 0 B_1",0,"affirmative",,"path","no_motion","B","car","1",,52.2232967867094,14.8439175778561,TRUE,
"exp3","exp3_014","Neg C M E_1",0,"negative",,"conflated","manner","E","chair","1",,48.5114794287253,14.8439175778561,TRUE,
"exp3","exp3_014","Neg P M B_1",0,"negative",,"path","manner","B","car","1",,48.5114794287253,14.8439175778561,TRUE,
"exp3","exp3_034","Neg P P D_1",0,"negative",,"path","path","D","plank","1",,28.4285387978668,14.8439175778561,TRUE,
"exp3","exp3_028","Neg M P A_1",0,"negative",,"manner","path","A","leaf","1",,52.2232967867094,14.8439175778561,TRUE,
"exp3","exp3_034","Neg C P E_1",0,"negative",,"conflated","path","E","chair","1",,28.4285387978668,14.8439175778561,TRUE,
"exp3","exp3_056","Neg M C A_1",0,"negative",,"manner","conflated","A","leaf","1",,50.7817671885085,14.8439175778561,TRUE,
"exp3","exp3_064","Aff M 0 D_1",0,"affirmative",,"manner","no_motion","D","plank","1",,47.6721759901556,14.8439175778561,TRUE,
